작업순번,구분,주소시작,주소끝,슬롯,문자열,바이트,길이,색상,메모
1,제어,0x9680,0x9682,,,19 00 77,3,fce4d6,한글 재배치 기준 HL=9680→9683. 제어토큰 유지.
2,제어,0x9683,0x9684,,,15 00,2,fce4d6,한글 재배치 기준 HL=9683→9685. 제어토큰 유지.
3,제어,0x9685,0x9686,,,17 00,2,fce4d6,한글 재배치 기준 HL=9685→9687. 제어토큰 유지.
4,제어,0x9687,0x9692,,,14 00 01 00 11 22 33 44 55 66 77 80,12,fce4d6,한글 재배치 기준 HL=9687→9693. 제어토큰 유지.
5,제어,0x9693,0x9695,,,1A 00 04,3,fce4d6,한글 재배치 기준 HL=9693→9696. 제어토큰 유지.
6,제어,0x9696,0x9698,,,12 00 10,3,fce4d6,한글 재배치 기준 HL=9696→9699. 제어토큰 유지.
7,제어,0x9699,0x969A,,,16 00,2,fce4d6,한글 재배치 기준 HL=9699→969B. 제어토큰 유지.
8,문자,0x969B,0x969C,1,・,60 12,2,e2f0d9,PC-88 문장부호 토큰 반영. 일반/발화 변환 대상 아님.
9,문자,0x969D,0x969E,2,・,60 12,2,e2f0d9,PC-88 문장부호 토큰 반영. 일반/발화 변환 대상 아님.
10,제어,0x969F,0x96A3,,,12 00 23 21 00,5,fce4d6,한글 재배치 기준 HL=969F→96A4. 제어토큰 유지.
11,문자,0x96A4,0x96A5,3,・,60 12,2,e2f0d9,PC-88 문장부호 토큰 반영. 일반/발화 변환 대상 아님.
12,문자,0x96A6,0x96A7,4,누,C8 25,2,e2f0d9,"연녹색 일반 문자행: 같은 glyph base 유지, 첫 바이트 OR 08h로 일반 문자 토큰 반영."
13,문자,0x96A8,0x96A9,5,가,A8 17,2,e2f0d9,"연녹색 일반 문자행: 같은 glyph base 유지, 첫 바이트 OR 08h로 일반 문자 토큰 반영."
14,문자,0x96AA,0x96AB,6,␠,18 12,2,e2f0d9,전각 공백 토큰 18 12 반영. 일반/발화 변환 대상 아님.
15,문자,0x96AC,0x96AD,7,있,F8 DE,2,e2f0d9,"연녹색 일반 문자행: 같은 glyph base 유지, 첫 바이트 OR 08h로 일반 문자 토큰 반영."
16,문자,0x96AE,0x96AF,8,어,08 70,2,e2f0d9,"연녹색 일반 문자행: 같은 glyph base 유지, 첫 바이트 OR 08h로 일반 문자 토큰 반영."
17,문자,0x96B0,0x96B1,9,・,60 12,2,e2f0d9,PC-88 문장부호 토큰 반영. 일반/발화 변환 대상 아님.
18,문자,0x96B2,0x96B3,10,・,60 12,2,e2f0d9,PC-88 문장부호 토큰 반영. 일반/발화 변환 대상 아님.
19,제어,0x96B4,0x96B8,,,12 00 23 21 00,5,fce4d6,한글 재배치 기준 HL=96B4→96B9. 제어토큰 유지.
20,문자,0x96B9,0x96BA,11,・,60 12,2,e2f0d9,PC-88 문장부호 토큰 반영. 일반/발화 변환 대상 아님.
21,제어,0x96BB,0x96BF,,,12 00 23 21 00,5,fce4d6,한글 재배치 기준 HL=96BB→96C0. 제어토큰 유지.
22,문자,0x96C0,0x96C1,12,␠,18 12,2,e2f0d9,전각 공백 토큰 18 12 반영. 일반/발화 변환 대상 아님.
23,문자,0x96C2,0x96C3,13,가,A8 17,2,e2f0d9,"연녹색 일반 문자행: 같은 glyph base 유지, 첫 바이트 OR 08h로 일반 문자 토큰 반영."
24,문자,0x96C4,0x96C5,14,까,F8 21,2,e2f0d9,"연녹색 일반 문자행: 같은 glyph base 유지, 첫 바이트 OR 08h로 일반 문자 토큰 반영."
25,문자,0x96C6,0x96C7,15,이,98 DE,2,e2f0d9,"연녹색 일반 문자행: 같은 glyph base 유지, 첫 바이트 OR 08h로 일반 문자 토큰 반영."
26,문자,0x96C8,0x96C9,16,・,60 12,2,e2f0d9,PC-88 문장부호 토큰 반영. 일반/발화 변환 대상 아님.
27,문자,0x96CA,0x96CB,17,・,60 12,2,e2f0d9,PC-88 문장부호 토큰 반영. 일반/발화 변환 대상 아님.
28,문자,0x96CC,0x96CD,18,・,60 12,2,e2f0d9,PC-88 문장부호 토큰 반영. 일반/발화 변환 대상 아님.
29,제어,0x96CE,0x96D2,,,12 00 23 21 00,5,fce4d6,한글 재배치 기준 HL=96CE→96D3. 제어토큰 유지.
30,문자,0x96D3,0x96D4,19,␠,18 12,2,e2f0d9,전각 공백 토큰 18 12 반영. 일반/발화 변환 대상 아님.
31,문자,0x96D5,0x96D6,20,어,08 70,2,e2f0d9,"연녹색 일반 문자행: 같은 glyph base 유지, 첫 바이트 OR 08h로 일반 문자 토큰 반영."
32,문자,0x96D7,0x96D8,21,디,28 30,2,e2f0d9,"연녹색 일반 문자행: 같은 glyph base 유지, 첫 바이트 OR 08h로 일반 문자 토큰 반영."
33,문자,0x96D9,0x96DA,22,지,18 E0,2,e2f0d9,"연녹색 일반 문자행: 같은 glyph base 유지, 첫 바이트 OR 08h로 일반 문자 토큰 반영."
34,문자,0x96DB,0x96DC,23,！,A0 12,2,e2f0d9,PC-88 문장부호 토큰 반영. 일반/발화 변환 대상 아님.
35,문자,0x96DD,0x96DE,24,？,90 12,2,e2f0d9,PC-88 문장부호 토큰 반영. 일반/발화 변환 대상 아님.
36,제어,0x96DF,0x96E3,,,12 00 23 24 00,5,fce4d6,한글 재배치 기준 HL=96DF→96E4. 제어토큰 유지.
37,문자,0x96E4,0x96E5,25,！,A0 12,2,e2f0d9,PC-88 문장부호 토큰 반영. 일반/발화 변환 대상 아님.
38,제어,0x96E6,0x96E8,,,19 00 67,3,fce4d6,한글 재배치 기준 HL=96E6→96E9. 제어토큰 유지.
39,제어,0x96E9,0x96EB,,,1B 00 80,3,fce4d6,한글 재배치 기준 HL=96E9→96EC. 제어토큰 유지.
40,제어,0x96EC,0x96ED,,,15 00,2,fce4d6,한글 재배치 기준 HL=96EC→96EE. 제어토큰 유지.
41,제어,0x96EE,0x96EF,,,16 00,2,fce4d6,한글 재배치 기준 HL=96EE→96F0. 제어토큰 유지.
42,제어,0x96F0,0x96F1,,,17 00,2,fce4d6,한글 재배치 기준 HL=96F0→96F2. 제어토큰 유지.
43,제어,0x96F2,0x96F4,,,1A 00 04,3,fce4d6,한글 재배치 기준 HL=96F2→96F5. 제어토큰 유지.
44,제어,0x96F5,0x96F6,,,16 00,2,fce4d6,한글 재배치 기준 HL=96F5→96F7. 제어토큰 유지.
45,제어,0x96F7,0x96F9,,,19 00 68,3,fce4d6,한글 재배치 기준 HL=96F7→96FA. 제어토큰 유지.
46,제어,0x96FA,0x96FD,,,13 00 02 78,4,fce4d6,한글 재배치 기준 HL=96FA→96FE. 제어토큰 유지.
47,문자,0x96FE,0x96FF,26,흐,08 E5,2,e2f0d9,"연녹색 일반 문자행: 같은 glyph base 유지, 첫 바이트 OR 08h로 일반 문자 토큰 반영."
48,문자,0x9700,0x9701,27,하,58 E3,2,e2f0d9,"연녹색 일반 문자행: 같은 glyph base 유지, 첫 바이트 OR 08h로 일반 문자 토큰 반영."
49,문자,0x9702,0x9703,28,하,58 E3,2,e2f0d9,"연녹색 일반 문자행: 같은 glyph base 유지, 첫 바이트 OR 08h로 일반 문자 토큰 반영."
50,문자,0x9704,0x9705,29,・,60 12,2,e2f0d9,PC-88 문장부호 토큰 반영. 일반/발화 변환 대상 아님.
51,문자,0x9706,0x9707,30,・,60 12,2,e2f0d9,PC-88 문장부호 토큰 반영. 일반/발화 변환 대상 아님.
52,문자,0x9708,0x9709,31,・,60 12,2,e2f0d9,PC-88 문장부호 토큰 반영. 일반/발화 변환 대상 아님.
53,문자,0x970A,0x970B,32,␠,18 12,2,e2f0d9,전각 공백 토큰 18 12 반영. 일반/발화 변환 대상 아님.
54,문자,0x970C,0x970D,33,네,98 25,2,e2f0d9,"연녹색 일반 문자행: 같은 glyph base 유지, 첫 바이트 OR 08h로 일반 문자 토큰 반영."
55,문자,0x970E,0x970F,34,가,A8 17,2,e2f0d9,"연녹색 일반 문자행: 같은 glyph base 유지, 첫 바이트 OR 08h로 일반 문자 토큰 반영."
56,문자,0x9710,0x9711,35,␠,18 12,2,e2f0d9,전각 공백 토큰 18 12 반영. 일반/발화 변환 대상 아님.
57,문자,0x9712,0x9713,36,새,38 3D,2,e2f0d9,"연녹색 일반 문자행: 같은 glyph base 유지, 첫 바이트 OR 08h로 일반 문자 토큰 반영."
58,문자,0x9714,0x9715,37,로,D8 31,2,e2f0d9,"연녹색 일반 문자행: 같은 glyph base 유지, 첫 바이트 OR 08h로 일반 문자 토큰 반영."
59,문자,0x9716,0x9717,38,운,F8 D1,2,e2f0d9,"연녹색 일반 문자행: 같은 glyph base 유지, 첫 바이트 OR 08h로 일반 문자 토큰 반영."
60,문자,0x9718,0x9719,39,␠,18 12,2,e2f0d9,전각 공백 토큰 18 12 반영. 일반/발화 변환 대상 아님.
61,문자,0x971A,0x971B,40,전,B8 DF,2,e2f0d9,"연녹색 일반 문자행: 같은 glyph base 유지, 첫 바이트 OR 08h로 일반 문자 토큰 반영."
62,문자,0x971C,0x971D,41,사,E8 3C,2,e2f0d9,"연녹색 일반 문자행: 같은 glyph base 유지, 첫 바이트 OR 08h로 일반 문자 토큰 반영."
63,문자,0x971E,0x971F,42,인,A8 DE,2,e2f0d9,"연녹색 일반 문자행: 같은 glyph base 유지, 첫 바이트 OR 08h로 일반 문자 토큰 반영."
64,문자,0x9720,0x9721,43,가,A8 17,2,e2f0d9,"연녹색 일반 문자행: 같은 glyph base 유지, 첫 바이트 OR 08h로 일반 문자 토큰 반영."
65,문자,0x9722,0x9723,44,？,90 12,2,e2f0d9,PC-88 문장부호 토큰 반영. 일반/발화 변환 대상 아님.
66,문자,0x9724,0x9725,45,␠,18 12,2,e2f0d9,전각 공백 토큰 18 12 반영. 일반/발화 변환 대상 아님.
67,문자,0x9726,0x9727,46,이,98 DE,2,e2f0d9,"연녹색 일반 문자행: 같은 glyph base 유지, 첫 바이트 OR 08h로 일반 문자 토큰 반영."
68,문자,0x9728,0x9729,47,름,68 34,2,e2f0d9,"연녹색 일반 문자행: 같은 glyph base 유지, 첫 바이트 OR 08h로 일반 문자 토큰 반영."
69,문자,0x972A,0x972B,48,을,58 DE,2,e2f0d9,"연녹색 일반 문자행: 같은 glyph base 유지, 첫 바이트 OR 08h로 일반 문자 토큰 반영."
70,문자,0x972C,0x972D,49,␠,18 12,2,e2f0d9,전각 공백 토큰 18 12 반영. 일반/발화 변환 대상 아님.
71,문자,0x972E,0x972F,50,밝,C8 39,2,e2f0d9,"연녹색 일반 문자행: 같은 glyph base 유지, 첫 바이트 OR 08h로 일반 문자 토큰 반영."
72,문자,0x9730,0x9731,51,히,68 E5,2,e2f0d9,"연녹색 일반 문자행: 같은 glyph base 유지, 첫 바이트 OR 08h로 일반 문자 토큰 반영."
73,문자,0x9732,0x9733,52,거,98 1D,2,e2f0d9,"연녹색 일반 문자행: 같은 glyph base 유지, 첫 바이트 OR 08h로 일반 문자 토큰 반영."
74,문자,0x9734,0x9735,53,라,F8 30,2,e2f0d9,"연녹색 일반 문자행: 같은 glyph base 유지, 첫 바이트 OR 08h로 일반 문자 토큰 반영."
75,문자,0x9736,0x9737,54,、,20 12,2,e2f0d9,PC-88 문장부호 토큰 반영. 일반/발화 변환 대상 아님.
76,문자,0x9738,0x9739,55,바,88 39,2,e2f0d9,"연녹색 일반 문자행: 같은 glyph base 유지, 첫 바이트 OR 08h로 일반 문자 토큰 반영."
77,문자,0x973A,0x973B,56,리,78 34,2,e2f0d9,"연녹색 일반 문자행: 같은 glyph base 유지, 첫 바이트 OR 08h로 일반 문자 토큰 반영."
78,문자,0x973C,0x973D,57,스,78 3F,2,e2f0d9,"연녹색 일반 문자행: 같은 glyph base 유지, 첫 바이트 OR 08h로 일반 문자 토큰 반영."
79,문자,0x973E,0x973F,58,의,88 DE,2,e2f0d9,"연녹색 일반 문자행: 같은 glyph base 유지, 첫 바이트 OR 08h로 일반 문자 토큰 반영."
80,문자,0x9740,0x9741,59,␠,18 12,2,e2f0d9,전각 공백 토큰 18 12 반영. 일반/발화 변환 대상 아님.
81,문자,0x9742,0x9743,60,전,B8 DF,2,e2f0d9,"연녹색 일반 문자행: 같은 glyph base 유지, 첫 바이트 OR 08h로 일반 문자 토큰 반영."
82,문자,0x9744,0x9745,61,사,E8 3C,2,e2f0d9,"연녹색 일반 문자행: 같은 glyph base 유지, 첫 바이트 OR 08h로 일반 문자 토큰 반영."
83,문자,0x9746,0x9747,62,여,58 9F,2,e2f0d9,"연녹색 일반 문자행: 같은 glyph base 유지, 첫 바이트 OR 08h로 일반 문자 토큰 반영."
84,문자,0x9748,0x9749,63,！,A0 12,2,e2f0d9,PC-88 문장부호 토큰 반영. 일반/발화 변환 대상 아님.
85,제어,0x974A,0x974C,,,19 00 78,3,fce4d6,한글 재배치 기준 HL=974A→974D. 제어토큰 유지.
86,제어,0x974D,0x974E,,,15 00,2,fce4d6,한글 재배치 기준 HL=974D→974F. 제어토큰 유지.
87,제어,0x974F,0x9750,,,17 00,2,fce4d6,한글 재배치 기준 HL=974F→9751. 제어토큰 유지.
88,제어,0x9751,0x9753,,,1A 00 04,3,fce4d6,한글 재배치 기준 HL=9751→9754. 제어토큰 유지.
89,제어,0x9754,0x9755,,,16 00,2,fce4d6,한글 재배치 기준 HL=9754→9756. 제어토큰 유지.
90,문자,0x9756,0x9757,64,너,50 25,2,e9ae2b,주황색 대화체 발화용 문자행: 패치 KANJI1 발화체 토큰 반영.
91,문자,0x9758,0x9759,65,、,20 12,2,e2f0d9,PC-88 문장부호 토큰 반영. 일반/발화 변환 대상 아님.
92,문자,0x975A,0x975B,66,넌,60 25,2,e9ae2b,주황색 대화체 발화용 문자행: 패치 KANJI1 발화체 토큰 반영.
93,문자,0x975C,0x975D,67,・,60 12,2,e2f0d9,PC-88 문장부호 토큰 반영. 일반/발화 변환 대상 아님.
94,문자,0x975E,0x975F,68,・,60 12,2,e2f0d9,PC-88 문장부호 토큰 반영. 일반/발화 변환 대상 아님.
95,문자,0x9760,0x9761,69,・,60 12,2,e2f0d9,PC-88 문장부호 토큰 반영. 일반/발화 변환 대상 아님.
96,문자,0x9762,0x9763,70,␠,18 12,2,e2f0d9,전각 공백 토큰 18 12 반영. 일반/발화 변환 대상 아님.
97,문자,0x9764,0x9765,71,누,C0 25,2,e9ae2b,주황색 대화체 발화용 문자행: 패치 KANJI1 발화체 토큰 반영.
98,문자,0x9766,0x9767,72,구,00 21,2,e9ae2b,주황색 대화체 발화용 문자행: 패치 KANJI1 발화체 토큰 반영.
99,문자,0x9768,0x9769,73,야,00 6C,2,e9ae2b,주황색 대화체 발화용 문자행: 패치 KANJI1 발화체 토큰 반영.
100,문자,0x976A,0x976B,74,！,A0 12,2,e2f0d9,PC-88 문장부호 토큰 반영. 일반/발화 변환 대상 아님.
101,문자,0x976C,0x976D,75,？,90 12,2,e2f0d9,PC-88 문장부호 토큰 반영. 일반/발화 변환 대상 아님.
102,제어,0x976E,0x9770,,,19 00 69,3,fce4d6,한글 재배치 기준 HL=976E→9771. 제어토큰 유지.
103,제어,0x9771,0x9772,,,15 00,2,fce4d6,한글 재배치 기준 HL=9771→9773. 제어토큰 유지.
104,제어,0x9773,0x9774,,,17 00,2,fce4d6,한글 재배치 기준 HL=9773→9775. 제어토큰 유지.
105,제어,0x9775,0x9777,,,1A 00 04,3,fce4d6,한글 재배치 기준 HL=9775→9778. 제어토큰 유지.
106,제어,0x9778,0x9779,,,16 00,2,fce4d6,한글 재배치 기준 HL=9778→977A. 제어토큰 유지.
107,문자,0x977A,0x977B,76,하,58 E3,2,e2f0d9,"연녹색 일반 문자행: 같은 glyph base 유지, 첫 바이트 OR 08h로 일반 문자 토큰 반영."
108,문자,0x977C,0x977D,77,하,58 E3,2,e2f0d9,"연녹색 일반 문자행: 같은 glyph base 유지, 첫 바이트 OR 08h로 일반 문자 토큰 반영."
109,문자,0x977E,0x977F,78,하,58 E3,2,e2f0d9,"연녹색 일반 문자행: 같은 glyph base 유지, 첫 바이트 OR 08h로 일반 문자 토큰 반영."
110,문자,0x9780,0x9781,79,、,20 12,2,e2f0d9,PC-88 문장부호 토큰 반영. 일반/발화 변환 대상 아님.
111,문자,0x9782,0x9783,80,왜,F8 C5,2,e2f0d9,"연녹색 일반 문자행: 같은 glyph base 유지, 첫 바이트 OR 08h로 일반 문자 토큰 반영."
112,문자,0x9784,0x9785,81,␠,18 12,2,e2f0d9,전각 공백 토큰 18 12 반영. 일반/발화 변환 대상 아님.
113,문자,0x9786,0x9787,82,그,58 21,2,e2f0d9,"연녹색 일반 문자행: 같은 glyph base 유지, 첫 바이트 OR 08h로 일반 문자 토큰 반영."
114,문자,0x9788,0x9789,83,러,48 31,2,e2f0d9,"연녹색 일반 문자행: 같은 glyph base 유지, 첫 바이트 OR 08h로 일반 문자 토큰 반영."
115,문자,0x978A,0x978B,84,느,D8 25,2,e2f0d9,"연녹색 일반 문자행: 같은 glyph base 유지, 첫 바이트 OR 08h로 일반 문자 토큰 반영."
116,문자,0x978C,0x978D,85,냐,38 25,2,e2f0d9,"연녹색 일반 문자행: 같은 glyph base 유지, 첫 바이트 OR 08h로 일반 문자 토큰 반영."
117,문자,0x978E,0x978F,86,？,90 12,2,e2f0d9,PC-88 문장부호 토큰 반영. 일반/발화 변환 대상 아님.
118,문자,0x9790,0x9791,87,␠,18 12,2,e2f0d9,전각 공백 토큰 18 12 반영. 일반/발화 변환 대상 아님.
119,문자,0x9792,0x9793,88,목,B8 35,2,e2f0d9,"연녹색 일반 문자행: 같은 glyph base 유지, 첫 바이트 OR 08h로 일반 문자 토큰 반영."
120,문자,0x9794,0x9795,89,소,D8 3D,2,e2f0d9,"연녹색 일반 문자행: 같은 glyph base 유지, 첫 바이트 OR 08h로 일반 문자 토큰 반영."
121,문자,0x9796,0x9797,90,리,78 34,2,e2f0d9,"연녹색 일반 문자행: 같은 glyph base 유지, 첫 바이트 OR 08h로 일반 문자 토큰 반영."
122,문자,0x9798,0x9799,91,가,A8 17,2,e2f0d9,"연녹색 일반 문자행: 같은 glyph base 유지, 첫 바이트 OR 08h로 일반 문자 토큰 반영."
123,문자,0x979A,0x979B,92,␠,18 12,2,e2f0d9,전각 공백 토큰 18 12 반영. 일반/발화 변환 대상 아님.
124,문자,0x979C,0x979D,93,떨,A8 30,2,e2f0d9,"연녹색 일반 문자행: 같은 glyph base 유지, 첫 바이트 OR 08h로 일반 문자 토큰 반영."
125,문자,0x979E,0x979F,94,리,78 34,2,e2f0d9,"연녹색 일반 문자행: 같은 glyph base 유지, 첫 바이트 OR 08h로 일반 문자 토큰 반영."
126,문자,0x97A0,0x97A1,95,는,E8 25,2,e2f0d9,"연녹색 일반 문자행: 같은 glyph base 유지, 첫 바이트 OR 08h로 일반 문자 토큰 반영."
127,문자,0x97A2,0x97A3,96,구,08 21,2,e2f0d9,"연녹색 일반 문자행: 같은 glyph base 유지, 첫 바이트 OR 08h로 일반 문자 토큰 반영."
128,문자,0x97A4,0x97A5,97,나,B8 24,2,e2f0d9,"연녹색 일반 문자행: 같은 glyph base 유지, 첫 바이트 OR 08h로 일반 문자 토큰 반영."
129,문자,0x97A6,0x97A7,98,。,30 12,2,e2f0d9,PC-88 문장부호 토큰 반영. 일반/발화 변환 대상 아님.
130,문자,0x97A8,0x97A9,99,바,88 39,2,e2f0d9,"연녹색 일반 문자행: 같은 glyph base 유지, 첫 바이트 OR 08h로 일반 문자 토큰 반영."
131,문자,0x97AA,0x97AB,100,리,78 34,2,e2f0d9,"연녹색 일반 문자행: 같은 glyph base 유지, 첫 바이트 OR 08h로 일반 문자 토큰 반영."
132,문자,0x97AC,0x97AD,101,아,08 56,2,e2f0d9,"연녹색 일반 문자행: 같은 glyph base 유지, 첫 바이트 OR 08h로 일반 문자 토큰 반영."
133,문자,0x97AE,0x97AF,102,에,48 9F,2,e2f0d9,"연녹색 일반 문자행: 같은 glyph base 유지, 첫 바이트 OR 08h로 일반 문자 토큰 반영."
134,문자,0x97B0,0x97B1,103,게,08 20,2,e2f0d9,"연녹색 일반 문자행: 같은 glyph base 유지, 첫 바이트 OR 08h로 일반 문자 토큰 반영."
135,문자,0x97B2,0x97B3,104,␠,18 12,2,e2f0d9,전각 공백 토큰 18 12 반영. 일반/발화 변환 대상 아님.
136,문자,0x97B4,0x97B5,105,이,98 DE,2,e2f0d9,"연녹색 일반 문자행: 같은 glyph base 유지, 첫 바이트 OR 08h로 일반 문자 토큰 반영."
137,문자,0x97B6,0x97B7,106,미,58 39,2,e2f0d9,"연녹색 일반 문자행: 같은 glyph base 유지, 첫 바이트 OR 08h로 일반 문자 토큰 반영."
138,문자,0x97B8,0x97B9,107,␠,18 12,2,e2f0d9,전각 공백 토큰 18 12 반영. 일반/발화 변환 대상 아님.
139,문자,0x97BA,0x97BB,108,들,18 30,2,e2f0d9,"연녹색 일반 문자행: 같은 glyph base 유지, 첫 바이트 OR 08h로 일반 문자 토큰 반영."
140,문자,0x97BC,0x97BD,109,었,08 7E,2,e2f0d9,"연녹색 일반 문자행: 같은 glyph base 유지, 첫 바이트 OR 08h로 일반 문자 토큰 반영."
141,문자,0x97BE,0x97BF,110,을,58 DE,2,e2f0d9,"연녹색 일반 문자행: 같은 glyph base 유지, 첫 바이트 OR 08h로 일반 문자 토큰 반영."
142,문자,0x97C0,0x97C1,111,␠,18 12,2,e2f0d9,전각 공백 토큰 18 12 반영. 일반/발화 변환 대상 아님.
143,문자,0x97C2,0x97C3,112,터,58 E2,2,e2f0d9,"연녹색 일반 문자행: 같은 glyph base 유지, 첫 바이트 OR 08h로 일반 문자 토큰 반영."
144,문자,0x97C4,0x97C5,113,・,60 12,2,e2f0d9,PC-88 문장부호 토큰 반영. 일반/발화 변환 대상 아님.
145,문자,0x97C6,0x97C7,114,・,60 12,2,e2f0d9,PC-88 문장부호 토큰 반영. 일반/발화 변환 대상 아님.
146,문자,0x97C8,0x97C9,115,・,60 12,2,e2f0d9,PC-88 문장부호 토큰 반영. 일반/발화 변환 대상 아님.
147,문자,0x97CA,0x97CB,116,␠,18 12,2,e2f0d9,전각 공백 토큰 18 12 반영. 일반/발화 변환 대상 아님.
148,문자,0x97CC,0x97CD,117,이,98 DE,2,e2f0d9,"연녹색 일반 문자행: 같은 glyph base 유지, 첫 바이트 OR 08h로 일반 문자 토큰 반영."
149,문자,0x97CE,0x97CF,118,␠,18 12,2,e2f0d9,전각 공백 토큰 18 12 반영. 일반/발화 변환 대상 아님.
150,문자,0x97D0,0x97D1,119,몸,D8 35,2,e2f0d9,"연녹색 일반 문자행: 같은 glyph base 유지, 첫 바이트 OR 08h로 일반 문자 토큰 반영."
151,문자,0x97D2,0x97D3,120,은,48 DE,2,e2f0d9,"연녹색 일반 문자행: 같은 glyph base 유지, 첫 바이트 OR 08h로 일반 문자 토큰 반영."
152,문자,0x97D4,0x97D5,121,␠,18 12,2,e2f0d9,전각 공백 토큰 18 12 반영. 일반/발화 변환 대상 아님.
153,문자,0x97D6,0x97D7,122,베,98 3B,2,e2f0d9,"연녹색 일반 문자행: 같은 glyph base 유지, 첫 바이트 OR 08h로 일반 문자 토큰 반영."
154,문자,0x97D8,0x97D9,123,칸,D8 E1,2,e2f0d9,"연녹색 일반 문자행: 같은 glyph base 유지, 첫 바이트 OR 08h로 일반 문자 토큰 반영."
155,문자,0x97DA,0x97DB,124,티,D8 E2,2,e2f0d9,"연녹색 일반 문자행: 같은 glyph base 유지, 첫 바이트 OR 08h로 일반 문자 토큰 반영."
156,문자,0x97DC,0x97DD,125,의,88 DE,2,e2f0d9,"연녹색 일반 문자행: 같은 glyph base 유지, 첫 바이트 OR 08h로 일반 문자 토큰 반영."
157,문자,0x97DE,0x97DF,126,␠,18 12,2,e2f0d9,전각 공백 토큰 18 12 반영. 일반/발화 변환 대상 아님.
158,문자,0x97E0,0x97E1,127,군,28 21,2,e2f0d9,"연녹색 일반 문자행: 같은 glyph base 유지, 첫 바이트 OR 08h로 일반 문자 토큰 반영."
159,문자,0x97E2,0x97E3,128,주,F8 F5,2,e2f0d9,"연녹색 일반 문자행: 같은 glyph base 유지, 첫 바이트 OR 08h로 일반 문자 토큰 반영."
160,문자,0x97E4,0x97E5,129,이,98 DE,2,e2f0d9,"연녹색 일반 문자행: 같은 glyph base 유지, 첫 바이트 OR 08h로 일반 문자 토큰 반영."
161,문자,0x97E6,0x97E7,130,자,08 DF,2,e2f0d9,"연녹색 일반 문자행: 같은 glyph base 유지, 첫 바이트 OR 08h로 일반 문자 토큰 반영."
162,문자,0x97E8,0x97E9,131,、,20 12,2,e2f0d9,PC-88 문장부호 토큰 반영. 일반/발화 변환 대상 아님.
163,문자,0x97EA,0x97EB,132,삼,18 3D,2,e2f0d9,"연녹색 일반 문자행: 같은 glyph base 유지, 첫 바이트 OR 08h로 일반 문자 토큰 반영."
164,문자,0x97EC,0x97ED,133,계,78 20,2,e2f0d9,"연녹색 일반 문자행: 같은 glyph base 유지, 첫 바이트 OR 08h로 일반 문자 토큰 반영."
165,문자,0x97EE,0x97EF,134,의,88 DE,2,e2f0d9,"연녹색 일반 문자행: 같은 glyph base 유지, 첫 바이트 OR 08h로 일반 문자 토큰 반영."
166,문자,0x97F0,0x97F1,135,␠,18 12,2,e2f0d9,전각 공백 토큰 18 12 반영. 일반/발화 변환 대상 아님.
167,문자,0x97F2,0x97F3,136,지,18 E0,2,e2f0d9,"연녹색 일반 문자행: 같은 glyph base 유지, 첫 바이트 OR 08h로 일반 문자 토큰 반영."
168,문자,0x97F4,0x97F5,137,배,E8 39,2,e2f0d9,"연녹색 일반 문자행: 같은 glyph base 유지, 첫 바이트 OR 08h로 일반 문자 토큰 반영."
169,문자,0x97F6,0x97F7,138,자,08 DF,2,e2f0d9,"연녹색 일반 문자행: 같은 glyph base 유지, 첫 바이트 OR 08h로 일반 문자 토큰 반영."
170,문자,0x97F8,0x97F9,139,␠,18 12,2,e2f0d9,전각 공백 토큰 18 12 반영. 일반/발화 변환 대상 아님.
171,문자,0x97FA,0x97FB,140,로,D8 31,2,e2f0d9,"연녹색 일반 문자행: 같은 glyph base 유지, 첫 바이트 OR 08h로 일반 문자 토큰 반영."
172,문자,0x97FC,0x97FD,141,그,58 21,2,e2f0d9,"연녹색 일반 문자행: 같은 glyph base 유지, 첫 바이트 OR 08h로 일반 문자 토큰 반영."
173,문자,0x97FE,0x97FF,142,레,A8 31,2,e2f0d9,"연녹색 일반 문자행: 같은 glyph base 유지, 첫 바이트 OR 08h로 일반 문자 토큰 반영."
174,문자,0x9800,0x9801,143,스,78 3F,2,e2f0d9,"연녹색 일반 문자행: 같은 glyph base 유지, 첫 바이트 OR 08h로 일반 문자 토큰 반영."
175,문자,0x9802,0x9803,144,다,C8 27,2,e2f0d9,"연녹색 일반 문자행: 같은 glyph base 유지, 첫 바이트 OR 08h로 일반 문자 토큰 반영."
176,문자,0x9804,0x9805,145,。,30 12,2,e2f0d9,PC-88 문장부호 토큰 반영. 일반/발화 변환 대상 아님.
177,제어,0x9806,0x9807,,,15 00,2,fce4d6,한글 재배치 기준 HL=9806→9808. 제어토큰 유지.
178,제어,0x9808,0x980A,,,19 00 68,3,fce4d6,한글 재배치 기준 HL=9808→980B. 제어토큰 유지.
179,제어,0x980B,0x980D,,,1A 00 03,3,fce4d6,한글 재배치 기준 HL=980B→980E. 제어토큰 유지.
180,제어,0x980E,0x9810,,,19 00 69,3,fce4d6,한글 재배치 기준 HL=980E→9811. 제어토큰 유지.
181,문자,0x9811,0x9812,146,훌,D8 E4,2,e2f0d9,"연녹색 일반 문자행: 같은 glyph base 유지, 첫 바이트 OR 08h로 일반 문자 토큰 반영."
182,문자,0x9813,0x9814,147,륭,28 34,2,e2f0d9,"연녹색 일반 문자행: 같은 glyph base 유지, 첫 바이트 OR 08h로 일반 문자 토큰 반영."
183,문자,0x9815,0x9816,148,한,78 E3,2,e2f0d9,"연녹색 일반 문자행: 같은 glyph base 유지, 첫 바이트 OR 08h로 일반 문자 토큰 반영."
184,문자,0x9817,0x9818,149,␠,18 12,2,e2f0d9,전각 공백 토큰 18 12 반영. 일반/발화 변환 대상 아님.
185,문자,0x9819,0x981A,150,솜,28 3F,2,e2f0d9,"연녹색 일반 문자행: 같은 glyph base 유지, 첫 바이트 OR 08h로 일반 문자 토큰 반영."
186,문자,0x981B,0x981C,151,씨,08 50,2,e2f0d9,"연녹색 일반 문자행: 같은 glyph base 유지, 첫 바이트 OR 08h로 일반 문자 토큰 반영."
187,문자,0x981D,0x981E,152,였,88 9F,2,e2f0d9,"연녹색 일반 문자행: 같은 glyph base 유지, 첫 바이트 OR 08h로 일반 문자 토큰 반영."
188,문자,0x981F,0x9820,153,다,C8 27,2,e2f0d9,"연녹색 일반 문자행: 같은 glyph base 유지, 첫 바이트 OR 08h로 일반 문자 토큰 반영."
189,문자,0x9821,0x9822,154,、,20 12,2,e2f0d9,PC-88 문장부호 토큰 반영. 일반/발화 변환 대상 아님.
190,문자,0x9823,0x9824,155,우,F8 CD,2,e2f0d9,"연녹색 일반 문자행: 같은 glyph base 유지, 첫 바이트 OR 08h로 일반 문자 토큰 반영."
191,문자,0x9825,0x9826,156,선,78 3D,2,e2f0d9,"연녹색 일반 문자행: 같은 glyph base 유지, 첫 바이트 OR 08h로 일반 문자 토큰 반영."
192,문자,0x9827,0x9828,157,␠,18 12,2,e2f0d9,전각 공백 토큰 18 12 반영. 일반/발화 변환 대상 아님.
193,문자,0x9829,0x982A,158,칭,C8 E1,2,e2f0d9,"연녹색 일반 문자행: 같은 glyph base 유지, 첫 바이트 OR 08h로 일반 문자 토큰 반영."
194,문자,0x982B,0x982C,159,찬,B8 E0,2,e2f0d9,"연녹색 일반 문자행: 같은 glyph base 유지, 첫 바이트 OR 08h로 일반 문자 토큰 반영."
195,문자,0x982D,0x982E,160,해,B8 E3,2,e2f0d9,"연녹색 일반 문자행: 같은 glyph base 유지, 첫 바이트 OR 08h로 일반 문자 토큰 반영."
196,문자,0x982F,0x9830,161,주,F8 F5,2,e2f0d9,"연녹색 일반 문자행: 같은 glyph base 유지, 첫 바이트 OR 08h로 일반 문자 토큰 반영."
197,문자,0x9831,0x9832,162,마,B8 34,2,e2f0d9,"연녹색 일반 문자행: 같은 glyph base 유지, 첫 바이트 OR 08h로 일반 문자 토큰 반영."
198,문자,0x9833,0x9834,163,・,60 12,2,e2f0d9,PC-88 문장부호 토큰 반영. 일반/발화 변환 대상 아님.
199,문자,0x9835,0x9836,164,・,60 12,2,e2f0d9,PC-88 문장부호 토큰 반영. 일반/발화 변환 대상 아님.
200,문자,0x9837,0x9838,165,・,60 12,2,e2f0d9,PC-88 문장부호 토큰 반영. 일반/발화 변환 대상 아님.
201,문자,0x9839,0x983A,166,␠,18 12,2,e2f0d9,전각 공백 토큰 18 12 반영. 일반/발화 변환 대상 아님.
202,문자,0x983B,0x983C,167,용,F8 CB,2,e2f0d9,"연녹색 일반 문자행: 같은 glyph base 유지, 첫 바이트 OR 08h로 일반 문자 토큰 반영."
203,문자,0x983D,0x983E,168,케,08 E2,2,e2f0d9,"연녹색 일반 문자행: 같은 glyph base 유지, 첫 바이트 OR 08h로 일반 문자 토큰 반영."
204,문자,0x983F,0x9840,169,도,28 2E,2,e2f0d9,"연녹색 일반 문자행: 같은 glyph base 유지, 첫 바이트 OR 08h로 일반 문자 토큰 반영."
205,문자,0x9841,0x9842,170,␠,18 12,2,e2f0d9,전각 공백 토큰 18 12 반영. 일반/발화 변환 대상 아님.
206,문자,0x9843,0x9844,171,베,98 3B,2,e2f0d9,"연녹색 일반 문자행: 같은 glyph base 유지, 첫 바이트 OR 08h로 일반 문자 토큰 반영."
207,문자,0x9845,0x9846,172,칸,D8 E1,2,e2f0d9,"연녹색 일반 문자행: 같은 glyph base 유지, 첫 바이트 OR 08h로 일반 문자 토큰 반영."
208,문자,0x9847,0x9848,173,티,D8 E2,2,e2f0d9,"연녹색 일반 문자행: 같은 glyph base 유지, 첫 바이트 OR 08h로 일반 문자 토큰 반영."
209,문자,0x9849,0x984A,174,까,F8 21,2,e2f0d9,"연녹색 일반 문자행: 같은 glyph base 유지, 첫 바이트 OR 08h로 일반 문자 토큰 반영."
210,문자,0x984B,0x984C,175,지,18 E0,2,e2f0d9,"연녹색 일반 문자행: 같은 glyph base 유지, 첫 바이트 OR 08h로 일반 문자 토큰 반영."
211,문자,0x984D,0x984E,176,␠,18 12,2,e2f0d9,전각 공백 토큰 18 12 반영. 일반/발화 변환 대상 아님.
212,문자,0x984F,0x9850,177,잘,48 DF,2,e2f0d9,"연녹색 일반 문자행: 같은 glyph base 유지, 첫 바이트 OR 08h로 일반 문자 토큰 반영."
213,문자,0x9851,0x9852,178,␠,18 12,2,e2f0d9,전각 공백 토큰 18 12 반영. 일반/발화 변환 대상 아님.
214,문자,0x9853,0x9854,179,도,28 2E,2,e2f0d9,"연녹색 일반 문자행: 같은 glyph base 유지, 첫 바이트 OR 08h로 일반 문자 토큰 반영."
215,문자,0x9855,0x9856,180,달,F8 27,2,e2f0d9,"연녹색 일반 문자행: 같은 glyph base 유지, 첫 바이트 OR 08h로 일반 문자 토큰 반영."
216,문자,0x9857,0x9858,181,했,C8 E3,2,e2f0d9,"연녹색 일반 문자행: 같은 glyph base 유지, 첫 바이트 OR 08h로 일반 문자 토큰 반영."
217,문자,0x9859,0x985A,182,구,08 21,2,e2f0d9,"연녹색 일반 문자행: 같은 glyph base 유지, 첫 바이트 OR 08h로 일반 문자 토큰 반영."
218,문자,0x985B,0x985C,183,나,B8 24,2,e2f0d9,"연녹색 일반 문자행: 같은 glyph base 유지, 첫 바이트 OR 08h로 일반 문자 토큰 반영."
219,문자,0x985D,0x985E,184,。,30 12,2,e2f0d9,PC-88 문장부호 토큰 반영. 일반/발화 변환 대상 아님.
220,제어,0x985F,0x9860,,,15 00,2,fce4d6,한글 재배치 기준 HL=985F→9861. 제어토큰 유지.
221,문자,0x9861,0x9862,185,간,C8 17,2,e2f0d9,"연녹색 일반 문자행: 같은 glyph base 유지, 첫 바이트 OR 08h로 일반 문자 토큰 반영."
222,문자,0x9863,0x9864,186,만,D8 34,2,e2f0d9,"연녹색 일반 문자행: 같은 glyph base 유지, 첫 바이트 OR 08h로 일반 문자 토큰 반영."
223,문자,0x9865,0x9866,187,에,48 9F,2,e2f0d9,"연녹색 일반 문자행: 같은 glyph base 유지, 첫 바이트 OR 08h로 일반 문자 토큰 반영."
224,문자,0x9867,0x9868,188,␠,18 12,2,e2f0d9,전각 공백 토큰 18 12 반영. 일반/발화 변환 대상 아님.
225,문자,0x9869,0x986A,189,즐,F8 FF,2,e2f0d9,"연녹색 일반 문자행: 같은 glyph base 유지, 첫 바이트 OR 08h로 일반 문자 토큰 반영."
226,문자,0x986B,0x986C,190,거,98 1D,2,e2f0d9,"연녹색 일반 문자행: 같은 glyph base 유지, 첫 바이트 OR 08h로 일반 문자 토큰 반영."
227,문자,0x986D,0x986E,191,운,F8 D1,2,e2f0d9,"연녹색 일반 문자행: 같은 glyph base 유지, 첫 바이트 OR 08h로 일반 문자 토큰 반영."
228,문자,0x986F,0x9870,192,␠,18 12,2,e2f0d9,전각 공백 토큰 18 12 반영. 일반/발화 변환 대상 아님.
229,문자,0x9871,0x9872,193,구,08 21,2,e2f0d9,"연녹색 일반 문자행: 같은 glyph base 유지, 첫 바이트 OR 08h로 일반 문자 토큰 반영."
230,문자,0x9873,0x9874,194,경,68 20,2,e2f0d9,"연녹색 일반 문자행: 같은 glyph base 유지, 첫 바이트 OR 08h로 일반 문자 토큰 반영."
231,문자,0x9875,0x9876,195,거,98 1D,2,e2f0d9,"연녹색 일반 문자행: 같은 glyph base 유지, 첫 바이트 OR 08h로 일반 문자 토큰 반영."
232,문자,0x9877,0x9878,196,리,78 34,2,e2f0d9,"연녹색 일반 문자행: 같은 glyph base 유지, 첫 바이트 OR 08h로 일반 문자 토큰 반영."
233,문자,0x9879,0x987A,197,였,88 9F,2,e2f0d9,"연녹색 일반 문자행: 같은 glyph base 유지, 첫 바이트 OR 08h로 일반 문자 토큰 반영."
234,문자,0x987B,0x987C,198,지,18 E0,2,e2f0d9,"연녹색 일반 문자행: 같은 glyph base 유지, 첫 바이트 OR 08h로 일반 문자 토큰 반영."
235,문자,0x987D,0x987E,199,만,D8 34,2,e2f0d9,"연녹색 일반 문자행: 같은 glyph base 유지, 첫 바이트 OR 08h로 일반 문자 토큰 반영."
236,문자,0x987F,0x9880,200,・,60 12,2,e2f0d9,PC-88 문장부호 토큰 반영. 일반/발화 변환 대상 아님.
237,문자,0x9881,0x9882,201,・,60 12,2,e2f0d9,PC-88 문장부호 토큰 반영. 일반/발화 변환 대상 아님.
238,문자,0x9883,0x9884,202,・,60 12,2,e2f0d9,PC-88 문장부호 토큰 반영. 일반/발화 변환 대상 아님.
239,제어,0x9885,0x9887,,,1A 00 04,3,fce4d6,한글 재배치 기준 HL=9885→9888. 제어토큰 유지.
240,제어,0x9888,0x9889,,,15 00,2,fce4d6,한글 재배치 기준 HL=9888→988A. 제어토큰 유지.
241,문자,0x988A,0x988B,203,그,58 21,2,e2f0d9,"연녹색 일반 문자행: 같은 glyph base 유지, 첫 바이트 OR 08h로 일반 문자 토큰 반영."
242,문자,0x988C,0x988D,204,것,F8 1D,2,e2f0d9,"연녹색 일반 문자행: 같은 glyph base 유지, 첫 바이트 OR 08h로 일반 문자 토큰 반영."
243,문자,0x988E,0x988F,205,도,28 2E,2,e2f0d9,"연녹색 일반 문자행: 같은 glyph base 유지, 첫 바이트 OR 08h로 일반 문자 토큰 반영."
244,문자,0x9890,0x9891,206,␠,18 12,2,e2f0d9,전각 공백 토큰 18 12 반영. 일반/발화 변환 대상 아님.
245,문자,0x9892,0x9893,207,여,58 9F,2,e2f0d9,"연녹색 일반 문자행: 같은 glyph base 유지, 첫 바이트 OR 08h로 일반 문자 토큰 반영."
246,문자,0x9894,0x9895,208,기,B8 21,2,e2f0d9,"연녹색 일반 문자행: 같은 glyph base 유지, 첫 바이트 OR 08h로 일반 문자 토큰 반영."
247,문자,0x9896,0x9897,209,까,F8 21,2,e2f0d9,"연녹색 일반 문자행: 같은 glyph base 유지, 첫 바이트 OR 08h로 일반 문자 토큰 반영."
248,문자,0x9898,0x9899,210,지,18 E0,2,e2f0d9,"연녹색 일반 문자행: 같은 glyph base 유지, 첫 바이트 OR 08h로 일반 문자 토큰 반영."
249,문자,0x989A,0x989B,211,다,C8 27,2,e2f0d9,"연녹색 일반 문자행: 같은 glyph base 유지, 첫 바이트 OR 08h로 일반 문자 토큰 반영."
250,문자,0x989C,0x989D,212,！,A0 12,2,e2f0d9,PC-88 문장부호 토큰 반영. 일반/발화 변환 대상 아님.
251,문자,0x989E,0x989F,213,␠,18 12,2,e2f0d9,전각 공백 토큰 18 12 반영. 일반/발화 변환 대상 아님.
252,문자,0x98A0,0x98A1,214,나,B8 24,2,e2f0d9,"연녹색 일반 문자행: 같은 glyph base 유지, 첫 바이트 OR 08h로 일반 문자 토큰 반영."
253,문자,0x98A2,0x98A3,215,를,58 34,2,e2f0d9,"연녹색 일반 문자행: 같은 glyph base 유지, 첫 바이트 OR 08h로 일반 문자 토큰 반영."
254,문자,0x98A4,0x98A5,216,␠,18 12,2,e2f0d9,전각 공백 토큰 18 12 반영. 일반/발화 변환 대상 아님.
255,문자,0x98A6,0x98A7,217,방,D8 39,2,e2f0d9,"연녹색 일반 문자행: 같은 glyph base 유지, 첫 바이트 OR 08h로 일반 문자 토큰 반영."
256,문자,0x98A8,0x98A9,218,해,B8 E3,2,e2f0d9,"연녹색 일반 문자행: 같은 glyph base 유지, 첫 바이트 OR 08h로 일반 문자 토큰 반영."
257,문자,0x98AA,0x98AB,219,하,58 E3,2,e2f0d9,"연녹색 일반 문자행: 같은 glyph base 유지, 첫 바이트 OR 08h로 일반 문자 토큰 반영."
258,문자,0x98AC,0x98AD,220,는,E8 25,2,e2f0d9,"연녹색 일반 문자행: 같은 glyph base 유지, 첫 바이트 OR 08h로 일반 문자 토큰 반영."
259,문자,0x98AE,0x98AF,221,␠,18 12,2,e2f0d9,전각 공백 토큰 18 12 반영. 일반/발화 변환 대상 아님.
260,문자,0x98B0,0x98B1,222,자,08 DF,2,e2f0d9,"연녹색 일반 문자행: 같은 glyph base 유지, 첫 바이트 OR 08h로 일반 문자 토큰 반영."
261,문자,0x98B2,0x98B3,223,는,E8 25,2,e2f0d9,"연녹색 일반 문자행: 같은 glyph base 유지, 첫 바이트 OR 08h로 일반 문자 토큰 반영."
262,문자,0x98B4,0x98B5,224,␠,18 12,2,e2f0d9,전각 공백 토큰 18 12 반영. 일반/발화 변환 대상 아님.
263,문자,0x98B6,0x98B7,225,그,58 21,2,e2f0d9,"연녹색 일반 문자행: 같은 glyph base 유지, 첫 바이트 OR 08h로 일반 문자 토큰 반영."
264,문자,0x98B8,0x98B9,226,␠,18 12,2,e2f0d9,전각 공백 토큰 18 12 반영. 일반/발화 변환 대상 아님.
265,문자,0x98BA,0x98BB,227,누,C8 25,2,e2f0d9,"연녹색 일반 문자행: 같은 glyph base 유지, 첫 바이트 OR 08h로 일반 문자 토큰 반영."
266,문자,0x98BC,0x98BD,228,구,08 21,2,e2f0d9,"연녹색 일반 문자행: 같은 glyph base 유지, 첫 바이트 OR 08h로 일반 문자 토큰 반영."
267,문자,0x98BE,0x98BF,229,라,F8 30,2,e2f0d9,"연녹색 일반 문자행: 같은 glyph base 유지, 첫 바이트 OR 08h로 일반 문자 토큰 반영."
268,문자,0x98C0,0x98C1,230,도,28 2E,2,e2f0d9,"연녹색 일반 문자행: 같은 glyph base 유지, 첫 바이트 OR 08h로 일반 문자 토큰 반영."
269,문자,0x98C2,0x98C3,231,␠,18 12,2,e2f0d9,전각 공백 토큰 18 12 반영. 일반/발화 변환 대상 아님.
270,문자,0x98C4,0x98C5,232,결,48 20,2,e2f0d9,"연녹색 일반 문자행: 같은 glyph base 유지, 첫 바이트 OR 08h로 일반 문자 토큰 반영."
271,문자,0x98C6,0x98C7,233,코,18 E2,2,e2f0d9,"연녹색 일반 문자행: 같은 glyph base 유지, 첫 바이트 OR 08h로 일반 문자 토큰 반영."
272,문자,0x98C8,0x98C9,234,␠,18 12,2,e2f0d9,전각 공백 토큰 18 12 반영. 일반/발화 변환 대상 아님.
273,문자,0x98CA,0x98CB,235,살,08 3D,2,e2f0d9,"연녹색 일반 문자행: 같은 glyph base 유지, 첫 바이트 OR 08h로 일반 문자 토큰 반영."
274,문자,0x98CC,0x98CD,236,려,B8 31,2,e2f0d9,"연녹색 일반 문자행: 같은 glyph base 유지, 첫 바이트 OR 08h로 일반 문자 토큰 반영."
275,문자,0x98CE,0x98CF,237,두,B8 2E,2,e2f0d9,"연녹색 일반 문자행: 같은 glyph base 유지, 첫 바이트 OR 08h로 일반 문자 토큰 반영."
276,문자,0x98D0,0x98D1,238,지,18 E0,2,e2f0d9,"연녹색 일반 문자행: 같은 glyph base 유지, 첫 바이트 OR 08h로 일반 문자 토큰 반영."
277,문자,0x98D2,0x98D3,239,␠,18 12,2,e2f0d9,전각 공백 토큰 18 12 반영. 일반/발화 변환 대상 아님.
278,문자,0x98D4,0x98D5,240,않,08 5E,2,e2f0d9,"연녹색 일반 문자행: 같은 glyph base 유지, 첫 바이트 OR 08h로 일반 문자 토큰 반영."
279,문자,0x98D6,0x98D7,241,는,E8 25,2,e2f0d9,"연녹색 일반 문자행: 같은 glyph base 유지, 첫 바이트 OR 08h로 일반 문자 토큰 반영."
280,문자,0x98D8,0x98D9,242,다,C8 27,2,e2f0d9,"연녹색 일반 문자행: 같은 glyph base 유지, 첫 바이트 OR 08h로 일반 문자 토큰 반영."
281,문자,0x98DA,0x98DB,243,。,30 12,2,e2f0d9,PC-88 문장부호 토큰 반영. 일반/발화 변환 대상 아님.
282,제어,0x98DC,0x98DD,,,15 00,2,fce4d6,한글 재배치 기준 HL=98DC→98DE. 제어토큰 유지.
283,문자,0x98DE,0x98DF,244,특,B8 E2,2,e2f0d9,"연녹색 일반 문자행: 같은 glyph base 유지, 첫 바이트 OR 08h로 일반 문자 토큰 반영."
284,문자,0x98E0,0x98E1,245,히,68 E5,2,e2f0d9,"연녹색 일반 문자행: 같은 glyph base 유지, 첫 바이트 OR 08h로 일반 문자 토큰 반영."
285,문자,0x98E2,0x98E3,246,␠,18 12,2,e2f0d9,전각 공백 토큰 18 12 반영. 일반/발화 변환 대상 아님.
286,문자,0x98E4,0x98E5,247,베,98 3B,2,e2f0d9,"연녹색 일반 문자행: 같은 glyph base 유지, 첫 바이트 OR 08h로 일반 문자 토큰 반영."
287,문자,0x98E6,0x98E7,248,니,F8 25,2,e2f0d9,"연녹색 일반 문자행: 같은 glyph base 유지, 첫 바이트 OR 08h로 일반 문자 토큰 반영."
288,문자,0x98E8,0x98E9,249,티,D8 E2,2,e2f0d9,"연녹색 일반 문자행: 같은 glyph base 유지, 첫 바이트 OR 08h로 일반 문자 토큰 반영."
289,문자,0x98EA,0x98EB,250,의,88 DE,2,e2f0d9,"연녹색 일반 문자행: 같은 glyph base 유지, 첫 바이트 OR 08h로 일반 문자 토큰 반영."
290,문자,0x98EC,0x98ED,251,␠,18 12,2,e2f0d9,전각 공백 토큰 18 12 반영. 일반/발화 변환 대상 아님.
291,문자,0x98EE,0x98EF,252,잔,28 DF,2,e2f0d9,"연녹색 일반 문자행: 같은 glyph base 유지, 첫 바이트 OR 08h로 일반 문자 토큰 반영."
292,문자,0x98F0,0x98F1,253,당,98 2D,2,e2f0d9,"연녹색 일반 문자행: 같은 glyph base 유지, 첫 바이트 OR 08h로 일반 문자 토큰 반영."
293,문자,0x98F2,0x98F3,254,은,48 DE,2,e2f0d9,"연녹색 일반 문자행: 같은 glyph base 유지, 첫 바이트 OR 08h로 일반 문자 토큰 반영."
294,문자,0x98F4,0x98F5,255,␠,18 12,2,e2f0d9,전각 공백 토큰 18 12 반영. 일반/발화 변환 대상 아님.
295,문자,0x98F6,0x98F7,256,더,C8 2D,2,e2f0d9,"연녹색 일반 문자행: 같은 glyph base 유지, 첫 바이트 OR 08h로 일반 문자 토큰 반영."
296,문자,0x98F8,0x98F9,257,더,C8 2D,2,e2f0d9,"연녹색 일반 문자행: 같은 glyph base 유지, 첫 바이트 OR 08h로 일반 문자 토큰 반영."
297,문자,0x98FA,0x98FB,258,욱,F8 CF,2,e2f0d9,"연녹색 일반 문자행: 같은 glyph base 유지, 첫 바이트 OR 08h로 일반 문자 토큰 반영."
298,문자,0x98FC,0x98FD,259,␠,18 12,2,e2f0d9,전각 공백 토큰 18 12 반영. 일반/발화 변환 대상 아님.
299,문자,0x98FE,0x98FF,260,말,F8 34,2,e2f0d9,"연녹색 일반 문자행: 같은 glyph base 유지, 첫 바이트 OR 08h로 일반 문자 토큰 반영."
300,문자,0x9900,0x9901,261,이,98 DE,2,e2f0d9,"연녹색 일반 문자행: 같은 glyph base 유지, 첫 바이트 OR 08h로 일반 문자 토큰 반영."
301,문자,0x9902,0x9903,262,다,C8 27,2,e2f0d9,"연녹색 일반 문자행: 같은 glyph base 유지, 첫 바이트 OR 08h로 일반 문자 토큰 반영."
302,문자,0x9904,0x9905,263,。,30 12,2,e2f0d9,PC-88 문장부호 토큰 반영. 일반/발화 변환 대상 아님.
303,문자,0x9906,0x9907,264,기,B8 21,2,e2f0d9,"연녹색 일반 문자행: 같은 glyph base 유지, 첫 바이트 OR 08h로 일반 문자 토큰 반영."
304,문자,0x9908,0x9909,265,나,B8 24,2,e2f0d9,"연녹색 일반 문자행: 같은 glyph base 유지, 첫 바이트 OR 08h로 일반 문자 토큰 반영."
305,문자,0x990A,0x990B,266,긴,C8 21,2,e2f0d9,"연녹색 일반 문자행: 같은 glyph base 유지, 첫 바이트 OR 08h로 일반 문자 토큰 반영."
306,문자,0x990C,0x990D,267,␠,18 12,2,e2f0d9,전각 공백 토큰 18 12 반영. 일반/발화 변환 대상 아님.
307,문자,0x990E,0x990F,268,세,A8 3D,2,e2f0d9,"연녹색 일반 문자행: 같은 glyph base 유지, 첫 바이트 OR 08h로 일반 문자 토큰 반영."
308,문자,0x9910,0x9911,269,월,F8 DB,2,e2f0d9,"연녹색 일반 문자행: 같은 glyph base 유지, 첫 바이트 OR 08h로 일반 문자 토큰 반영."
309,문자,0x9912,0x9913,270,␠,18 12,2,e2f0d9,전각 공백 토큰 18 12 반영. 일반/발화 변환 대상 아님.
310,문자,0x9914,0x9915,271,동,58 2E,2,e2f0d9,"연녹색 일반 문자행: 같은 glyph base 유지, 첫 바이트 OR 08h로 일반 문자 토큰 반영."
311,문자,0x9916,0x9917,272,안,08 5A,2,e2f0d9,"연녹색 일반 문자행: 같은 glyph base 유지, 첫 바이트 OR 08h로 일반 문자 토큰 반영."
312,문자,0x9918,0x9919,273,␠,18 12,2,e2f0d9,전각 공백 토큰 18 12 반영. 일반/발화 변환 대상 아님.
313,문자,0x991A,0x991B,274,쌓,08 48,2,e2f0d9,"연녹색 일반 문자행: 같은 glyph base 유지, 첫 바이트 OR 08h로 일반 문자 토큰 반영."
314,문자,0x991C,0x991D,275,여,58 9F,2,e2f0d9,"연녹색 일반 문자행: 같은 glyph base 유지, 첫 바이트 OR 08h로 일반 문자 토큰 반영."
315,문자,0x991E,0x991F,276,온,C8 9F,2,e2f0d9,"연녹색 일반 문자행: 같은 glyph base 유지, 첫 바이트 OR 08h로 일반 문자 토큰 반영."
316,문자,0x9920,0x9921,277,␠,18 12,2,e2f0d9,전각 공백 토큰 18 12 반영. 일반/발화 변환 대상 아님.
317,문자,0x9922,0x9923,278,이,98 DE,2,e2f0d9,"연녹색 일반 문자행: 같은 glyph base 유지, 첫 바이트 OR 08h로 일반 문자 토큰 반영."
318,문자,0x9924,0x9925,279,␠,18 12,2,e2f0d9,전각 공백 토큰 18 12 반영. 일반/발화 변환 대상 아님.
319,문자,0x9926,0x9927,280,원,F8 D9,2,e2f0d9,"연녹색 일반 문자행: 같은 glyph base 유지, 첫 바이트 OR 08h로 일반 문자 토큰 반영."
320,문자,0x9928,0x9929,281,한,78 E3,2,e2f0d9,"연녹색 일반 문자행: 같은 glyph base 유지, 첫 바이트 OR 08h로 일반 문자 토큰 반영."
321,문자,0x992A,0x992B,282,을,58 DE,2,e2f0d9,"연녹색 일반 문자행: 같은 glyph base 유지, 첫 바이트 OR 08h로 일반 문자 토큰 반영."
322,문자,0x992C,0x992D,283,、,20 12,2,e2f0d9,PC-88 문장부호 토큰 반영. 일반/발화 변환 대상 아님.
323,문자,0x992E,0x992F,284,깨,08 24,2,e2f0d9,"연녹색 일반 문자행: 같은 glyph base 유지, 첫 바이트 OR 08h로 일반 문자 토큰 반영."
324,문자,0x9930,0x9931,285,끗,98 24,2,e2f0d9,"연녹색 일반 문자행: 같은 glyph base 유지, 첫 바이트 OR 08h로 일반 문자 토큰 반영."
325,문자,0x9932,0x9933,286,이,98 DE,2,e2f0d9,"연녹색 일반 문자행: 같은 glyph base 유지, 첫 바이트 OR 08h로 일반 문자 토큰 반영."
326,문자,0x9934,0x9935,287,␠,18 12,2,e2f0d9,전각 공백 토큰 18 12 반영. 일반/발화 변환 대상 아님.
327,문자,0x9936,0x9937,288,씻,08 54,2,e2f0d9,"연녹색 일반 문자행: 같은 glyph base 유지, 첫 바이트 OR 08h로 일반 문자 토큰 반영."
328,문자,0x9938,0x9939,289,어,08 70,2,e2f0d9,"연녹색 일반 문자행: 같은 glyph base 유지, 첫 바이트 OR 08h로 일반 문자 토큰 반영."
329,문자,0x993A,0x993B,290,내,08 25,2,e2f0d9,"연녹색 일반 문자행: 같은 glyph base 유지, 첫 바이트 OR 08h로 일반 문자 토큰 반영."
330,문자,0x993C,0x993D,291,주,F8 F5,2,e2f0d9,"연녹색 일반 문자행: 같은 glyph base 유지, 첫 바이트 OR 08h로 일반 문자 토큰 반영."
331,문자,0x993E,0x993F,292,마,B8 34,2,e2f0d9,"연녹색 일반 문자행: 같은 glyph base 유지, 첫 바이트 OR 08h로 일반 문자 토큰 반영."
332,문자,0x9940,0x9941,293,！,A0 12,2,e2f0d9,PC-88 문장부호 토큰 반영. 일반/발화 변환 대상 아님.
333,제어,0x9942,0x9944,,,19 00 78,3,fce4d6,한글 재배치 기준 HL=9942→9945. 제어토큰 유지.
334,제어,0x9945,0x9946,,,15 00,2,fce4d6,한글 재배치 기준 HL=9945→9947. 제어토큰 유지.
335,제어,0x9947,0x9948,,,17 00,2,fce4d6,한글 재배치 기준 HL=9947→9949. 제어토큰 유지.
336,제어,0x9949,0x994B,,,1A 00 04,3,fce4d6,한글 재배치 기준 HL=9949→994C. 제어토큰 유지.
337,제어,0x994C,0x994D,,,16 00,2,fce4d6,한글 재배치 기준 HL=994C→994E. 제어토큰 유지.
338,문자,0x994E,0x994F,294,네,90 25,2,e9ae2b,주황색 대화체 발화용 문자행: 패치 KANJI1 발화체 토큰 반영.
339,문자,0x9950,0x9951,295,␠,18 12,2,e2f0d9,전각 공백 토큰 18 12 반영. 일반/발화 변환 대상 아님.
340,문자,0x9952,0x9953,296,목,B0 35,2,e9ae2b,주황색 대화체 발화용 문자행: 패치 KANJI1 발화체 토큰 반영.
341,문자,0x9954,0x9955,297,적,A0 DF,2,e9ae2b,주황색 대화체 발화용 문자행: 패치 KANJI1 발화체 토큰 반영.
342,문자,0x9956,0x9957,298,은,40 DE,2,e9ae2b,주황색 대화체 발화용 문자행: 패치 KANJI1 발화체 토큰 반영.
343,문자,0x9958,0x9959,299,␠,18 12,2,e2f0d9,전각 공백 토큰 18 12 반영. 일반/발화 변환 대상 아님.
344,문자,0x995A,0x995B,300,뭐,E0 37,2,e9ae2b,주황색 대화체 발화용 문자행: 패치 KANJI1 발화체 토큰 반영.
345,문자,0x995C,0x995D,301,야,00 6C,2,e9ae2b,주황색 대화체 발화용 문자행: 패치 KANJI1 발화체 토큰 반영.
346,문자,0x995E,0x995F,302,！,A0 12,2,e2f0d9,PC-88 문장부호 토큰 반영. 일반/발화 변환 대상 아님.
347,문자,0x9960,0x9961,303,？,90 12,2,e2f0d9,PC-88 문장부호 토큰 반영. 일반/발화 변환 대상 아님.
348,문자,0x9962,0x9963,304,␠,18 12,2,e2f0d9,전각 공백 토큰 18 12 반영. 일반/발화 변환 대상 아님.
349,문자,0x9964,0x9965,305,뭘,40 39,2,e9ae2b,주황색 대화체 발화용 문자행: 패치 KANJI1 발화체 토큰 반영.
350,문자,0x9966,0x9967,306,␠,18 12,2,e2f0d9,전각 공백 토큰 18 12 반영. 일반/발화 변환 대상 아님.
351,문자,0x9968,0x9969,307,원,F0 D9,2,e9ae2b,주황색 대화체 발화용 문자행: 패치 KANJI1 발화체 토큰 반영.
352,문자,0x996A,0x996B,308,하,50 E3,2,e9ae2b,주황색 대화체 발화용 문자행: 패치 KANJI1 발화체 토큰 반영.
353,문자,0x996C,0x996D,309,는,E0 25,2,e9ae2b,주황색 대화체 발화용 문자행: 패치 KANJI1 발화체 토큰 반영.
354,문자,0x996E,0x996F,310,데,F0 2D,2,e9ae2b,주황색 대화체 발화용 문자행: 패치 KANJI1 발화체 토큰 반영.
355,문자,0x9970,0x9971,311,！,A0 12,2,e2f0d9,PC-88 문장부호 토큰 반영. 일반/발화 변환 대상 아님.
356,문자,0x9972,0x9973,312,？,90 12,2,e2f0d9,PC-88 문장부호 토큰 반영. 일반/발화 변환 대상 아님.
357,제어,0x9974,0x9976,,,19 00 69,3,fce4d6,한글 재배치 기준 HL=9974→9977. 제어토큰 유지.
358,제어,0x9977,0x9978,,,15 00,2,fce4d6,한글 재배치 기준 HL=9977→9979. 제어토큰 유지.
359,제어,0x9979,0x997A,,,17 00,2,fce4d6,한글 재배치 기준 HL=9979→997B. 제어토큰 유지.
360,제어,0x997B,0x997D,,,1A 00 04,3,fce4d6,한글 재배치 기준 HL=997B→997E. 제어토큰 유지.
361,제어,0x997E,0x997F,,,16 00,2,fce4d6,한글 재배치 기준 HL=997E→9980. 제어토큰 유지.
362,문자,0x9980,0x9981,313,파,E8 E2,2,e2f0d9,"연녹색 일반 문자행: 같은 glyph base 유지, 첫 바이트 OR 08h로 일반 문자 토큰 반영."
363,문자,0x9982,0x9983,314,괴,E8 20,2,e2f0d9,"연녹색 일반 문자행: 같은 glyph base 유지, 첫 바이트 OR 08h로 일반 문자 토큰 반영."
364,문자,0x9984,0x9985,315,다,C8 27,2,e2f0d9,"연녹색 일반 문자행: 같은 glyph base 유지, 첫 바이트 OR 08h로 일반 문자 토큰 반영."
365,문자,0x9986,0x9987,316,！,A0 12,2,e2f0d9,PC-88 문장부호 토큰 반영. 일반/발화 변환 대상 아님.
366,문자,0x9988,0x9989,317,␠,18 12,2,e2f0d9,전각 공백 토큰 18 12 반영. 일반/발화 변환 대상 아님.
367,문자,0x998A,0x998B,318,완,F8 9F,2,e2f0d9,"연녹색 일반 문자행: 같은 glyph base 유지, 첫 바이트 OR 08h로 일반 문자 토큰 반영."
368,문자,0x998C,0x998D,319,전,B8 DF,2,e2f0d9,"연녹색 일반 문자행: 같은 glyph base 유지, 첫 바이트 OR 08h로 일반 문자 토큰 반영."
369,문자,0x998E,0x998F,320,한,78 E3,2,e2f0d9,"연녹색 일반 문자행: 같은 glyph base 유지, 첫 바이트 OR 08h로 일반 문자 토큰 반영."
370,문자,0x9990,0x9991,321,␠,18 12,2,e2f0d9,전각 공백 토큰 18 12 반영. 일반/발화 변환 대상 아님.
371,문자,0x9992,0x9993,322,허,08 E4,2,e2f0d9,"연녹색 일반 문자행: 같은 glyph base 유지, 첫 바이트 OR 08h로 일반 문자 토큰 반영."
372,문자,0x9994,0x9995,323,무,08 36,2,e2f0d9,"연녹색 일반 문자행: 같은 glyph base 유지, 첫 바이트 OR 08h로 일반 문자 토큰 반영."
373,문자,0x9996,0x9997,324,！,A0 12,2,e2f0d9,PC-88 문장부호 토큰 반영. 일반/발화 변환 대상 아님.
374,문자,0x9998,0x9999,325,␠,18 12,2,e2f0d9,전각 공백 토큰 18 12 반영. 일반/발화 변환 대상 아님.
375,문자,0x999A,0x999B,326,모,A8 35,2,e2f0d9,"연녹색 일반 문자행: 같은 glyph base 유지, 첫 바이트 OR 08h로 일반 문자 토큰 반영."
376,문자,0x999C,0x999D,327,든,08 30,2,e2f0d9,"연녹색 일반 문자행: 같은 glyph base 유지, 첫 바이트 OR 08h로 일반 문자 토큰 반영."
377,문자,0x999E,0x999F,328,␠,18 12,2,e2f0d9,전각 공백 토큰 18 12 반영. 일반/발화 변환 대상 아님.
378,문자,0x99A0,0x99A1,329,것,F8 1D,2,e2f0d9,"연녹색 일반 문자행: 같은 glyph base 유지, 첫 바이트 OR 08h로 일반 문자 토큰 반영."
379,문자,0x99A2,0x99A3,330,을,58 DE,2,e2f0d9,"연녹색 일반 문자행: 같은 glyph base 유지, 첫 바이트 OR 08h로 일반 문자 토큰 반영."
380,문자,0x99A4,0x99A5,331,␠,18 12,2,e2f0d9,전각 공백 토큰 18 12 반영. 일반/발화 변환 대상 아님.
381,문자,0x99A6,0x99A7,332,멸,88 35,2,e2f0d9,"연녹색 일반 문자행: 같은 glyph base 유지, 첫 바이트 OR 08h로 일반 문자 토큰 반영."
382,문자,0x99A8,0x99A9,333,하,58 E3,2,e2f0d9,"연녹색 일반 문자행: 같은 glyph base 유지, 첫 바이트 OR 08h로 일반 문자 토큰 반영."
383,문자,0x99AA,0x99AB,334,고,88 20,2,e2f0d9,"연녹색 일반 문자행: 같은 glyph base 유지, 첫 바이트 OR 08h로 일반 문자 토큰 반영."
384,문자,0x99AC,0x99AD,335,、,20 12,2,e2f0d9,PC-88 문장부호 토큰 반영. 일반/발화 변환 대상 아님.
385,문자,0x99AE,0x99AF,336,망,08 35,2,e2f0d9,"연녹색 일반 문자행: 같은 glyph base 유지, 첫 바이트 OR 08h로 일반 문자 토큰 반영."
386,문자,0x99B0,0x99B1,337,각,B8 17,2,e2f0d9,"연녹색 일반 문자행: 같은 glyph base 유지, 첫 바이트 OR 08h로 일반 문자 토큰 반영."
387,문자,0x99B2,0x99B3,338,의,88 DE,2,e2f0d9,"연녹색 일반 문자행: 같은 glyph base 유지, 첫 바이트 OR 08h로 일반 문자 토큰 반영."
388,문자,0x99B4,0x99B5,339,␠,18 12,2,e2f0d9,전각 공백 토큰 18 12 반영. 일반/발화 변환 대상 아님.
389,문자,0x99B6,0x99B7,340,저,98 DF,2,e2f0d9,"연녹색 일반 문자행: 같은 glyph base 유지, 첫 바이트 OR 08h로 일반 문자 토큰 반영."
390,문자,0x99B8,0x99B9,341,편,F8 E2,2,e2f0d9,"연녹색 일반 문자행: 같은 glyph base 유지, 첫 바이트 OR 08h로 일반 문자 토큰 반영."
391,문자,0x99BA,0x99BB,342,으,38 DE,2,e2f0d9,"연녹색 일반 문자행: 같은 glyph base 유지, 첫 바이트 OR 08h로 일반 문자 토큰 반영."
392,문자,0x99BC,0x99BD,343,로,D8 31,2,e2f0d9,"연녹색 일반 문자행: 같은 glyph base 유지, 첫 바이트 OR 08h로 일반 문자 토큰 반영."
393,문자,0x99BE,0x99BF,344,␠,18 12,2,e2f0d9,전각 공백 토큰 18 12 반영. 일반/발화 변환 대상 아님.
394,문자,0x99C0,0x99C1,345,묻,C8 37,2,e2f0d9,"연녹색 일반 문자행: 같은 glyph base 유지, 첫 바이트 OR 08h로 일반 문자 토큰 반영."
395,문자,0x99C2,0x99C3,346,어,08 70,2,e2f0d9,"연녹색 일반 문자행: 같은 glyph base 유지, 첫 바이트 OR 08h로 일반 문자 토큰 반영."
396,문자,0x99C4,0x99C5,347,버,F8 39,2,e2f0d9,"연녹색 일반 문자행: 같은 glyph base 유지, 첫 바이트 OR 08h로 일반 문자 토큰 반영."
397,문자,0x99C6,0x99C7,348,리,78 34,2,e2f0d9,"연녹색 일반 문자행: 같은 glyph base 유지, 첫 바이트 OR 08h로 일반 문자 토큰 반영."
398,문자,0x99C8,0x99C9,349,는,E8 25,2,e2f0d9,"연녹색 일반 문자행: 같은 glyph base 유지, 첫 바이트 OR 08h로 일반 문자 토큰 반영."
399,문자,0x99CA,0x99CB,350,␠,18 12,2,e2f0d9,전각 공백 토큰 18 12 반영. 일반/발화 변환 대상 아님.
400,문자,0x99CC,0x99CD,351,것,F8 1D,2,e2f0d9,"연녹색 일반 문자행: 같은 glyph base 유지, 첫 바이트 OR 08h로 일반 문자 토큰 반영."
401,문자,0x99CE,0x99CF,352,。,30 12,2,e2f0d9,PC-88 문장부호 토큰 반영. 일반/발화 변환 대상 아님.
402,제어,0x99D0,0x99D1,,,15 00,2,fce4d6,한글 재배치 기준 HL=99D0→99D2. 제어토큰 유지.
403,문자,0x99D2,0x99D3,353,삼,18 3D,2,e2f0d9,"연녹색 일반 문자행: 같은 glyph base 유지, 첫 바이트 OR 08h로 일반 문자 토큰 반영."
404,문자,0x99D4,0x99D5,354,계,78 20,2,e2f0d9,"연녹색 일반 문자행: 같은 glyph base 유지, 첫 바이트 OR 08h로 일반 문자 토큰 반영."
405,문자,0x99D6,0x99D7,355,의,88 DE,2,e2f0d9,"연녹색 일반 문자행: 같은 glyph base 유지, 첫 바이트 OR 08h로 일반 문자 토큰 반영."
406,문자,0x99D8,0x99D9,356,␠,18 12,2,e2f0d9,전각 공백 토큰 18 12 반영. 일반/발화 변환 대상 아님.
407,문자,0x99DA,0x99DB,357,조,F8 EB,2,e2f0d9,"연녹색 일반 문자행: 같은 glyph base 유지, 첫 바이트 OR 08h로 일반 문자 토큰 반영."
408,문자,0x99DC,0x99DD,358,화,88 E4,2,e2f0d9,"연녹색 일반 문자행: 같은 glyph base 유지, 첫 바이트 OR 08h로 일반 문자 토큰 반영."
409,문자,0x99DE,0x99DF,359,␠,18 12,2,e2f0d9,전각 공백 토큰 18 12 반영. 일반/발화 변환 대상 아님.
410,문자,0x99E0,0x99E1,360,따,48 30,2,e2f0d9,"연녹색 일반 문자행: 같은 glyph base 유지, 첫 바이트 OR 08h로 일반 문자 토큰 반영."
411,문자,0x99E2,0x99E3,361,윈,18 DE,2,e2f0d9,"연녹색 일반 문자행: 같은 glyph base 유지, 첫 바이트 OR 08h로 일반 문자 토큰 반영."
412,문자,0x99E4,0x99E5,362,␠,18 12,2,e2f0d9,전각 공백 토큰 18 12 반영. 일반/발화 변환 대상 아님.
413,문자,0x99E6,0x99E7,363,쓸,08 4E,2,e2f0d9,"연녹색 일반 문자행: 같은 glyph base 유지, 첫 바이트 OR 08h로 일반 문자 토큰 반영."
414,문자,0x99E8,0x99E9,364,모,A8 35,2,e2f0d9,"연녹색 일반 문자행: 같은 glyph base 유지, 첫 바이트 OR 08h로 일반 문자 토큰 반영."
415,문자,0x99EA,0x99EB,365,없,08 7C,2,e2f0d9,"연녹색 일반 문자행: 같은 glyph base 유지, 첫 바이트 OR 08h로 일반 문자 토큰 반영."
416,문자,0x99EC,0x99ED,366,고,88 20,2,e2f0d9,"연녹색 일반 문자행: 같은 glyph base 유지, 첫 바이트 OR 08h로 일반 문자 토큰 반영."
417,문자,0x99EE,0x99EF,367,、,20 12,2,e2f0d9,PC-88 문장부호 토큰 반영. 일반/발화 변환 대상 아님.
418,문자,0x99F0,0x99F1,368,몽,F8 35,2,e2f0d9,"연녹색 일반 문자행: 같은 glyph base 유지, 첫 바이트 OR 08h로 일반 문자 토큰 반영."
419,문자,0x99F2,0x99F3,369,환,98 E4,2,e2f0d9,"연녹색 일반 문자행: 같은 glyph base 유지, 첫 바이트 OR 08h로 일반 문자 토큰 반영."
420,문자,0x99F4,0x99F5,370,계,78 20,2,e2f0d9,"연녹색 일반 문자행: 같은 glyph base 유지, 첫 바이트 OR 08h로 일반 문자 토큰 반영."
421,문자,0x99F6,0x99F7,371,도,28 2E,2,e2f0d9,"연녹색 일반 문자행: 같은 glyph base 유지, 첫 바이트 OR 08h로 일반 문자 토큰 반영."
422,문자,0x99F8,0x99F9,372,␠,18 12,2,e2f0d9,전각 공백 토큰 18 12 반영. 일반/발화 변환 대상 아님.
423,문자,0x99FA,0x99FB,373,현,38 E4,2,e2f0d9,"연녹색 일반 문자행: 같은 glyph base 유지, 첫 바이트 OR 08h로 일반 문자 토큰 반영."
424,문자,0x99FC,0x99FD,374,계,78 20,2,e2f0d9,"연녹색 일반 문자행: 같은 glyph base 유지, 첫 바이트 OR 08h로 일반 문자 토큰 반영."
425,문자,0x99FE,0x99FF,375,도,28 2E,2,e2f0d9,"연녹색 일반 문자행: 같은 glyph base 유지, 첫 바이트 OR 08h로 일반 문자 토큰 반영."
426,문자,0x9A00,0x9A01,376,␠,18 12,2,e2f0d9,전각 공백 토큰 18 12 반영. 일반/발화 변환 대상 아님.
427,문자,0x9A02,0x9A03,377,필,48 E3,2,e2f0d9,"연녹색 일반 문자행: 같은 glyph base 유지, 첫 바이트 OR 08h로 일반 문자 토큰 반영."
428,문자,0x9A04,0x9A05,378,요,F8 C7,2,e2f0d9,"연녹색 일반 문자행: 같은 glyph base 유지, 첫 바이트 OR 08h로 일반 문자 토큰 반영."
429,문자,0x9A06,0x9A07,379,없,08 7C,2,e2f0d9,"연녹색 일반 문자행: 같은 glyph base 유지, 첫 바이트 OR 08h로 일반 문자 토큰 반영."
430,문자,0x9A08,0x9A09,380,다,C8 27,2,e2f0d9,"연녹색 일반 문자행: 같은 glyph base 유지, 첫 바이트 OR 08h로 일반 문자 토큰 반영."
431,문자,0x9A0A,0x9A0B,381,！,A0 12,2,e2f0d9,PC-88 문장부호 토큰 반영. 일반/발화 변환 대상 아님.
432,제어,0x9A0C,0x9A0D,,,15 00,2,fce4d6,한글 재배치 기준 HL=9A0C→9A0E. 제어토큰 유지.
433,문자,0x9A0E,0x9A0F,382,우,F8 CD,2,e2f0d9,"연녹색 일반 문자행: 같은 glyph base 유지, 첫 바이트 OR 08h로 일반 문자 토큰 반영."
434,문자,0x9A10,0x9A11,383,주,F8 F5,2,e2f0d9,"연녹색 일반 문자행: 같은 glyph base 유지, 첫 바이트 OR 08h로 일반 문자 토큰 반영."
435,문자,0x9A12,0x9A13,384,의,88 DE,2,e2f0d9,"연녹색 일반 문자행: 같은 glyph base 유지, 첫 바이트 OR 08h로 일반 문자 토큰 반영."
436,문자,0x9A14,0x9A15,385,␠,18 12,2,e2f0d9,전각 공백 토큰 18 12 반영. 일반/발화 변환 대상 아님.
437,문자,0x9A16,0x9A17,386,진,38 E0,2,e2f0d9,"연녹색 일반 문자행: 같은 glyph base 유지, 첫 바이트 OR 08h로 일반 문자 토큰 반영."
438,문자,0x9A18,0x9A19,387,리,78 34,2,e2f0d9,"연녹색 일반 문자행: 같은 glyph base 유지, 첫 바이트 OR 08h로 일반 문자 토큰 반영."
439,문자,0x9A1A,0x9A1B,388,를,58 34,2,e2f0d9,"연녹색 일반 문자행: 같은 glyph base 유지, 첫 바이트 OR 08h로 일반 문자 토큰 반영."
440,문자,0x9A1C,0x9A1D,389,␠,18 12,2,e2f0d9,전각 공백 토큰 18 12 반영. 일반/발화 변환 대상 아님.
441,문자,0x9A1E,0x9A1F,390,내,08 25,2,e2f0d9,"연녹색 일반 문자행: 같은 glyph base 유지, 첫 바이트 OR 08h로 일반 문자 토큰 반영."
442,문자,0x9A20,0x9A21,391,␠,18 12,2,e2f0d9,전각 공백 토큰 18 12 반영. 일반/발화 변환 대상 아님.
443,문자,0x9A22,0x9A23,392,손,F8 3D,2,e2f0d9,"연녹색 일반 문자행: 같은 glyph base 유지, 첫 바이트 OR 08h로 일반 문자 토큰 반영."
444,문자,0x9A24,0x9A25,393,에,48 9F,2,e2f0d9,"연녹색 일반 문자행: 같은 glyph base 유지, 첫 바이트 OR 08h로 일반 문자 토큰 반영."
445,문자,0x9A26,0x9A27,394,␠,18 12,2,e2f0d9,전각 공백 토큰 18 12 반영. 일반/발화 변환 대상 아님.
446,문자,0x9A28,0x9A29,395,거,98 1D,2,e2f0d9,"연녹색 일반 문자행: 같은 glyph base 유지, 첫 바이트 OR 08h로 일반 문자 토큰 반영."
447,문자,0x9A2A,0x9A2B,396,두,B8 2E,2,e2f0d9,"연녹색 일반 문자행: 같은 glyph base 유지, 첫 바이트 OR 08h로 일반 문자 토큰 반영."
448,문자,0x9A2C,0x9A2D,397,어,08 70,2,e2f0d9,"연녹색 일반 문자행: 같은 glyph base 유지, 첫 바이트 OR 08h로 일반 문자 토큰 반영."
449,문자,0x9A2E,0x9A2F,398,、,20 12,2,e2f0d9,PC-88 문장부호 토큰 반영. 일반/발화 변환 대상 아님.
450,문자,0x9A30,0x9A31,399,오,B8 9F,2,e2f0d9,"연녹색 일반 문자행: 같은 glyph base 유지, 첫 바이트 OR 08h로 일반 문자 토큰 반영."
451,문자,0x9A32,0x9A33,400,직,28 E0,2,e2f0d9,"연녹색 일반 문자행: 같은 glyph base 유지, 첫 바이트 OR 08h로 일반 문자 토큰 반영."
452,문자,0x9A34,0x9A35,401,␠,18 12,2,e2f0d9,전각 공백 토큰 18 12 반영. 일반/발화 변환 대상 아님.
453,문자,0x9A36,0x9A37,402,베,98 3B,2,e2f0d9,"연녹색 일반 문자행: 같은 glyph base 유지, 첫 바이트 OR 08h로 일반 문자 토큰 반영."
454,문자,0x9A38,0x9A39,403,칸,D8 E1,2,e2f0d9,"연녹색 일반 문자행: 같은 glyph base 유지, 첫 바이트 OR 08h로 일반 문자 토큰 반영."
455,문자,0x9A3A,0x9A3B,404,티,D8 E2,2,e2f0d9,"연녹색 일반 문자행: 같은 glyph base 유지, 첫 바이트 OR 08h로 일반 문자 토큰 반영."
456,문자,0x9A3C,0x9A3D,405,만,D8 34,2,e2f0d9,"연녹색 일반 문자행: 같은 glyph base 유지, 첫 바이트 OR 08h로 일반 문자 토큰 반영."
457,문자,0x9A3E,0x9A3F,406,이,98 DE,2,e2f0d9,"연녹색 일반 문자행: 같은 glyph base 유지, 첫 바이트 OR 08h로 일반 문자 토큰 반영."
458,문자,0x9A40,0x9A41,407,␠,18 12,2,e2f0d9,전각 공백 토큰 18 12 반영. 일반/발화 변환 대상 아님.
459,문자,0x9A42,0x9A43,408,절,C8 DF,2,e2f0d9,"연녹색 일반 문자행: 같은 glyph base 유지, 첫 바이트 OR 08h로 일반 문자 토큰 반영."
460,문자,0x9A44,0x9A45,409,대,B8 2D,2,e2f0d9,"연녹색 일반 문자행: 같은 glyph base 유지, 첫 바이트 OR 08h로 일반 문자 토큰 반영."
461,문자,0x9A46,0x9A47,410,적,A8 DF,2,e2f0d9,"연녹색 일반 문자행: 같은 glyph base 유지, 첫 바이트 OR 08h로 일반 문자 토큰 반영."
462,문자,0x9A48,0x9A49,411,인,A8 DE,2,e2f0d9,"연녹색 일반 문자행: 같은 glyph base 유지, 첫 바이트 OR 08h로 일반 문자 토큰 반영."
463,문자,0x9A4A,0x9A4B,412,␠,18 12,2,e2f0d9,전각 공백 토큰 18 12 반영. 일반/발화 변환 대상 아님.
464,문자,0x9A4C,0x9A4D,413,지,18 E0,2,e2f0d9,"연녹색 일반 문자행: 같은 glyph base 유지, 첫 바이트 OR 08h로 일반 문자 토큰 반영."
465,문자,0x9A4E,0x9A4F,414,배,E8 39,2,e2f0d9,"연녹색 일반 문자행: 같은 glyph base 유지, 첫 바이트 OR 08h로 일반 문자 토큰 반영."
466,문자,0x9A50,0x9A51,415,자,08 DF,2,e2f0d9,"연녹색 일반 문자행: 같은 glyph base 유지, 첫 바이트 OR 08h로 일반 문자 토큰 반영."
467,문자,0x9A52,0x9A53,416,가,A8 17,2,e2f0d9,"연녹색 일반 문자행: 같은 glyph base 유지, 첫 바이트 OR 08h로 일반 문자 토큰 반영."
468,문자,0x9A54,0x9A55,417,␠,18 12,2,e2f0d9,전각 공백 토큰 18 12 반영. 일반/발화 변환 대상 아님.
469,문자,0x9A56,0x9A57,418,될,A8 2E,2,e2f0d9,"연녹색 일반 문자행: 같은 glyph base 유지, 첫 바이트 OR 08h로 일반 문자 토큰 반영."
470,문자,0x9A58,0x9A59,419,␠,18 12,2,e2f0d9,전각 공백 토큰 18 12 반영. 일반/발화 변환 대상 아님.
471,문자,0x9A5A,0x9A5B,420,것,F8 1D,2,e2f0d9,"연녹색 일반 문자행: 같은 glyph base 유지, 첫 바이트 OR 08h로 일반 문자 토큰 반영."
472,문자,0x9A5C,0x9A5D,421,이,98 DE,2,e2f0d9,"연녹색 일반 문자행: 같은 glyph base 유지, 첫 바이트 OR 08h로 일반 문자 토큰 반영."
473,문자,0x9A5E,0x9A5F,422,다,C8 27,2,e2f0d9,"연녹색 일반 문자행: 같은 glyph base 유지, 첫 바이트 OR 08h로 일반 문자 토큰 반영."
474,문자,0x9A60,0x9A61,423,！,A0 12,2,e2f0d9,PC-88 문장부호 토큰 반영. 일반/발화 변환 대상 아님.
475,제어,0x9A62,0x9A64,,,19 00 78,3,fce4d6,한글 재배치 기준 HL=9A62→9A65. 제어토큰 유지.
476,제어,0x9A65,0x9A66,,,15 00,2,fce4d6,한글 재배치 기준 HL=9A65→9A67. 제어토큰 유지.
477,제어,0x9A67,0x9A68,,,17 00,2,fce4d6,한글 재배치 기준 HL=9A67→9A69. 제어토큰 유지.
478,제어,0x9A69,0x9A6B,,,1A 00 04,3,fce4d6,한글 재배치 기준 HL=9A69→9A6C. 제어토큰 유지.
479,제어,0x9A6C,0x9A6D,,,16 00,2,fce4d6,한글 재배치 기준 HL=9A6C→9A6E. 제어토큰 유지.
480,문자,0x9A6E,0x9A6F,424,그,50 21,2,e9ae2b,주황색 대화체 발화용 문자행: 패치 KANJI1 발화체 토큰 반영.
481,문자,0x9A70,0x9A71,425,렇,90 31,2,e9ae2b,주황색 대화체 발화용 문자행: 패치 KANJI1 발화체 토큰 반영.
482,문자,0x9A72,0x9A73,426,게,00 20,2,e9ae2b,주황색 대화체 발화용 문자행: 패치 KANJI1 발화체 토큰 반영.
483,문자,0x9A74,0x9A75,427,␠,18 12,2,e2f0d9,전각 공백 토큰 18 12 반영. 일반/발화 변환 대상 아님.
484,문자,0x9A76,0x9A77,428,두,B0 2E,2,e9ae2b,주황색 대화체 발화용 문자행: 패치 KANJI1 발화체 토큰 반영.
485,문자,0x9A78,0x9A79,429,진,30 E0,2,e9ae2b,주황색 대화체 발화용 문자행: 패치 KANJI1 발화체 토큰 반영.
486,문자,0x9A7A,0x9A7B,430,␠,18 12,2,e2f0d9,전각 공백 토큰 18 12 반영. 일반/발화 변환 대상 아님.
487,문자,0x9A7C,0x9A7D,431,않,00 5E,2,e9ae2b,주황색 대화체 발화용 문자행: 패치 KANJI1 발화체 토큰 반영.
488,문자,0x9A7E,0x9A7F,432,아,00 56,2,e9ae2b,주황색 대화체 발화용 문자행: 패치 KANJI1 발화체 토큰 반영.
489,문자,0x9A80,0x9A81,433,・,60 12,2,e2f0d9,PC-88 문장부호 토큰 반영. 일반/발화 변환 대상 아님.
490,문자,0x9A82,0x9A83,434,・,60 12,2,e2f0d9,PC-88 문장부호 토큰 반영. 일반/발화 변환 대상 아님.
491,문자,0x9A84,0x9A85,435,・,60 12,2,e2f0d9,PC-88 문장부호 토큰 반영. 일반/발화 변환 대상 아님.
492,문자,0x9A86,0x9A87,436,␠,18 12,2,e2f0d9,전각 공백 토큰 18 12 반영. 일반/발화 변환 대상 아님.
493,문자,0x9A88,0x9A89,437,그,50 21,2,e9ae2b,주황색 대화체 발화용 문자행: 패치 KANJI1 발화체 토큰 반영.
494,문자,0x9A8A,0x9A8B,438,런,50 31,2,e9ae2b,주황색 대화체 발화용 문자행: 패치 KANJI1 발화체 토큰 반영.
495,문자,0x9A8C,0x9A8D,439,␠,18 12,2,e2f0d9,전각 공백 토큰 18 12 반영. 일반/발화 변환 대상 아님.
496,문자,0x9A8E,0x9A8F,440,건,B0 1D,2,e9ae2b,주황색 대화체 발화용 문자행: 패치 KANJI1 발화체 토큰 반영.
497,문자,0x9A90,0x9A91,441,␠,18 12,2,e2f0d9,전각 공백 토큰 18 12 반영. 일반/발화 변환 대상 아님.
498,문자,0x9A92,0x9A93,442,절,C0 DF,2,e9ae2b,주황색 대화체 발화용 문자행: 패치 KANJI1 발화체 토큰 반영.
499,문자,0x9A94,0x9A95,443,대,B0 2D,2,e9ae2b,주황색 대화체 발화용 문자행: 패치 KANJI1 발화체 토큰 반영.
500,문자,0x9A96,0x9A97,444,␠,18 12,2,e2f0d9,전각 공백 토큰 18 12 반영. 일반/발화 변환 대상 아님.
501,문자,0x9A98,0x9A99,445,용,F0 CB,2,e9ae2b,주황색 대화체 발화용 문자행: 패치 KANJI1 발화체 토큰 반영.
502,문자,0x9A9A,0x9A9B,446,납,F0 24,2,e9ae2b,주황색 대화체 발화용 문자행: 패치 KANJI1 발화체 토큰 반영.
503,문자,0x9A9C,0x9A9D,447,␠,18 12,2,e2f0d9,전각 공백 토큰 18 12 반영. 일반/발화 변환 대상 아님.
504,문자,0x9A9E,0x9A9F,448,못,E0 35,2,e9ae2b,주황색 대화체 발화용 문자행: 패치 KANJI1 발화체 토큰 반영.
505,문자,0x9AA0,0x9AA1,449,해,B0 E3,2,e9ae2b,주황색 대화체 발화용 문자행: 패치 KANJI1 발화체 토큰 반영.
506,문자,0x9AA2,0x9AA3,450,！,A0 12,2,e2f0d9,PC-88 문장부호 토큰 반영. 일반/발화 변환 대상 아님.
507,제어,0x9AA4,0x9AA6,,,19 00 68,3,fce4d6,한글 재배치 기준 HL=9AA4→9AA7. 제어토큰 유지.
508,제어,0x9AA7,0x9AA8,,,15 00,2,fce4d6,한글 재배치 기준 HL=9AA7→9AA9. 제어토큰 유지.
509,제어,0x9AA9,0x9AAA,,,17 00,2,fce4d6,한글 재배치 기준 HL=9AA9→9AAB. 제어토큰 유지.
510,제어,0x9AAB,0x9AAD,,,1A 00 03,3,fce4d6,한글 재배치 기준 HL=9AAB→9AAE. 제어토큰 유지.
511,제어,0x9AAE,0x9AAF,,,16 00,2,fce4d6,한글 재배치 기준 HL=9AAE→9AB0. 제어토큰 유지.
512,제어,0x9AB0,0x9AB2,,,19 00 78,3,fce4d6,한글 재배치 기준 HL=9AB0→9AB3. 제어토큰 유지.
513,문자,0x9AB3,0x9AB4,451,호,58 E4,2,e2f0d9,"연녹색 일반 문자행: 같은 glyph base 유지, 첫 바이트 OR 08h로 일반 문자 토큰 반영."
514,문자,0x9AB5,0x9AB6,452,오,B8 9F,2,e2f0d9,"연녹색 일반 문자행: 같은 glyph base 유지, 첫 바이트 OR 08h로 일반 문자 토큰 반영."
515,문자,0x9AB7,0x9AB8,453,・,60 12,2,e2f0d9,PC-88 문장부호 토큰 반영. 일반/발화 변환 대상 아님.
516,문자,0x9AB9,0x9ABA,454,・,60 12,2,e2f0d9,PC-88 문장부호 토큰 반영. 일반/발화 변환 대상 아님.
517,문자,0x9ABB,0x9ABC,455,・,60 12,2,e2f0d9,PC-88 문장부호 토큰 반영. 일반/발화 변환 대상 아님.
518,문자,0x9ABD,0x9ABE,456,␠,18 12,2,e2f0d9,전각 공백 토큰 18 12 반영. 일반/발화 변환 대상 아님.
519,문자,0x9ABF,0x9AC0,457,어,08 70,2,e2f0d9,"연녹색 일반 문자행: 같은 glyph base 유지, 첫 바이트 OR 08h로 일반 문자 토큰 반영."
520,문자,0x9AC1,0x9AC2,458,째,88 E0,2,e2f0d9,"연녹색 일반 문자행: 같은 glyph base 유지, 첫 바이트 OR 08h로 일반 문자 토큰 반영."
521,문자,0x9AC3,0x9AC4,459,서,58 3D,2,e2f0d9,"연녹색 일반 문자행: 같은 glyph base 유지, 첫 바이트 OR 08h로 일반 문자 토큰 반영."
522,문자,0x9AC5,0x9AC6,460,냐,38 25,2,e2f0d9,"연녹색 일반 문자행: 같은 glyph base 유지, 첫 바이트 OR 08h로 일반 문자 토큰 반영."
523,문자,0x9AC7,0x9AC8,461,？,90 12,2,e2f0d9,PC-88 문장부호 토큰 반영. 일반/발화 변환 대상 아님.
524,문자,0x9AC9,0x9ACA,462,␠,18 12,2,e2f0d9,전각 공백 토큰 18 12 반영. 일반/발화 변환 대상 아님.
525,문자,0x9ACB,0x9ACC,463,너,58 25,2,e2f0d9,"연녹색 일반 문자행: 같은 glyph base 유지, 첫 바이트 OR 08h로 일반 문자 토큰 반영."
526,문자,0x9ACD,0x9ACE,464,는,E8 25,2,e2f0d9,"연녹색 일반 문자행: 같은 glyph base 유지, 첫 바이트 OR 08h로 일반 문자 토큰 반영."
527,문자,0x9ACF,0x9AD0,465,␠,18 12,2,e2f0d9,전각 공백 토큰 18 12 반영. 일반/발화 변환 대상 아님.
528,문자,0x9AD1,0x9AD2,466,뭘,48 39,2,e2f0d9,"연녹색 일반 문자행: 같은 glyph base 유지, 첫 바이트 OR 08h로 일반 문자 토큰 반영."
529,문자,0x9AD3,0x9AD4,467,␠,18 12,2,e2f0d9,전각 공백 토큰 18 12 반영. 일반/발화 변환 대상 아님.
530,문자,0x9AD5,0x9AD6,468,위,08 DE,2,e2f0d9,"연녹색 일반 문자행: 같은 glyph base 유지, 첫 바이트 OR 08h로 일반 문자 토큰 반영."
531,문자,0x9AD7,0x9AD8,469,해,B8 E3,2,e2f0d9,"연녹색 일반 문자행: 같은 glyph base 유지, 첫 바이트 OR 08h로 일반 문자 토큰 반영."
532,문자,0x9AD9,0x9ADA,470,␠,18 12,2,e2f0d9,전각 공백 토큰 18 12 반영. 일반/발화 변환 대상 아님.
533,문자,0x9ADB,0x9ADC,471,싸,08 46,2,e2f0d9,"연녹색 일반 문자행: 같은 glyph base 유지, 첫 바이트 OR 08h로 일반 문자 토큰 반영."
534,문자,0x9ADD,0x9ADE,472,우,F8 CD,2,e2f0d9,"연녹색 일반 문자행: 같은 glyph base 유지, 첫 바이트 OR 08h로 일반 문자 토큰 반영."
535,문자,0x9ADF,0x9AE0,473,는,E8 25,2,e2f0d9,"연녹색 일반 문자행: 같은 glyph base 유지, 첫 바이트 OR 08h로 일반 문자 토큰 반영."
536,문자,0x9AE1,0x9AE2,474,␠,18 12,2,e2f0d9,전각 공백 토큰 18 12 반영. 일반/발화 변환 대상 아님.
537,문자,0x9AE3,0x9AE4,475,것,F8 1D,2,e2f0d9,"연녹색 일반 문자행: 같은 glyph base 유지, 첫 바이트 OR 08h로 일반 문자 토큰 반영."
538,문자,0x9AE5,0x9AE6,476,이,98 DE,2,e2f0d9,"연녹색 일반 문자행: 같은 glyph base 유지, 첫 바이트 OR 08h로 일반 문자 토큰 반영."
539,문자,0x9AE7,0x9AE8,477,냐,38 25,2,e2f0d9,"연녹색 일반 문자행: 같은 glyph base 유지, 첫 바이트 OR 08h로 일반 문자 토큰 반영."
540,문자,0x9AE9,0x9AEA,478,？,90 12,2,e2f0d9,PC-88 문장부호 토큰 반영. 일반/발화 변환 대상 아님.
541,문자,0x9AEB,0x9AEC,479,␠,18 12,2,e2f0d9,전각 공백 토큰 18 12 반영. 일반/발화 변환 대상 아님.
542,문자,0x9AED,0x9AEE,480,너,58 25,2,e2f0d9,"연녹색 일반 문자행: 같은 glyph base 유지, 첫 바이트 OR 08h로 일반 문자 토큰 반영."
543,문자,0x9AEF,0x9AF0,481,야,08 6C,2,e2f0d9,"연녹색 일반 문자행: 같은 glyph base 유지, 첫 바이트 OR 08h로 일반 문자 토큰 반영."
544,문자,0x9AF1,0x9AF2,482,말,F8 34,2,e2f0d9,"연녹색 일반 문자행: 같은 glyph base 유지, 첫 바이트 OR 08h로 일반 문자 토큰 반영."
545,문자,0x9AF3,0x9AF4,483,로,D8 31,2,e2f0d9,"연녹색 일반 문자행: 같은 glyph base 유지, 첫 바이트 OR 08h로 일반 문자 토큰 반영."
546,문자,0x9AF5,0x9AF6,484,␠,18 12,2,e2f0d9,전각 공백 토큰 18 12 반영. 일반/발화 변환 대상 아님.
547,문자,0x9AF7,0x9AF8,485,뭘,48 39,2,e2f0d9,"연녹색 일반 문자행: 같은 glyph base 유지, 첫 바이트 OR 08h로 일반 문자 토큰 반영."
548,문자,0x9AF9,0x9AFA,486,␠,18 12,2,e2f0d9,전각 공백 토큰 18 12 반영. 일반/발화 변환 대상 아님.
549,문자,0x9AFB,0x9AFC,487,바,88 39,2,e2f0d9,"연녹색 일반 문자행: 같은 glyph base 유지, 첫 바이트 OR 08h로 일반 문자 토큰 반영."
550,문자,0x9AFD,0x9AFE,488,라,F8 30,2,e2f0d9,"연녹색 일반 문자행: 같은 glyph base 유지, 첫 바이트 OR 08h로 일반 문자 토큰 반영."
551,문자,0x9AFF,0x9B00,489,고,88 20,2,e2f0d9,"연녹색 일반 문자행: 같은 glyph base 유지, 첫 바이트 OR 08h로 일반 문자 토큰 반영."
552,문자,0x9B01,0x9B02,490,␠,18 12,2,e2f0d9,전각 공백 토큰 18 12 반영. 일반/발화 변환 대상 아님.
553,문자,0x9B03,0x9B04,491,있,F8 DE,2,e2f0d9,"연녹색 일반 문자행: 같은 glyph base 유지, 첫 바이트 OR 08h로 일반 문자 토큰 반영."
554,문자,0x9B05,0x9B06,492,느,D8 25,2,e2f0d9,"연녹색 일반 문자행: 같은 glyph base 유지, 첫 바이트 OR 08h로 일반 문자 토큰 반영."
555,문자,0x9B07,0x9B08,493,냐,38 25,2,e2f0d9,"연녹색 일반 문자행: 같은 glyph base 유지, 첫 바이트 OR 08h로 일반 문자 토큰 반영."
556,문자,0x9B09,0x9B0A,494,、,20 12,2,e2f0d9,PC-88 문장부호 토큰 반영. 일반/발화 변환 대상 아님.
557,문자,0x9B0B,0x9B0C,495,말,F8 34,2,e2f0d9,"연녹색 일반 문자행: 같은 glyph base 유지, 첫 바이트 OR 08h로 일반 문자 토큰 반영."
558,문자,0x9B0D,0x9B0E,496,해,B8 E3,2,e2f0d9,"연녹색 일반 문자행: 같은 glyph base 유지, 첫 바이트 OR 08h로 일반 문자 토큰 반영."
559,문자,0x9B0F,0x9B10,497,라,F8 30,2,e2f0d9,"연녹색 일반 문자행: 같은 glyph base 유지, 첫 바이트 OR 08h로 일반 문자 토큰 반영."
560,문자,0x9B11,0x9B12,498,！,A0 12,2,e2f0d9,PC-88 문장부호 토큰 반영. 일반/발화 변환 대상 아님.
561,제어,0x9B13,0x9B14,,,15 00,2,fce4d6,한글 재배치 기준 HL=9B13→9B15. 제어토큰 유지.
562,제어,0x9B15,0x9B16,,,17 00,2,fce4d6,한글 재배치 기준 HL=9B15→9B17. 제어토큰 유지.
563,제어,0x9B17,0x9B19,,,1A 00 04,3,fce4d6,한글 재배치 기준 HL=9B17→9B1A. 제어토큰 유지.
564,제어,0x9B1A,0x9B1B,,,16 00,2,fce4d6,한글 재배치 기준 HL=9B1A→9B1C. 제어토큰 유지.
565,문자,0x9B1C,0x9B1D,499,나,B0 24,2,e9ae2b,주황색 대화체 발화용 문자행: 패치 KANJI1 발화체 토큰 반영.
566,문자,0x9B1E,0x9B1F,500,도,20 2E,2,e9ae2b,주황색 대화체 발화용 문자행: 패치 KANJI1 발화체 토큰 반영.
567,문자,0x9B20,0x9B21,501,␠,18 12,2,e2f0d9,전각 공백 토큰 18 12 반영. 일반/발화 변환 대상 아님.
568,문자,0x9B22,0x9B23,502,모,A0 35,2,e9ae2b,주황색 대화체 발화용 문자행: 패치 KANJI1 발화체 토큰 반영.
569,문자,0x9B24,0x9B25,503,르,30 34,2,e9ae2b,주황색 대화체 발화용 문자행: 패치 KANJI1 발화체 토큰 반영.
570,문자,0x9B26,0x9B27,504,겠,10 20,2,e9ae2b,주황색 대화체 발화용 문자행: 패치 KANJI1 발화체 토큰 반영.
571,문자,0x9B28,0x9B29,505,어,00 70,2,e9ae2b,주황색 대화체 발화용 문자행: 패치 KANJI1 발화체 토큰 반영.
572,문자,0x9B2A,0x9B2B,506,・,60 12,2,e2f0d9,PC-88 문장부호 토큰 반영. 일반/발화 변환 대상 아님.
573,문자,0x9B2C,0x9B2D,507,・,60 12,2,e2f0d9,PC-88 문장부호 토큰 반영. 일반/발화 변환 대상 아님.
574,문자,0x9B2E,0x9B2F,508,・,60 12,2,e2f0d9,PC-88 문장부호 토큰 반영. 일반/발화 변환 대상 아님.
575,문자,0x9B30,0x9B31,509,␠,18 12,2,e2f0d9,전각 공백 토큰 18 12 반영. 일반/발화 변환 대상 아님.
576,문자,0x9B32,0x9B33,510,그,50 21,2,e9ae2b,주황색 대화체 발화용 문자행: 패치 KANJI1 발화체 토큰 반영.
577,문자,0x9B34,0x9B35,511,치,A0 E1,2,e9ae2b,주황색 대화체 발화용 문자행: 패치 KANJI1 발화체 토큰 반영.
578,문자,0x9B36,0x9B37,512,만,D0 34,2,e9ae2b,주황색 대화체 발화용 문자행: 패치 KANJI1 발화체 토큰 반영.
579,문자,0x9B38,0x9B39,513,、,20 12,2,e2f0d9,PC-88 문장부호 토큰 반영. 일반/발화 변환 대상 아님.
580,문자,0x9B3A,0x9B3B,514,적,A0 DF,2,e9ae2b,주황색 대화체 발화용 문자행: 패치 KANJI1 발화체 토큰 반영.
581,문자,0x9B3C,0x9B3D,515,어,00 70,2,e9ae2b,주황색 대화체 발화용 문자행: 패치 KANJI1 발화체 토큰 반영.
582,문자,0x9B3E,0x9B3F,516,도,20 2E,2,e9ae2b,주황색 대화체 발화용 문자행: 패치 KANJI1 발화체 토큰 반영.
583,문자,0x9B40,0x9B41,517,␠,18 12,2,e2f0d9,전각 공백 토큰 18 12 반영. 일반/발화 변환 대상 아님.
584,문자,0x9B42,0x9B43,518,너,50 25,2,e9ae2b,주황색 대화체 발화용 문자행: 패치 KANJI1 발화체 토큰 반영.
585,문자,0x9B44,0x9B45,519,처,00 E1,2,e9ae2b,주황색 대화체 발화용 문자행: 패치 KANJI1 발화체 토큰 반영.
586,문자,0x9B46,0x9B47,520,럼,70 31,2,e9ae2b,주황색 대화체 발화용 문자행: 패치 KANJI1 발화체 토큰 반영.
587,문자,0x9B48,0x9B49,521,␠,18 12,2,e2f0d9,전각 공백 토큰 18 12 반영. 일반/발화 변환 대상 아님.
588,문자,0x9B4A,0x9B4B,522,모,A0 35,2,e9ae2b,주황색 대화체 발화용 문자행: 패치 KANJI1 발화체 토큰 반영.
589,문자,0x9B4C,0x9B4D,523,든,00 30,2,e9ae2b,주황색 대화체 발화용 문자행: 패치 KANJI1 발화체 토큰 반영.
590,문자,0x9B4E,0x9B4F,524,␠,18 12,2,e2f0d9,전각 공백 토큰 18 12 반영. 일반/발화 변환 대상 아님.
591,문자,0x9B50,0x9B51,525,것,F0 1D,2,e9ae2b,주황색 대화체 발화용 문자행: 패치 KANJI1 발화체 토큰 반영.
592,문자,0x9B52,0x9B53,526,을,50 DE,2,e9ae2b,주황색 대화체 발화용 문자행: 패치 KANJI1 발화체 토큰 반영.
593,문자,0x9B54,0x9B55,527,␠,18 12,2,e2f0d9,전각 공백 토큰 18 12 반영. 일반/발화 변환 대상 아님.
594,문자,0x9B56,0x9B57,528,파,E0 E2,2,e9ae2b,주황색 대화체 발화용 문자행: 패치 KANJI1 발화체 토큰 반영.
595,문자,0x9B58,0x9B59,529,괴,E0 20,2,e9ae2b,주황색 대화체 발화용 문자행: 패치 KANJI1 발화체 토큰 반영.
596,문자,0x9B5A,0x9B5B,530,하,50 E3,2,e9ae2b,주황색 대화체 발화용 문자행: 패치 KANJI1 발화체 토큰 반영.
597,문자,0x9B5C,0x9B5D,531,면,70 35,2,e9ae2b,주황색 대화체 발화용 문자행: 패치 KANJI1 발화체 토큰 반영.
598,문자,0x9B5E,0x9B5F,532,서,50 3D,2,e9ae2b,주황색 대화체 발화용 문자행: 패치 KANJI1 발화체 토큰 반영.
599,문자,0x9B60,0x9B61,533,까,F0 21,2,e9ae2b,주황색 대화체 발화용 문자행: 패치 KANJI1 발화체 토큰 반영.
600,문자,0x9B62,0x9B63,534,지,10 E0,2,e9ae2b,주황색 대화체 발화용 문자행: 패치 KANJI1 발화체 토큰 반영.
601,문자,0x9B64,0x9B65,535,␠,18 12,2,e2f0d9,전각 공백 토큰 18 12 반영. 일반/발화 변환 대상 아님.
602,문자,0x9B66,0x9B67,536,욕,F0 C9,2,e9ae2b,주황색 대화체 발화용 문자행: 패치 KANJI1 발화체 토큰 반영.
603,문자,0x9B68,0x9B69,537,망,00 35,2,e9ae2b,주황색 대화체 발화용 문자행: 패치 KANJI1 발화체 토큰 반영.
604,문자,0x9B6A,0x9B6B,538,을,50 DE,2,e9ae2b,주황색 대화체 발화용 문자행: 패치 KANJI1 발화체 토큰 반영.
605,문자,0x9B6C,0x9B6D,539,␠,18 12,2,e2f0d9,전각 공백 토큰 18 12 반영. 일반/발화 변환 대상 아님.
606,문자,0x9B6E,0x9B6F,540,채,F0 E0,2,e9ae2b,주황색 대화체 발화용 문자행: 패치 KANJI1 발화체 토큰 반영.
607,문자,0x9B70,0x9B71,541,우,F0 CD,2,e9ae2b,주황색 대화체 발화용 문자행: 패치 KANJI1 발화체 토큰 반영.
608,문자,0x9B72,0x9B73,542,고,80 20,2,e9ae2b,주황색 대화체 발화용 문자행: 패치 KANJI1 발화체 토큰 반영.
609,문자,0x9B74,0x9B75,543,␠,18 12,2,e2f0d9,전각 공백 토큰 18 12 반영. 일반/발화 변환 대상 아님.
610,문자,0x9B76,0x9B77,544,싶,00 44,2,e9ae2b,주황색 대화체 발화용 문자행: 패치 KANJI1 발화체 토큰 반영.
611,문자,0x9B78,0x9B79,545,지,10 E0,2,e9ae2b,주황색 대화체 발화용 문자행: 패치 KANJI1 발화체 토큰 반영.
612,문자,0x9B7A,0x9B7B,546,␠,18 12,2,e2f0d9,전각 공백 토큰 18 12 반영. 일반/발화 변환 대상 아님.
613,문자,0x9B7C,0x9B7D,547,않,00 5E,2,e9ae2b,주황색 대화체 발화용 문자행: 패치 KANJI1 발화체 토큰 반영.
614,문자,0x9B7E,0x9B7F,548,아,00 56,2,e9ae2b,주황색 대화체 발화용 문자행: 패치 KANJI1 발화체 토큰 반영.
615,문자,0x9B80,0x9B81,549,！,A0 12,2,e2f0d9,PC-88 문장부호 토큰 반영. 일반/발화 변환 대상 아님.
616,제어,0x9B82,0x9B84,,,19 00 69,3,fce4d6,한글 재배치 기준 HL=9B82→9B85. 제어토큰 유지.
617,제어,0x9B85,0x9B86,,,15 00,2,fce4d6,한글 재배치 기준 HL=9B85→9B87. 제어토큰 유지.
618,제어,0x9B87,0x9B88,,,17 00,2,fce4d6,한글 재배치 기준 HL=9B87→9B89. 제어토큰 유지.
619,제어,0x9B89,0x9B8B,,,1A 00 04,3,fce4d6,한글 재배치 기준 HL=9B89→9B8C. 제어토큰 유지.
620,제어,0x9B8C,0x9B8D,,,16 00,2,fce4d6,한글 재배치 기준 HL=9B8C→9B8E. 제어토큰 유지.
621,문자,0x9B8E,0x9B8F,550,후,C8 E4,2,e2f0d9,"연녹색 일반 문자행: 같은 glyph base 유지, 첫 바이트 OR 08h로 일반 문자 토큰 반영."
622,문자,0x9B90,0x9B91,551,・,60 12,2,e2f0d9,PC-88 문장부호 토큰 반영. 일반/발화 변환 대상 아님.
623,문자,0x9B92,0x9B93,552,・,60 12,2,e2f0d9,PC-88 문장부호 토큰 반영. 일반/발화 변환 대상 아님.
624,문자,0x9B94,0x9B95,553,・,60 12,2,e2f0d9,PC-88 문장부호 토큰 반영. 일반/발화 변환 대상 아님.
625,문자,0x9B96,0x9B97,554,␠,18 12,2,e2f0d9,전각 공백 토큰 18 12 반영. 일반/발화 변환 대상 아님.
626,문자,0x9B98,0x9B99,555,제,F8 E3,2,e2f0d9,"연녹색 일반 문자행: 같은 glyph base 유지, 첫 바이트 OR 08h로 일반 문자 토큰 반영."
627,문자,0x9B9A,0x9B9B,556,법,88 3B,2,e2f0d9,"연녹색 일반 문자행: 같은 glyph base 유지, 첫 바이트 OR 08h로 일반 문자 토큰 반영."
628,문자,0x9B9C,0x9B9D,557,␠,18 12,2,e2f0d9,전각 공백 토큰 18 12 반영. 일반/발화 변환 대상 아님.
629,문자,0x9B9E,0x9B9F,558,고,88 20,2,e2f0d9,"연녹색 일반 문자행: 같은 glyph base 유지, 첫 바이트 OR 08h로 일반 문자 토큰 반영."
630,문자,0x9BA0,0x9BA1,559,상,28 3D,2,e2f0d9,"연녹색 일반 문자행: 같은 glyph base 유지, 첫 바이트 OR 08h로 일반 문자 토큰 반영."
631,문자,0x9BA2,0x9BA3,560,한,78 E3,2,e2f0d9,"연녹색 일반 문자행: 같은 glyph base 유지, 첫 바이트 OR 08h로 일반 문자 토큰 반영."
632,문자,0x9BA4,0x9BA5,561,␠,18 12,2,e2f0d9,전각 공백 토큰 18 12 반영. 일반/발화 변환 대상 아님.
633,문자,0x9BA6,0x9BA7,562,척,18 E1,2,e2f0d9,"연녹색 일반 문자행: 같은 glyph base 유지, 첫 바이트 OR 08h로 일반 문자 토큰 반영."
634,문자,0x9BA8,0x9BA9,563,␠,18 12,2,e2f0d9,전각 공백 토큰 18 12 반영. 일반/발화 변환 대상 아님.
635,문자,0x9BAA,0x9BAB,564,하,58 E3,2,e2f0d9,"연녹색 일반 문자행: 같은 glyph base 유지, 첫 바이트 OR 08h로 일반 문자 토큰 반영."
636,문자,0x9BAC,0x9BAD,565,는,E8 25,2,e2f0d9,"연녹색 일반 문자행: 같은 glyph base 유지, 첫 바이트 OR 08h로 일반 문자 토큰 반영."
637,문자,0x9BAE,0x9BAF,566,구,08 21,2,e2f0d9,"연녹색 일반 문자행: 같은 glyph base 유지, 첫 바이트 OR 08h로 일반 문자 토큰 반영."
638,문자,0x9BB0,0x9BB1,567,나,B8 24,2,e2f0d9,"연녹색 일반 문자행: 같은 glyph base 유지, 첫 바이트 OR 08h로 일반 문자 토큰 반영."
639,문자,0x9BB2,0x9BB3,568,・,60 12,2,e2f0d9,PC-88 문장부호 토큰 반영. 일반/발화 변환 대상 아님.
640,문자,0x9BB4,0x9BB5,569,・,60 12,2,e2f0d9,PC-88 문장부호 토큰 반영. 일반/발화 변환 대상 아님.
641,문자,0x9BB6,0x9BB7,570,・,60 12,2,e2f0d9,PC-88 문장부호 토큰 반영. 일반/발화 변환 대상 아님.
642,문자,0x9BB8,0x9BB9,571,␠,18 12,2,e2f0d9,전각 공백 토큰 18 12 반영. 일반/발화 변환 대상 아님.
643,문자,0x9BBA,0x9BBB,572,어,08 70,2,e2f0d9,"연녹색 일반 문자행: 같은 glyph base 유지, 첫 바이트 OR 08h로 일반 문자 토큰 반영."
644,문자,0x9BBC,0x9BBD,573,차,A8 E0,2,e2f0d9,"연녹색 일반 문자행: 같은 glyph base 유지, 첫 바이트 OR 08h로 일반 문자 토큰 반영."
645,문자,0x9BBE,0x9BBF,574,피,38 E3,2,e2f0d9,"연녹색 일반 문자행: 같은 glyph base 유지, 첫 바이트 OR 08h로 일반 문자 토큰 반영."
646,문자,0x9BC0,0x9BC1,575,␠,18 12,2,e2f0d9,전각 공백 토큰 18 12 반영. 일반/발화 변환 대상 아님.
647,문자,0x9BC2,0x9BC3,576,바,88 39,2,e2f0d9,"연녹색 일반 문자행: 같은 glyph base 유지, 첫 바이트 OR 08h로 일반 문자 토큰 반영."
648,문자,0x9BC4,0x9BC5,577,리,78 34,2,e2f0d9,"연녹색 일반 문자행: 같은 glyph base 유지, 첫 바이트 OR 08h로 일반 문자 토큰 반영."
649,문자,0x9BC6,0x9BC7,578,아,08 56,2,e2f0d9,"연녹색 일반 문자행: 같은 glyph base 유지, 첫 바이트 OR 08h로 일반 문자 토큰 반영."
650,문자,0x9BC8,0x9BC9,579,에,48 9F,2,e2f0d9,"연녹색 일반 문자행: 같은 glyph base 유지, 첫 바이트 OR 08h로 일반 문자 토큰 반영."
651,문자,0x9BCA,0x9BCB,580,게,08 20,2,e2f0d9,"연녹색 일반 문자행: 같은 glyph base 유지, 첫 바이트 OR 08h로 일반 문자 토큰 반영."
652,문자,0x9BCC,0x9BCD,581,␠,18 12,2,e2f0d9,전각 공백 토큰 18 12 반영. 일반/발화 변환 대상 아님.
653,문자,0x9BCE,0x9BCF,582,속,E8 3D,2,e2f0d9,"연녹색 일반 문자행: 같은 glyph base 유지, 첫 바이트 OR 08h로 일반 문자 토큰 반영."
654,문자,0x9BD0,0x9BD1,583,아,08 56,2,e2f0d9,"연녹색 일반 문자행: 같은 glyph base 유지, 첫 바이트 OR 08h로 일반 문자 토큰 반영."
655,문자,0x9BD2,0x9BD3,584,␠,18 12,2,e2f0d9,전각 공백 토큰 18 12 반영. 일반/발화 변환 대상 아님.
656,문자,0x9BD4,0x9BD5,585,넘,88 25,2,e2f0d9,"연녹색 일반 문자행: 같은 glyph base 유지, 첫 바이트 OR 08h로 일반 문자 토큰 반영."
657,문자,0x9BD6,0x9BD7,586,어,08 70,2,e2f0d9,"연녹색 일반 문자행: 같은 glyph base 유지, 첫 바이트 OR 08h로 일반 문자 토큰 반영."
658,문자,0x9BD8,0x9BD9,587,가,A8 17,2,e2f0d9,"연녹색 일반 문자행: 같은 glyph base 유지, 첫 바이트 OR 08h로 일반 문자 토큰 반영."
659,문자,0x9BDA,0x9BDB,588,␠,18 12,2,e2f0d9,전각 공백 토큰 18 12 반영. 일반/발화 변환 대상 아님.
660,문자,0x9BDC,0x9BDD,589,싸,08 46,2,e2f0d9,"연녹색 일반 문자행: 같은 glyph base 유지, 첫 바이트 OR 08h로 일반 문자 토큰 반영."
661,문자,0x9BDE,0x9BDF,590,우,F8 CD,2,e2f0d9,"연녹색 일반 문자행: 같은 glyph base 유지, 첫 바이트 OR 08h로 일반 문자 토큰 반영."
662,문자,0x9BE0,0x9BE1,591,는,E8 25,2,e2f0d9,"연녹색 일반 문자행: 같은 glyph base 유지, 첫 바이트 OR 08h로 일반 문자 토큰 반영."
663,문자,0x9BE2,0x9BE3,592,␠,18 12,2,e2f0d9,전각 공백 토큰 18 12 반영. 일반/발화 변환 대상 아님.
664,문자,0x9BE4,0x9BE5,593,신,D8 3F,2,e2f0d9,"연녹색 일반 문자행: 같은 glyph base 유지, 첫 바이트 OR 08h로 일반 문자 토큰 반영."
665,문자,0x9BE6,0x9BE7,594,세,A8 3D,2,e2f0d9,"연녹색 일반 문자행: 같은 glyph base 유지, 첫 바이트 OR 08h로 일반 문자 토큰 반영."
666,문자,0x9BE8,0x9BE9,595,에,48 9F,2,e2f0d9,"연녹색 일반 문자행: 같은 glyph base 유지, 첫 바이트 OR 08h로 일반 문자 토큰 반영."
667,문자,0x9BEA,0x9BEB,596,␠,18 12,2,e2f0d9,전각 공백 토큰 18 12 반영. 일반/발화 변환 대상 아님.
668,문자,0x9BEC,0x9BED,597,불,28 3C,2,e2f0d9,"연녹색 일반 문자행: 같은 glyph base 유지, 첫 바이트 OR 08h로 일반 문자 토큰 반영."
669,문자,0x9BEE,0x9BEF,598,과,B8 20,2,e2f0d9,"연녹색 일반 문자행: 같은 glyph base 유지, 첫 바이트 OR 08h로 일반 문자 토큰 반영."
670,문자,0x9BF0,0x9BF1,599,한,78 E3,2,e2f0d9,"연녹색 일반 문자행: 같은 glyph base 유지, 첫 바이트 OR 08h로 일반 문자 토큰 반영."
671,문자,0x9BF2,0x9BF3,600,␠,18 12,2,e2f0d9,전각 공백 토큰 18 12 반영. 일반/발화 변환 대상 아님.
672,문자,0x9BF4,0x9BF5,601,주,F8 F5,2,e2f0d9,"연녹색 일반 문자행: 같은 glyph base 유지, 첫 바이트 OR 08h로 일반 문자 토큰 반영."
673,문자,0x9BF6,0x9BF7,602,제,F8 E3,2,e2f0d9,"연녹색 일반 문자행: 같은 glyph base 유지, 첫 바이트 OR 08h로 일반 문자 토큰 반영."
674,문자,0x9BF8,0x9BF9,603,에,48 9F,2,e2f0d9,"연녹색 일반 문자행: 같은 glyph base 유지, 첫 바이트 OR 08h로 일반 문자 토큰 반영."
675,문자,0x9BFA,0x9BFB,604,！,A0 12,2,e2f0d9,PC-88 문장부호 토큰 반영. 일반/발화 변환 대상 아님.
676,제어,0x9BFC,0x9BFE,,,19 00 77,3,fce4d6,한글 재배치 기준 HL=9BFC→9BFF. 제어토큰 유지.
677,제어,0x9BFF,0x9C00,,,15 00,2,fce4d6,한글 재배치 기준 HL=9BFF→9C01. 제어토큰 유지.
678,제어,0x9C01,0x9C02,,,17 00,2,fce4d6,한글 재배치 기준 HL=9C01→9C03. 제어토큰 유지.
679,제어,0x9C03,0x9C05,,,1A 00 04,3,fce4d6,한글 재배치 기준 HL=9C03→9C06. 제어토큰 유지.
680,제어,0x9C06,0x9C08,,,12 00 40,3,fce4d6,한글 재배치 기준 HL=9C06→9C09. 제어토큰 유지.
681,제어,0x9C09,0x9C0A,,,16 00,2,fce4d6,한글 재배치 기준 HL=9C09→9C0B. 제어토큰 유지.
682,문자,0x9C0B,0x9C0C,605,바,88 39,2,e2f0d9,"연녹색 일반 문자행: 같은 glyph base 유지, 첫 바이트 OR 08h로 일반 문자 토큰 반영."
683,제어,0x9C0D,0x9C0F,,,12 00 10,3,fce4d6,한글 재배치 기준 HL=9C0D→9C10. 제어토큰 유지.
684,문자,0x9C10,0x9C11,606,리,78 34,2,e2f0d9,"연녹색 일반 문자행: 같은 glyph base 유지, 첫 바이트 OR 08h로 일반 문자 토큰 반영."
685,문자,0x9C12,0x9C13,607,아,08 56,2,e2f0d9,"연녹색 일반 문자행: 같은 glyph base 유지, 첫 바이트 OR 08h로 일반 문자 토큰 반영."
686,문자,0x9C14,0x9C15,608,・,60 12,2,e2f0d9,PC-88 문장부호 토큰 반영. 일반/발화 변환 대상 아님.
687,문자,0x9C16,0x9C17,609,・,60 12,2,e2f0d9,PC-88 문장부호 토큰 반영. 일반/발화 변환 대상 아님.
688,문자,0x9C18,0x9C19,610,・,60 12,2,e2f0d9,PC-88 문장부호 토큰 반영. 일반/발화 변환 대상 아님.
689,문자,0x9C1A,0x9C1B,611,␠,18 12,2,e2f0d9,전각 공백 토큰 18 12 반영. 일반/발화 변환 대상 아님.
690,문자,0x9C1C,0x9C1D,612,네,98 25,2,e2f0d9,"연녹색 일반 문자행: 같은 glyph base 유지, 첫 바이트 OR 08h로 일반 문자 토큰 반영."
691,문자,0x9C1E,0x9C1F,613,가,A8 17,2,e2f0d9,"연녹색 일반 문자행: 같은 glyph base 유지, 첫 바이트 OR 08h로 일반 문자 토큰 반영."
692,문자,0x9C20,0x9C21,614,␠,18 12,2,e2f0d9,전각 공백 토큰 18 12 반영. 일반/발화 변환 대상 아님.
693,문자,0x9C22,0x9C23,615,한,78 E3,2,e2f0d9,"연녹색 일반 문자행: 같은 glyph base 유지, 첫 바이트 OR 08h로 일반 문자 토큰 반영."
694,문자,0x9C24,0x9C25,616,␠,18 12,2,e2f0d9,전각 공백 토큰 18 12 반영. 일반/발화 변환 대상 아님.
695,문자,0x9C26,0x9C27,617,말,F8 34,2,e2f0d9,"연녹색 일반 문자행: 같은 glyph base 유지, 첫 바이트 OR 08h로 일반 문자 토큰 반영."
696,문자,0x9C28,0x9C29,618,의,88 DE,2,e2f0d9,"연녹색 일반 문자행: 같은 glyph base 유지, 첫 바이트 OR 08h로 일반 문자 토큰 반영."
697,문자,0x9C2A,0x9C2B,619,␠,18 12,2,e2f0d9,전각 공백 토큰 18 12 반영. 일반/발화 변환 대상 아님.
698,문자,0x9C2C,0x9C2D,620,뜻,E8 30,2,e2f0d9,"연녹색 일반 문자행: 같은 glyph base 유지, 첫 바이트 OR 08h로 일반 문자 토큰 반영."
699,문자,0x9C2E,0x9C2F,621,은,48 DE,2,e2f0d9,"연녹색 일반 문자행: 같은 glyph base 유지, 첫 바이트 OR 08h로 일반 문자 토큰 반영."
700,문자,0x9C30,0x9C31,622,、,20 12,2,e2f0d9,PC-88 문장부호 토큰 반영. 일반/발화 변환 대상 아님.
701,문자,0x9C32,0x9C33,623,지,18 E0,2,e2f0d9,"연녹색 일반 문자행: 같은 glyph base 유지, 첫 바이트 OR 08h로 일반 문자 토큰 반영."
702,문자,0x9C34,0x9C35,624,금,88 21,2,e2f0d9,"연녹색 일반 문자행: 같은 glyph base 유지, 첫 바이트 OR 08h로 일반 문자 토큰 반영."
703,문자,0x9C36,0x9C37,625,도,28 2E,2,e2f0d9,"연녹색 일반 문자행: 같은 glyph base 유지, 첫 바이트 OR 08h로 일반 문자 토큰 반영."
704,문자,0x9C38,0x9C39,626,␠,18 12,2,e2f0d9,전각 공백 토큰 18 12 반영. 일반/발화 변환 대상 아님.
705,문자,0x9C3A,0x9C3B,627,잘,48 DF,2,e2f0d9,"연녹색 일반 문자행: 같은 glyph base 유지, 첫 바이트 OR 08h로 일반 문자 토큰 반영."
706,문자,0x9C3C,0x9C3D,628,␠,18 12,2,e2f0d9,전각 공백 토큰 18 12 반영. 일반/발화 변환 대상 아님.
707,문자,0x9C3E,0x9C3F,629,모,A8 35,2,e2f0d9,"연녹색 일반 문자행: 같은 glyph base 유지, 첫 바이트 OR 08h로 일반 문자 토큰 반영."
708,문자,0x9C40,0x9C41,630,르,38 34,2,e2f0d9,"연녹색 일반 문자행: 같은 glyph base 유지, 첫 바이트 OR 08h로 일반 문자 토큰 반영."
709,문자,0x9C42,0x9C43,631,겠,18 20,2,e2f0d9,"연녹색 일반 문자행: 같은 glyph base 유지, 첫 바이트 OR 08h로 일반 문자 토큰 반영."
710,문자,0x9C44,0x9C45,632,어,08 70,2,e2f0d9,"연녹색 일반 문자행: 같은 glyph base 유지, 첫 바이트 OR 08h로 일반 문자 토큰 반영."
711,문자,0x9C46,0x9C47,633,・,60 12,2,e2f0d9,PC-88 문장부호 토큰 반영. 일반/발화 변환 대상 아님.
712,문자,0x9C48,0x9C49,634,・,60 12,2,e2f0d9,PC-88 문장부호 토큰 반영. 일반/발화 변환 대상 아님.
713,문자,0x9C4A,0x9C4B,635,・,60 12,2,e2f0d9,PC-88 문장부호 토큰 반영. 일반/발화 변환 대상 아님.
714,제어,0x9C4C,0x9C4D,,,15 00,2,fce4d6,한글 재배치 기준 HL=9C4C→9C4E. 제어토큰 유지.
715,문자,0x9C4E,0x9C4F,636,그,58 21,2,e2f0d9,"연녹색 일반 문자행: 같은 glyph base 유지, 첫 바이트 OR 08h로 일반 문자 토큰 반영."
716,문자,0x9C50,0x9C51,637,치,A8 E1,2,e2f0d9,"연녹색 일반 문자행: 같은 glyph base 유지, 첫 바이트 OR 08h로 일반 문자 토큰 반영."
717,문자,0x9C52,0x9C53,638,만,D8 34,2,e2f0d9,"연녹색 일반 문자행: 같은 glyph base 유지, 첫 바이트 OR 08h로 일반 문자 토큰 반영."
718,제어,0x9C54,0x9C57,,,12 00 24 00,4,fce4d6,한글 재배치 기준 HL=9C54→9C58. 제어토큰 유지.
719,문자,0x9C58,0x9C59,639,、,20 12,2,e2f0d9,PC-88 문장부호 토큰 반영. 일반/발화 변환 대상 아님.
720,문자,0x9C5A,0x9C5B,640,내,08 25,2,e2f0d9,"연녹색 일반 문자행: 같은 glyph base 유지, 첫 바이트 OR 08h로 일반 문자 토큰 반영."
721,문자,0x9C5C,0x9C5D,641,가,A8 17,2,e2f0d9,"연녹색 일반 문자행: 같은 glyph base 유지, 첫 바이트 OR 08h로 일반 문자 토큰 반영."
722,문자,0x9C5E,0x9C5F,642,␠,18 12,2,e2f0d9,전각 공백 토큰 18 12 반영. 일반/발화 변환 대상 아님.
723,문자,0x9C60,0x9C61,643,정,F8 DF,2,e2f0d9,"연녹색 일반 문자행: 같은 glyph base 유지, 첫 바이트 OR 08h로 일반 문자 토큰 반영."
724,문자,0x9C62,0x9C63,644,말,F8 34,2,e2f0d9,"연녹색 일반 문자행: 같은 glyph base 유지, 첫 바이트 OR 08h로 일반 문자 토큰 반영."
725,문자,0x9C64,0x9C65,645,␠,18 12,2,e2f0d9,전각 공백 토큰 18 12 반영. 일반/발화 변환 대상 아님.
726,문자,0x9C66,0x9C67,646,바,88 39,2,e2f0d9,"연녹색 일반 문자행: 같은 glyph base 유지, 첫 바이트 OR 08h로 일반 문자 토큰 반영."
727,문자,0x9C68,0x9C69,647,리,78 34,2,e2f0d9,"연녹색 일반 문자행: 같은 glyph base 유지, 첫 바이트 OR 08h로 일반 문자 토큰 반영."
728,문자,0x9C6A,0x9C6B,648,스,78 3F,2,e2f0d9,"연녹색 일반 문자행: 같은 glyph base 유지, 첫 바이트 OR 08h로 일반 문자 토큰 반영."
729,문자,0x9C6C,0x9C6D,649,의,88 DE,2,e2f0d9,"연녹색 일반 문자행: 같은 glyph base 유지, 첫 바이트 OR 08h로 일반 문자 토큰 반영."
730,문자,0x9C6E,0x9C6F,650,␠,18 12,2,e2f0d9,전각 공백 토큰 18 12 반영. 일반/발화 변환 대상 아님.
731,문자,0x9C70,0x9C71,651,전,B8 DF,2,e2f0d9,"연녹색 일반 문자행: 같은 glyph base 유지, 첫 바이트 OR 08h로 일반 문자 토큰 반영."
732,문자,0x9C72,0x9C73,652,사,E8 3C,2,e2f0d9,"연녹색 일반 문자행: 같은 glyph base 유지, 첫 바이트 OR 08h로 일반 문자 토큰 반영."
733,문자,0x9C74,0x9C75,653,라,F8 30,2,e2f0d9,"연녹색 일반 문자행: 같은 glyph base 유지, 첫 바이트 OR 08h로 일반 문자 토큰 반영."
734,문자,0x9C76,0x9C77,654,면,78 35,2,e2f0d9,"연녹색 일반 문자행: 같은 glyph base 유지, 첫 바이트 OR 08h로 일반 문자 토큰 반영."
735,문자,0x9C78,0x9C79,655,・,60 12,2,e2f0d9,PC-88 문장부호 토큰 반영. 일반/발화 변환 대상 아님.
736,문자,0x9C7A,0x9C7B,656,・,60 12,2,e2f0d9,PC-88 문장부호 토큰 반영. 일반/발화 변환 대상 아님.
737,문자,0x9C7C,0x9C7D,657,・,60 12,2,e2f0d9,PC-88 문장부호 토큰 반영. 일반/발화 변환 대상 아님.
738,문자,0x9C7E,0x9C7F,658,␠,18 12,2,e2f0d9,전각 공백 토큰 18 12 반영. 일반/발화 변환 대상 아님.
739,문자,0x9C80,0x9C81,659,지,18 E0,2,e2f0d9,"연녹색 일반 문자행: 같은 glyph base 유지, 첫 바이트 OR 08h로 일반 문자 토큰 반영."
740,문자,0x9C82,0x9C83,660,금,88 21,2,e2f0d9,"연녹색 일반 문자행: 같은 glyph base 유지, 첫 바이트 OR 08h로 일반 문자 토큰 반영."
741,문자,0x9C84,0x9C85,661,␠,18 12,2,e2f0d9,전각 공백 토큰 18 12 반영. 일반/발화 변환 대상 아님.
742,문자,0x9C86,0x9C87,662,내,08 25,2,e2f0d9,"연녹색 일반 문자행: 같은 glyph base 유지, 첫 바이트 OR 08h로 일반 문자 토큰 반영."
743,문자,0x9C88,0x9C89,663,가,A8 17,2,e2f0d9,"연녹색 일반 문자행: 같은 glyph base 유지, 첫 바이트 OR 08h로 일반 문자 토큰 반영."
744,문자,0x9C8A,0x9C8B,664,␠,18 12,2,e2f0d9,전각 공백 토큰 18 12 반영. 일반/발화 변환 대상 아님.
745,문자,0x9C8C,0x9C8D,665,싸,08 46,2,e2f0d9,"연녹색 일반 문자행: 같은 glyph base 유지, 첫 바이트 OR 08h로 일반 문자 토큰 반영."
746,문자,0x9C8E,0x9C8F,666,워,F8 D7,2,e2f0d9,"연녹색 일반 문자행: 같은 glyph base 유지, 첫 바이트 OR 08h로 일반 문자 토큰 반영."
747,문자,0x9C90,0x9C91,667,야,08 6C,2,e2f0d9,"연녹색 일반 문자행: 같은 glyph base 유지, 첫 바이트 OR 08h로 일반 문자 토큰 반영."
748,문자,0x9C92,0x9C93,668,한,78 E3,2,e2f0d9,"연녹색 일반 문자행: 같은 glyph base 유지, 첫 바이트 OR 08h로 일반 문자 토큰 반영."
749,문자,0x9C94,0x9C95,669,다,C8 27,2,e2f0d9,"연녹색 일반 문자행: 같은 glyph base 유지, 첫 바이트 OR 08h로 일반 문자 토큰 반영."
750,문자,0x9C96,0x9C97,670,면,78 35,2,e2f0d9,"연녹색 일반 문자행: 같은 glyph base 유지, 첫 바이트 OR 08h로 일반 문자 토큰 반영."
751,문자,0x9C98,0x9C99,671,、,20 12,2,e2f0d9,PC-88 문장부호 토큰 반영. 일반/발화 변환 대상 아님.
752,제어,0x9C9A,0x9C9B,,,15 00,2,fce4d6,한글 재배치 기준 HL=9C9A→9C9C. 제어토큰 유지.
753,문자,0x9C9C,0x9C9D,672,이,98 DE,2,e2f0d9,"연녹색 일반 문자행: 같은 glyph base 유지, 첫 바이트 OR 08h로 일반 문자 토큰 반영."
754,문자,0x9C9E,0x9C9F,673,겨,28 20,2,e2f0d9,"연녹색 일반 문자행: 같은 glyph base 유지, 첫 바이트 OR 08h로 일반 문자 토큰 반영."
755,문자,0x9CA0,0x9CA1,674,서,58 3D,2,e2f0d9,"연녹색 일반 문자행: 같은 glyph base 유지, 첫 바이트 OR 08h로 일반 문자 토큰 반영."
756,문자,0x9CA2,0x9CA3,675,␠,18 12,2,e2f0d9,전각 공백 토큰 18 12 반영. 일반/발화 변환 대상 아님.
757,문자,0x9CA4,0x9CA5,676,답,08 2C,2,e2f0d9,"연녹색 일반 문자행: 같은 glyph base 유지, 첫 바이트 OR 08h로 일반 문자 토큰 반영."
758,문자,0x9CA6,0x9CA7,677,을,58 DE,2,e2f0d9,"연녹색 일반 문자행: 같은 glyph base 유지, 첫 바이트 OR 08h로 일반 문자 토큰 반영."
759,문자,0x9CA8,0x9CA9,678,␠,18 12,2,e2f0d9,전각 공백 토큰 18 12 반영. 일반/발화 변환 대상 아님.
760,문자,0x9CAA,0x9CAB,679,찾,E8 E0,2,e2f0d9,"연녹색 일반 문자행: 같은 glyph base 유지, 첫 바이트 OR 08h로 일반 문자 토큰 반영."
761,문자,0x9CAC,0x9CAD,680,고,88 20,2,e2f0d9,"연녹색 일반 문자행: 같은 glyph base 유지, 첫 바이트 OR 08h로 일반 문자 토큰 반영."
762,문자,0x9CAE,0x9CAF,681,␠,18 12,2,e2f0d9,전각 공백 토큰 18 12 반영. 일반/발화 변환 대상 아님.
763,문자,0x9CB0,0x9CB1,682,말,F8 34,2,e2f0d9,"연녹색 일반 문자행: 같은 glyph base 유지, 첫 바이트 OR 08h로 일반 문자 토큰 반영."
764,문자,0x9CB2,0x9CB3,683,겠,18 20,2,e2f0d9,"연녹색 일반 문자행: 같은 glyph base 유지, 첫 바이트 OR 08h로 일반 문자 토큰 반영."
765,문자,0x9CB4,0x9CB5,684,어,08 70,2,e2f0d9,"연녹색 일반 문자행: 같은 glyph base 유지, 첫 바이트 OR 08h로 일반 문자 토큰 반영."
766,문자,0x9CB6,0x9CB7,685,！,A0 12,2,e2f0d9,PC-88 문장부호 토큰 반영. 일반/발화 변환 대상 아님.
767,문자,0x9CB8,0x9CB9,686,␠,18 12,2,e2f0d9,전각 공백 토큰 18 12 반영. 일반/발화 변환 대상 아님.
768,문자,0x9CBA,0x9CBB,687,모,A8 35,2,e2f0d9,"연녹색 일반 문자행: 같은 glyph base 유지, 첫 바이트 OR 08h로 일반 문자 토큰 반영."
769,문자,0x9CBC,0x9CBD,688,든,08 30,2,e2f0d9,"연녹색 일반 문자행: 같은 glyph base 유지, 첫 바이트 OR 08h로 일반 문자 토큰 반영."
770,문자,0x9CBE,0x9CBF,689,␠,18 12,2,e2f0d9,전각 공백 토큰 18 12 반영. 일반/발화 변환 대상 아님.
771,문자,0x9CC0,0x9CC1,690,것,F8 1D,2,e2f0d9,"연녹색 일반 문자행: 같은 glyph base 유지, 첫 바이트 OR 08h로 일반 문자 토큰 반영."
772,문자,0x9CC2,0x9CC3,691,을,58 DE,2,e2f0d9,"연녹색 일반 문자행: 같은 glyph base 유지, 첫 바이트 OR 08h로 일반 문자 토큰 반영."
773,문자,0x9CC4,0x9CC5,692,␠,18 12,2,e2f0d9,전각 공백 토큰 18 12 반영. 일반/발화 변환 대상 아님.
774,문자,0x9CC6,0x9CC7,693,나,B8 24,2,e2f0d9,"연녹색 일반 문자행: 같은 glyph base 유지, 첫 바이트 OR 08h로 일반 문자 토큰 반영."
775,문자,0x9CC8,0x9CC9,694,한,78 E3,2,e2f0d9,"연녹색 일반 문자행: 같은 glyph base 유지, 첫 바이트 OR 08h로 일반 문자 토큰 반영."
776,문자,0x9CCA,0x9CCB,695,테,68 E2,2,e2f0d9,"연녹색 일반 문자행: 같은 glyph base 유지, 첫 바이트 OR 08h로 일반 문자 토큰 반영."
777,문자,0x9CCC,0x9CCD,696,␠,18 12,2,e2f0d9,전각 공백 토큰 18 12 반영. 일반/발화 변환 대상 아님.
778,문자,0x9CCE,0x9CCF,697,맡,28 35,2,e2f0d9,"연녹색 일반 문자행: 같은 glyph base 유지, 첫 바이트 OR 08h로 일반 문자 토큰 반영."
779,문자,0x9CD0,0x9CD1,698,긴,C8 21,2,e2f0d9,"연녹색 일반 문자행: 같은 glyph base 유지, 첫 바이트 OR 08h로 일반 문자 토큰 반영."
780,문자,0x9CD2,0x9CD3,699,、,20 12,2,e2f0d9,PC-88 문장부호 토큰 반영. 일반/발화 변환 대상 아님.
781,문자,0x9CD4,0x9CD5,700,진,38 E0,2,e2f0d9,"연녹색 일반 문자행: 같은 glyph base 유지, 첫 바이트 OR 08h로 일반 문자 토큰 반영."
782,문자,0x9CD6,0x9CD7,701,짜,78 E0,2,e2f0d9,"연녹색 일반 문자행: 같은 glyph base 유지, 첫 바이트 OR 08h로 일반 문자 토큰 반영."
783,문자,0x9CD8,0x9CD9,702,␠,18 12,2,e2f0d9,전각 공백 토큰 18 12 반영. 일반/발화 변환 대상 아님.
784,문자,0x9CDA,0x9CDB,703,의,88 DE,2,e2f0d9,"연녹색 일반 문자행: 같은 glyph base 유지, 첫 바이트 OR 08h로 일반 문자 토큰 반영."
785,문자,0x9CDC,0x9CDD,704,도,28 2E,2,e2f0d9,"연녹색 일반 문자행: 같은 glyph base 유지, 첫 바이트 OR 08h로 일반 문자 토큰 반영."
786,문자,0x9CDE,0x9CDF,705,는,E8 25,2,e2f0d9,"연녹색 일반 문자행: 같은 glyph base 유지, 첫 바이트 OR 08h로 일반 문자 토큰 반영."
787,문자,0x9CE0,0x9CE1,706,・,60 12,2,e2f0d9,PC-88 문장부호 토큰 반영. 일반/발화 변환 대상 아님.
788,문자,0x9CE2,0x9CE3,707,・,60 12,2,e2f0d9,PC-88 문장부호 토큰 반영. 일반/발화 변환 대상 아님.
789,문자,0x9CE4,0x9CE5,708,・,60 12,2,e2f0d9,PC-88 문장부호 토큰 반영. 일반/발화 변환 대상 아님.
790,문자,0x9CE6,0x9CE7,709,␠,18 12,2,e2f0d9,전각 공백 토큰 18 12 반영. 일반/발화 변환 대상 아님.
791,문자,0x9CE8,0x9CE9,710,대,B8 2D,2,e2f0d9,"연녹색 일반 문자행: 같은 glyph base 유지, 첫 바이트 OR 08h로 일반 문자 토큰 반영."
792,문자,0x9CEA,0x9CEB,711,체,38 E1,2,e2f0d9,"연녹색 일반 문자행: 같은 glyph base 유지, 첫 바이트 OR 08h로 일반 문자 토큰 반영."
793,문자,0x9CEC,0x9CED,712,␠,18 12,2,e2f0d9,전각 공백 토큰 18 12 반영. 일반/발화 변환 대상 아님.
794,문자,0x9CEE,0x9CEF,713,뭘,48 39,2,e2f0d9,"연녹색 일반 문자행: 같은 glyph base 유지, 첫 바이트 OR 08h로 일반 문자 토큰 반영."
795,문자,0x9CF0,0x9CF1,714,까,F8 21,2,e2f0d9,"연녹색 일반 문자행: 같은 glyph base 유지, 첫 바이트 OR 08h로 일반 문자 토큰 반영."
796,문자,0x9CF2,0x9CF3,715,・,60 12,2,e2f0d9,PC-88 문장부호 토큰 반영. 일반/발화 변환 대상 아님.
797,문자,0x9CF4,0x9CF5,716,・,60 12,2,e2f0d9,PC-88 문장부호 토큰 반영. 일반/발화 변환 대상 아님.
798,문자,0x9CF6,0x9CF7,717,・,60 12,2,e2f0d9,PC-88 문장부호 토큰 반영. 일반/발화 변환 대상 아님.
799,문자,0x9CF8,0x9CF9,718,？,90 12,2,e2f0d9,PC-88 문장부호 토큰 반영. 일반/발화 변환 대상 아님.
800,제어,0x9CFA,0x9CFC,,,19 00 78,3,fce4d6,한글 재배치 기준 HL=9CFA→9CFD. 제어토큰 유지.
801,제어,0x9CFD,0x9CFE,,,15 00,2,fce4d6,한글 재배치 기준 HL=9CFD→9CFF. 제어토큰 유지.
802,제어,0x9CFF,0x9D00,,,17 00,2,fce4d6,한글 재배치 기준 HL=9CFF→9D01. 제어토큰 유지.
803,제어,0x9D01,0x9D03,,,1A 00 04,3,fce4d6,한글 재배치 기준 HL=9D01→9D04. 제어토큰 유지.
804,제어,0x9D04,0x9D05,,,16 00,2,fce4d6,한글 재배치 기준 HL=9D04→9D06. 제어토큰 유지.
805,문자,0x9D06,0x9D07,719,난,C0 24,2,e9ae2b,주황색 대화체 발화용 문자행: 패치 KANJI1 발화체 토큰 반영.
806,문자,0x9D08,0x9D09,720,␠,18 12,2,e2f0d9,전각 공백 토큰 18 12 반영. 일반/발화 변환 대상 아님.
807,문자,0x9D0A,0x9D0B,721,너,50 25,2,e9ae2b,주황색 대화체 발화용 문자행: 패치 KANJI1 발화체 토큰 반영.
808,문자,0x9D0C,0x9D0D,722,와,E0 9F,2,e9ae2b,주황색 대화체 발화용 문자행: 패치 KANJI1 발화체 토큰 반영.
809,문자,0x9D0E,0x9D0F,723,␠,18 12,2,e2f0d9,전각 공백 토큰 18 12 반영. 일반/발화 변환 대상 아님.
810,문자,0x9D10,0x9D11,724,맞,10 35,2,e9ae2b,주황색 대화체 발화용 문자행: 패치 KANJI1 발화체 토큰 반영.
811,문자,0x9D12,0x9D13,725,서,50 3D,2,e9ae2b,주황색 대화체 발화용 문자행: 패치 KANJI1 발화체 토큰 반영.
812,문자,0x9D14,0x9D15,726,␠,18 12,2,e2f0d9,전각 공백 토큰 18 12 반영. 일반/발화 변환 대상 아님.
813,문자,0x9D16,0x9D17,727,싸,00 46,2,e9ae2b,주황색 대화체 발화용 문자행: 패치 KANJI1 발화체 토큰 반영.
814,문자,0x9D18,0x9D19,728,우,F0 CD,2,e9ae2b,주황색 대화체 발화용 문자행: 패치 KANJI1 발화체 토큰 반영.
815,문자,0x9D1A,0x9D1B,729,겠,10 20,2,e9ae2b,주황색 대화체 발화용 문자행: 패치 KANJI1 발화체 토큰 반영.
816,문자,0x9D1C,0x9D1D,730,어,08 70,2,e2f0d9,"연녹색 일반 문자행: 같은 glyph base 유지, 첫 바이트 OR 08h로 일반 문자 토큰 반영."
817,문자,0x9D1E,0x9D1F,731,！,A0 12,2,e2f0d9,PC-88 문장부호 토큰 반영. 일반/발화 변환 대상 아님.
818,문자,0x9D20,0x9D21,732,␠,18 12,2,e2f0d9,전각 공백 토큰 18 12 반영. 일반/발화 변환 대상 아님.
819,문자,0x9D22,0x9D23,733,네,90 25,2,e9ae2b,주황색 대화체 발화용 문자행: 패치 KANJI1 발화체 토큰 반영.
820,문자,0x9D24,0x9D25,734,가,A0 17,2,e9ae2b,주황색 대화체 발화용 문자행: 패치 KANJI1 발화체 토큰 반영.
821,문자,0x9D26,0x9D27,735,␠,18 12,2,e2f0d9,전각 공백 토큰 18 12 반영. 일반/발화 변환 대상 아님.
822,문자,0x9D28,0x9D29,736,모,A0 35,2,e9ae2b,주황색 대화체 발화용 문자행: 패치 KANJI1 발화체 토큰 반영.
823,문자,0x9D2A,0x9D2B,737,든,00 30,2,e9ae2b,주황색 대화체 발화용 문자행: 패치 KANJI1 발화체 토큰 반영.
824,문자,0x9D2C,0x9D2D,738,␠,18 12,2,e2f0d9,전각 공백 토큰 18 12 반영. 일반/발화 변환 대상 아님.
825,문자,0x9D2E,0x9D2F,739,것,F0 1D,2,e9ae2b,주황색 대화체 발화용 문자행: 패치 KANJI1 발화체 토큰 반영.
826,문자,0x9D30,0x9D31,740,을,50 DE,2,e9ae2b,주황색 대화체 발화용 문자행: 패치 KANJI1 발화체 토큰 반영.
827,문자,0x9D32,0x9D33,741,␠,18 12,2,e2f0d9,전각 공백 토큰 18 12 반영. 일반/발화 변환 대상 아님.
828,문자,0x9D34,0x9D35,742,없,00 7C,2,e9ae2b,주황색 대화체 발화용 문자행: 패치 KANJI1 발화체 토큰 반영.
829,문자,0x9D36,0x9D37,743,애,00 6A,2,e9ae2b,주황색 대화체 발화용 문자행: 패치 KANJI1 발화체 토큰 반영.
830,문자,0x9D38,0x9D39,744,버,F0 39,2,e9ae2b,주황색 대화체 발화용 문자행: 패치 KANJI1 발화체 토큰 반영.
831,문자,0x9D3A,0x9D3B,745,리,70 34,2,e9ae2b,주황색 대화체 발화용 문자행: 패치 KANJI1 발화체 토큰 반영.
832,문자,0x9D3C,0x9D3D,746,겠,10 20,2,e9ae2b,주황색 대화체 발화용 문자행: 패치 KANJI1 발화체 토큰 반영.
833,문자,0x9D3E,0x9D3F,747,다,C0 27,2,e9ae2b,주황색 대화체 발화용 문자행: 패치 KANJI1 발화체 토큰 반영.
834,문자,0x9D40,0x9D41,748,고,80 20,2,e9ae2b,주황색 대화체 발화용 문자행: 패치 KANJI1 발화체 토큰 반영.
835,문자,0x9D42,0x9D43,749,␠,18 12,2,e2f0d9,전각 공백 토큰 18 12 반영. 일반/발화 변환 대상 아님.
836,문자,0x9D44,0x9D45,750,한,70 E3,2,e9ae2b,주황색 대화체 발화용 문자행: 패치 KANJI1 발화체 토큰 반영.
837,문자,0x9D46,0x9D47,751,␠,18 12,2,e2f0d9,전각 공백 토큰 18 12 반영. 일반/발화 변환 대상 아님.
838,문자,0x9D48,0x9D49,752,이,90 DE,2,e9ae2b,주황색 대화체 발화용 문자행: 패치 KANJI1 발화체 토큰 반영.
839,문자,0x9D4A,0x9D4B,753,상,20 3D,2,e9ae2b,주황색 대화체 발화용 문자행: 패치 KANJI1 발화체 토큰 반영.
840,문자,0x9D4C,0x9D4D,754,、,20 12,2,e2f0d9,PC-88 문장부호 토큰 반영. 일반/발화 변환 대상 아님.
841,문자,0x9D4E,0x9D4F,755,도,20 2E,2,e9ae2b,주황색 대화체 발화용 문자행: 패치 KANJI1 발화체 토큰 반영.
842,문자,0x9D50,0x9D51,756,망,00 35,2,e9ae2b,주황색 대화체 발화용 문자행: 패치 KANJI1 발화체 토큰 반영.
843,문자,0x9D52,0x9D53,757,친,B0 E1,2,e9ae2b,주황색 대화체 발화용 문자행: 패치 KANJI1 발화체 토큰 반영.
844,문자,0x9D54,0x9D55,758,들,10 30,2,e9ae2b,주황색 대화체 발화용 문자행: 패치 KANJI1 발화체 토큰 반영.
845,문자,0x9D56,0x9D57,759,␠,18 12,2,e2f0d9,전각 공백 토큰 18 12 반영. 일반/발화 변환 대상 아님.
846,문자,0x9D58,0x9D59,760,아,00 56,2,e9ae2b,주황색 대화체 발화용 문자행: 패치 KANJI1 발화체 토큰 반영.
847,문자,0x9D5A,0x9D5B,761,무,00 36,2,e9ae2b,주황색 대화체 발화용 문자행: 패치 KANJI1 발화체 토큰 반영.
848,문자,0x9D5C,0x9D5D,762,것,F0 1D,2,e9ae2b,주황색 대화체 발화용 문자행: 패치 KANJI1 발화체 토큰 반영.
849,문자,0x9D5E,0x9D5F,763,도,20 2E,2,e9ae2b,주황색 대화체 발화용 문자행: 패치 KANJI1 발화체 토큰 반영.
850,문자,0x9D60,0x9D61,764,␠,18 12,2,e2f0d9,전각 공백 토큰 18 12 반영. 일반/발화 변환 대상 아님.
851,문자,0x9D62,0x9D63,765,해,B0 E3,2,e9ae2b,주황색 대화체 발화용 문자행: 패치 KANJI1 발화체 토큰 반영.
852,문자,0x9D64,0x9D65,766,결,40 20,2,e9ae2b,주황색 대화체 발화용 문자행: 패치 KANJI1 발화체 토큰 반영.
853,문자,0x9D66,0x9D67,767,되,80 2E,2,e9ae2b,주황색 대화체 발화용 문자행: 패치 KANJI1 발화체 토큰 반영.
854,문자,0x9D68,0x9D69,768,지,10 E0,2,e9ae2b,주황색 대화체 발화용 문자행: 패치 KANJI1 발화체 토큰 반영.
855,문자,0x9D6A,0x9D6B,769,␠,18 12,2,e2f0d9,전각 공백 토큰 18 12 반영. 일반/발화 변환 대상 아님.
856,문자,0x9D6C,0x9D6D,770,않,00 5E,2,e9ae2b,주황색 대화체 발화용 문자행: 패치 KANJI1 발화체 토큰 반영.
857,문자,0x9D6E,0x9D6F,771,아,00 56,2,e9ae2b,주황색 대화체 발화용 문자행: 패치 KANJI1 발화체 토큰 반영.
858,문자,0x9D70,0x9D71,772,。,30 12,2,e2f0d9,PC-88 문장부호 토큰 반영. 일반/발화 변환 대상 아님.
859,제어,0x9D72,0x9D73,,,15 00,2,fce4d6,한글 재배치 기준 HL=9D72→9D74. 제어토큰 유지.
860,문자,0x9D74,0x9D75,773,베,90 3B,2,e9ae2b,주황색 대화체 발화용 문자행: 패치 KANJI1 발화체 토큰 반영.
861,문자,0x9D76,0x9D77,774,니,F0 25,2,e9ae2b,주황색 대화체 발화용 문자행: 패치 KANJI1 발화체 토큰 반영.
862,문자,0x9D78,0x9D79,775,티,D0 E2,2,e9ae2b,주황색 대화체 발화용 문자행: 패치 KANJI1 발화체 토큰 반영.
863,문자,0x9D7A,0x9D7B,776,와,E0 9F,2,e9ae2b,주황색 대화체 발화용 문자행: 패치 KANJI1 발화체 토큰 반영.
864,문자,0x9D7C,0x9D7D,777,␠,18 12,2,e2f0d9,전각 공백 토큰 18 12 반영. 일반/발화 변환 대상 아님.
865,문자,0x9D7E,0x9D7F,778,나,B0 24,2,e9ae2b,주황색 대화체 발화용 문자행: 패치 KANJI1 발화체 토큰 반영.
866,문자,0x9D80,0x9D81,779,␠,18 12,2,e2f0d9,전각 공백 토큰 18 12 반영. 일반/발화 변환 대상 아님.
867,문자,0x9D82,0x9D83,780,자,00 DF,2,e9ae2b,주황색 대화체 발화용 문자행: 패치 KANJI1 발화체 토큰 반영.
868,문자,0x9D84,0x9D85,781,신,D0 3F,2,e9ae2b,주황색 대화체 발화용 문자행: 패치 KANJI1 발화체 토큰 반영.
869,문자,0x9D86,0x9D87,782,에,40 9F,2,e9ae2b,주황색 대화체 발화용 문자행: 패치 KANJI1 발화체 토큰 반영.
870,문자,0x9D88,0x9D89,783,게,00 20,2,e9ae2b,주황색 대화체 발화용 문자행: 패치 KANJI1 발화체 토큰 반영.
871,문자,0x9D8A,0x9D8B,784,␠,18 12,2,e2f0d9,전각 공백 토큰 18 12 반영. 일반/발화 변환 대상 아님.
872,문자,0x9D8C,0x9D8D,785,모,A0 35,2,e9ae2b,주황색 대화체 발화용 문자행: 패치 KANJI1 발화체 토큰 반영.
873,문자,0x9D8E,0x9D8F,786,든,00 30,2,e9ae2b,주황색 대화체 발화용 문자행: 패치 KANJI1 발화체 토큰 반영.
874,문자,0x9D90,0x9D91,787,␠,18 12,2,e2f0d9,전각 공백 토큰 18 12 반영. 일반/발화 변환 대상 아님.
875,문자,0x9D92,0x9D93,788,것,F0 1D,2,e9ae2b,주황색 대화체 발화용 문자행: 패치 KANJI1 발화체 토큰 반영.
876,문자,0x9D94,0x9D95,789,을,50 DE,2,e9ae2b,주황색 대화체 발화용 문자행: 패치 KANJI1 발화체 토큰 반영.
877,문자,0x9D96,0x9D97,790,␠,18 12,2,e2f0d9,전각 공백 토큰 18 12 반영. 일반/발화 변환 대상 아님.
878,문자,0x9D98,0x9D99,791,걸,C0 1D,2,e9ae2b,주황색 대화체 발화용 문자행: 패치 KANJI1 발화체 토큰 반영.
879,문자,0x9D9A,0x9D9B,792,고,80 20,2,e9ae2b,주황색 대화체 발화용 문자행: 패치 KANJI1 발화체 토큰 반영.
880,문자,0x9D9C,0x9D9D,793,、,20 12,2,e2f0d9,PC-88 문장부호 토큰 반영. 일반/발화 변환 대상 아님.
881,문자,0x9D9E,0x9D9F,794,답,00 2C,2,e9ae2b,주황색 대화체 발화용 문자행: 패치 KANJI1 발화체 토큰 반영.
882,문자,0x9DA0,0x9DA1,795,을,50 DE,2,e9ae2b,주황색 대화체 발화용 문자행: 패치 KANJI1 발화체 토큰 반영.
883,문자,0x9DA2,0x9DA3,796,␠,18 12,2,e2f0d9,전각 공백 토큰 18 12 반영. 일반/발화 변환 대상 아님.
884,문자,0x9DA4,0x9DA5,797,찾,E0 E0,2,e9ae2b,주황색 대화체 발화용 문자행: 패치 KANJI1 발화체 토큰 반영.
885,문자,0x9DA6,0x9DA7,798,아,00 56,2,e9ae2b,주황색 대화체 발화용 문자행: 패치 KANJI1 발화체 토큰 반영.
886,문자,0x9DA8,0x9DA9,799,내,00 25,2,e9ae2b,주황색 대화체 발화용 문자행: 패치 KANJI1 발화체 토큰 반영.
887,문자,0x9DAA,0x9DAB,800,겠,10 20,2,e9ae2b,주황색 대화체 발화용 문자행: 패치 KANJI1 발화체 토큰 반영.
888,문자,0x9DAC,0x9DAD,801,어,00 70,2,e9ae2b,주황색 대화체 발화용 문자행: 패치 KANJI1 발화체 토큰 반영.
889,문자,0x9DAE,0x9DAF,802,！,A0 12,2,e2f0d9,PC-88 문장부호 토큰 반영. 일반/발화 변환 대상 아님.
890,제어,0x9DB0,0x9DB2,,,19 00 69,3,fce4d6,한글 재배치 기준 HL=9DB0→9DB3. 제어토큰 유지.
891,제어,0x9DB3,0x9DB4,,,15 00,2,fce4d6,한글 재배치 기준 HL=9DB3→9DB5. 제어토큰 유지.
892,제어,0x9DB5,0x9DB6,,,17 00,2,fce4d6,한글 재배치 기준 HL=9DB5→9DB7. 제어토큰 유지.
893,제어,0x9DB7,0x9DB9,,,1A 00 04,3,fce4d6,한글 재배치 기준 HL=9DB7→9DBA. 제어토큰 유지.
894,제어,0x9DBA,0x9DBB,,,16 00,2,fce4d6,한글 재배치 기준 HL=9DBA→9DBC. 제어토큰 유지.
895,문자,0x9DBC,0x9DBD,803,역,68 9F,2,e2f0d9,"연녹색 일반 문자행: 같은 glyph base 유지, 첫 바이트 OR 08h로 일반 문자 토큰 반영."
896,문자,0x9DBE,0x9DBF,804,경,68 20,2,e2f0d9,"연녹색 일반 문자행: 같은 glyph base 유지, 첫 바이트 OR 08h로 일반 문자 토큰 반영."
897,문자,0x9DC0,0x9DC1,805,에,48 9F,2,e2f0d9,"연녹색 일반 문자행: 같은 glyph base 유지, 첫 바이트 OR 08h로 일반 문자 토큰 반영."
898,문자,0x9DC2,0x9DC3,806,␠,18 12,2,e2f0d9,전각 공백 토큰 18 12 반영. 일반/발화 변환 대상 아님.
899,문자,0x9DC4,0x9DC5,807,몰,C8 35,2,e2f0d9,"연녹색 일반 문자행: 같은 glyph base 유지, 첫 바이트 OR 08h로 일반 문자 토큰 반영."
900,문자,0x9DC6,0x9DC7,808,리,78 34,2,e2f0d9,"연녹색 일반 문자행: 같은 glyph base 유지, 첫 바이트 OR 08h로 일반 문자 토큰 반영."
901,문자,0x9DC8,0x9DC9,809,면,78 35,2,e2f0d9,"연녹색 일반 문자행: 같은 glyph base 유지, 첫 바이트 OR 08h로 일반 문자 토큰 반영."
902,문자,0x9DCA,0x9DCB,810,␠,18 12,2,e2f0d9,전각 공백 토큰 18 12 반영. 일반/발화 변환 대상 아님.
903,문자,0x9DCC,0x9DCD,811,부,08 3C,2,e2f0d9,"연녹색 일반 문자행: 같은 glyph base 유지, 첫 바이트 OR 08h로 일반 문자 토큰 반영."
904,문자,0x9DCE,0x9DCF,812,질,48 E0,2,e2f0d9,"연녹색 일반 문자행: 같은 glyph base 유지, 첫 바이트 OR 08h로 일반 문자 토큰 반영."
905,문자,0x9DD0,0x9DD1,813,없,08 7C,2,e2f0d9,"연녹색 일반 문자행: 같은 glyph base 유지, 첫 바이트 OR 08h로 일반 문자 토큰 반영."
906,문자,0x9DD2,0x9DD3,814,더,C8 2D,2,e2f0d9,"연녹색 일반 문자행: 같은 glyph base 유지, 첫 바이트 OR 08h로 일반 문자 토큰 반영."
907,문자,0x9DD4,0x9DD5,815,라,F8 30,2,e2f0d9,"연녹색 일반 문자행: 같은 glyph base 유지, 첫 바이트 OR 08h로 일반 문자 토큰 반영."
908,문자,0x9DD6,0x9DD7,816,도,28 2E,2,e2f0d9,"연녹색 일반 문자행: 같은 glyph base 유지, 첫 바이트 OR 08h로 일반 문자 토큰 반영."
909,문자,0x9DD8,0x9DD9,817,␠,18 12,2,e2f0d9,전각 공백 토큰 18 12 반영. 일반/발화 변환 대상 아님.
910,문자,0x9DDA,0x9DDB,818,반,98 39,2,e2f0d9,"연녹색 일반 문자행: 같은 glyph base 유지, 첫 바이트 OR 08h로 일반 문자 토큰 반영."
911,문자,0x9DDC,0x9DDD,819,발,B8 39,2,e2f0d9,"연녹색 일반 문자행: 같은 glyph base 유지, 첫 바이트 OR 08h로 일반 문자 토큰 반영."
912,문자,0x9DDE,0x9DDF,820,하,58 E3,2,e2f0d9,"연녹색 일반 문자행: 같은 glyph base 유지, 첫 바이트 OR 08h로 일반 문자 토큰 반영."
913,문자,0x9DE0,0x9DE1,821,는,E8 25,2,e2f0d9,"연녹색 일반 문자행: 같은 glyph base 유지, 첫 바이트 OR 08h로 일반 문자 토큰 반영."
914,문자,0x9DE2,0x9DE3,822,␠,18 12,2,e2f0d9,전각 공백 토큰 18 12 반영. 일반/발화 변환 대상 아님.
915,문자,0x9DE4,0x9DE5,823,것,F8 1D,2,e2f0d9,"연녹색 일반 문자행: 같은 glyph base 유지, 첫 바이트 OR 08h로 일반 문자 토큰 반영."
916,문자,0x9DE6,0x9DE7,824,이,98 DE,2,e2f0d9,"연녹색 일반 문자행: 같은 glyph base 유지, 첫 바이트 OR 08h로 일반 문자 토큰 반영."
917,문자,0x9DE8,0x9DE9,825,␠,18 12,2,e2f0d9,전각 공백 토큰 18 12 반영. 일반/발화 변환 대상 아님.
918,문자,0x9DEA,0x9DEB,826,바,88 39,2,e2f0d9,"연녹색 일반 문자행: 같은 glyph base 유지, 첫 바이트 OR 08h로 일반 문자 토큰 반영."
919,문자,0x9DEC,0x9DED,827,로,D8 31,2,e2f0d9,"연녹색 일반 문자행: 같은 glyph base 유지, 첫 바이트 OR 08h로 일반 문자 토큰 반영."
920,문자,0x9DEE,0x9DEF,828,␠,18 12,2,e2f0d9,전각 공백 토큰 18 12 반영. 일반/발화 변환 대상 아님.
921,문자,0x9DF0,0x9DF1,829,인,A8 DE,2,e2f0d9,"연녹색 일반 문자행: 같은 glyph base 유지, 첫 바이트 OR 08h로 일반 문자 토큰 반영."
922,문자,0x9DF2,0x9DF3,830,간,C8 17,2,e2f0d9,"연녹색 일반 문자행: 같은 glyph base 유지, 첫 바이트 OR 08h로 일반 문자 토큰 반영."
923,문자,0x9DF4,0x9DF5,831,이,98 DE,2,e2f0d9,"연녹색 일반 문자행: 같은 glyph base 유지, 첫 바이트 OR 08h로 일반 문자 토큰 반영."
924,문자,0x9DF6,0x9DF7,832,지,18 E0,2,e2f0d9,"연녹색 일반 문자행: 같은 glyph base 유지, 첫 바이트 OR 08h로 일반 문자 토큰 반영."
925,문자,0x9DF8,0x9DF9,833,。,30 12,2,e2f0d9,PC-88 문장부호 토큰 반영. 일반/발화 변환 대상 아님.
926,문자,0x9DFA,0x9DFB,834,싸,08 46,2,e2f0d9,"연녹색 일반 문자행: 같은 glyph base 유지, 첫 바이트 OR 08h로 일반 문자 토큰 반영."
927,문자,0x9DFC,0x9DFD,835,움,F8 D5,2,e2f0d9,"연녹색 일반 문자행: 같은 glyph base 유지, 첫 바이트 OR 08h로 일반 문자 토큰 반영."
928,문자,0x9DFE,0x9DFF,836,␠,18 12,2,e2f0d9,전각 공백 토큰 18 12 반영. 일반/발화 변환 대상 아님.
929,문자,0x9E00,0x9E01,837,속,E8 3D,2,e2f0d9,"연녹색 일반 문자행: 같은 glyph base 유지, 첫 바이트 OR 08h로 일반 문자 토큰 반영."
930,문자,0x9E02,0x9E03,838,에,48 9F,2,e2f0d9,"연녹색 일반 문자행: 같은 glyph base 유지, 첫 바이트 OR 08h로 일반 문자 토큰 반영."
931,문자,0x9E04,0x9E05,839,서,58 3D,2,e2f0d9,"연녹색 일반 문자행: 같은 glyph base 유지, 첫 바이트 OR 08h로 일반 문자 토큰 반영."
932,문자,0x9E06,0x9E07,840,␠,18 12,2,e2f0d9,전각 공백 토큰 18 12 반영. 일반/발화 변환 대상 아님.
933,문자,0x9E08,0x9E09,841,답,08 2C,2,e2f0d9,"연녹색 일반 문자행: 같은 glyph base 유지, 첫 바이트 OR 08h로 일반 문자 토큰 반영."
934,문자,0x9E0A,0x9E0B,842,을,58 DE,2,e2f0d9,"연녹색 일반 문자행: 같은 glyph base 유지, 첫 바이트 OR 08h로 일반 문자 토큰 반영."
935,문자,0x9E0C,0x9E0D,843,␠,18 12,2,e2f0d9,전각 공백 토큰 18 12 반영. 일반/발화 변환 대상 아님.
936,문자,0x9E0E,0x9E0F,844,찾,E8 E0,2,e2f0d9,"연녹색 일반 문자행: 같은 glyph base 유지, 첫 바이트 OR 08h로 일반 문자 토큰 반영."
937,문자,0x9E10,0x9E11,845,겠,18 20,2,e2f0d9,"연녹색 일반 문자행: 같은 glyph base 유지, 첫 바이트 OR 08h로 일반 문자 토큰 반영."
938,문자,0x9E12,0x9E13,846,다,C8 27,2,e2f0d9,"연녹색 일반 문자행: 같은 glyph base 유지, 첫 바이트 OR 08h로 일반 문자 토큰 반영."
939,문자,0x9E14,0x9E15,847,라,F8 30,2,e2f0d9,"연녹색 일반 문자행: 같은 glyph base 유지, 첫 바이트 OR 08h로 일반 문자 토큰 반영."
940,문자,0x9E16,0x9E17,848,・,60 12,2,e2f0d9,PC-88 문장부호 토큰 반영. 일반/발화 변환 대상 아님.
941,문자,0x9E18,0x9E19,849,・,60 12,2,e2f0d9,PC-88 문장부호 토큰 반영. 일반/발화 변환 대상 아님.
942,문자,0x9E1A,0x9E1B,850,・,60 12,2,e2f0d9,PC-88 문장부호 토큰 반영. 일반/발화 변환 대상 아님.
943,제어,0x9E1C,0x9E1D,,,15 00,2,fce4d6,한글 재배치 기준 HL=9E1C→9E1E. 제어토큰 유지.
944,문자,0x9E1E,0x9E1F,851,어,08 70,2,e2f0d9,"연녹색 일반 문자행: 같은 glyph base 유지, 첫 바이트 OR 08h로 일반 문자 토큰 반영."
945,문자,0x9E20,0x9E21,852,리,78 34,2,e2f0d9,"연녹색 일반 문자행: 같은 glyph base 유지, 첫 바이트 OR 08h로 일반 문자 토큰 반영."
946,문자,0x9E22,0x9E23,853,석,68 3D,2,e2f0d9,"연녹색 일반 문자행: 같은 glyph base 유지, 첫 바이트 OR 08h로 일반 문자 토큰 반영."
947,문자,0x9E24,0x9E25,854,구,08 21,2,e2f0d9,"연녹색 일반 문자행: 같은 glyph base 유지, 첫 바이트 OR 08h로 일반 문자 토큰 반영."
948,문자,0x9E26,0x9E27,855,나,B8 24,2,e2f0d9,"연녹색 일반 문자행: 같은 glyph base 유지, 첫 바이트 OR 08h로 일반 문자 토큰 반영."
949,문자,0x9E28,0x9E29,856,!,A0 12,2,e2f0d9,PC-88 문장부호 토큰 반영. 일반/발화 변환 대상 아님.
950,문자,0x9E2A,0x9E2B,857,␠,18 12,2,e2f0d9,전각 공백 토큰 18 12 반영. 일반/발화 변환 대상 아님.
951,문자,0x9E2C,0x9E2D,858,좋,F8 F3,2,e2f0d9,"연녹색 일반 문자행: 같은 glyph base 유지, 첫 바이트 OR 08h로 일반 문자 토큰 반영."
952,문자,0x9E2E,0x9E2F,859,다,C8 27,2,e2f0d9,"연녹색 일반 문자행: 같은 glyph base 유지, 첫 바이트 OR 08h로 일반 문자 토큰 반영."
953,문자,0x9E30,0x9E31,860,、,20 12,2,e2f0d9,PC-88 문장부호 토큰 반영. 일반/발화 변환 대상 아님.
954,문자,0x9E32,0x9E33,861,얼,08 78,2,e2f0d9,"연녹색 일반 문자행: 같은 glyph base 유지, 첫 바이트 OR 08h로 일반 문자 토큰 반영."
955,문자,0x9E34,0x9E35,862,마,B8 34,2,e2f0d9,"연녹색 일반 문자행: 같은 glyph base 유지, 첫 바이트 OR 08h로 일반 문자 토큰 반영."
956,문자,0x9E36,0x9E37,863,나,B8 24,2,e2f0d9,"연녹색 일반 문자행: 같은 glyph base 유지, 첫 바이트 OR 08h로 일반 문자 토큰 반영."
957,문자,0x9E38,0x9E39,864,␠,18 12,2,e2f0d9,전각 공백 토큰 18 12 반영. 일반/발화 변환 대상 아님.
958,문자,0x9E3A,0x9E3B,865,부,08 3C,2,e2f0d9,"연녹색 일반 문자행: 같은 glyph base 유지, 첫 바이트 OR 08h로 일반 문자 토큰 반영."
959,문자,0x9E3C,0x9E3D,866,질,48 E0,2,e2f0d9,"연녹색 일반 문자행: 같은 glyph base 유지, 첫 바이트 OR 08h로 일반 문자 토큰 반영."
960,문자,0x9E3E,0x9E3F,867,없,08 7C,2,e2f0d9,"연녹색 일반 문자행: 같은 glyph base 유지, 첫 바이트 OR 08h로 일반 문자 토큰 반영."
961,문자,0x9E40,0x9E41,868,는,E8 25,2,e2f0d9,"연녹색 일반 문자행: 같은 glyph base 유지, 첫 바이트 OR 08h로 일반 문자 토큰 반영."
962,문자,0x9E42,0x9E43,869,␠,18 12,2,e2f0d9,전각 공백 토큰 18 12 반영. 일반/발화 변환 대상 아님.
963,문자,0x9E44,0x9E45,870,짓,68 E0,2,e2f0d9,"연녹색 일반 문자행: 같은 glyph base 유지, 첫 바이트 OR 08h로 일반 문자 토큰 반영."
964,문자,0x9E46,0x9E47,871,인,A8 DE,2,e2f0d9,"연녹색 일반 문자행: 같은 glyph base 유지, 첫 바이트 OR 08h로 일반 문자 토큰 반영."
965,문자,0x9E48,0x9E49,872,지,18 E0,2,e2f0d9,"연녹색 일반 문자행: 같은 glyph base 유지, 첫 바이트 OR 08h로 일반 문자 토큰 반영."
966,문자,0x9E4A,0x9E4B,873,␠,18 12,2,e2f0d9,전각 공백 토큰 18 12 반영. 일반/발화 변환 대상 아님.
967,문자,0x9E4C,0x9E4D,874,뼈,88 3C,2,e2f0d9,"연녹색 일반 문자행: 같은 glyph base 유지, 첫 바이트 OR 08h로 일반 문자 토큰 반영."
968,문자,0x9E4E,0x9E4F,875,저,98 DF,2,e2f0d9,"연녹색 일반 문자행: 같은 glyph base 유지, 첫 바이트 OR 08h로 일반 문자 토큰 반영."
969,문자,0x9E50,0x9E51,876,리,78 34,2,e2f0d9,"연녹색 일반 문자행: 같은 glyph base 유지, 첫 바이트 OR 08h로 일반 문자 토큰 반영."
970,문자,0x9E52,0x9E53,877,게,08 20,2,e2f0d9,"연녹색 일반 문자행: 같은 glyph base 유지, 첫 바이트 OR 08h로 일반 문자 토큰 반영."
971,문자,0x9E54,0x9E55,878,␠,18 12,2,e2f0d9,전각 공백 토큰 18 12 반영. 일반/발화 변환 대상 아님.
972,문자,0x9E56,0x9E57,879,깨,08 24,2,e2f0d9,"연녹색 일반 문자행: 같은 glyph base 유지, 첫 바이트 OR 08h로 일반 문자 토큰 반영."
973,문자,0x9E58,0x9E59,880,닫,E8 27,2,e2f0d9,"연녹색 일반 문자행: 같은 glyph base 유지, 첫 바이트 OR 08h로 일반 문자 토큰 반영."
974,문자,0x9E5A,0x9E5B,881,게,08 20,2,e2f0d9,"연녹색 일반 문자행: 같은 glyph base 유지, 첫 바이트 OR 08h로 일반 문자 토큰 반영."
975,문자,0x9E5C,0x9E5D,882,␠,18 12,2,e2f0d9,전각 공백 토큰 18 12 반영. 일반/발화 변환 대상 아님.
976,문자,0x9E5E,0x9E5F,883,해,B8 E3,2,e2f0d9,"연녹색 일반 문자행: 같은 glyph base 유지, 첫 바이트 OR 08h로 일반 문자 토큰 반영."
977,문자,0x9E60,0x9E61,884,주,F8 F5,2,e2f0d9,"연녹색 일반 문자행: 같은 glyph base 유지, 첫 바이트 OR 08h로 일반 문자 토큰 반영."
978,문자,0x9E62,0x9E63,885,마,B8 34,2,e2f0d9,"연녹색 일반 문자행: 같은 glyph base 유지, 첫 바이트 OR 08h로 일반 문자 토큰 반영."
979,문자,0x9E64,0x9E65,886,!,A0 12,2,e2f0d9,PC-88 문장부호 토큰 반영. 일반/발화 변환 대상 아님.
980,제어,0x9E66,0x9E67,,,10 11,2,fce4d6,한글 재배치 기준 HL=9E66→9E68. 제어토큰 유지.
981,제어,0x9E68,0x9E69,,,10 11,2,fce4d6,한글 재배치 기준 HL=9E68→9E6A. 제어토큰 유지.
982,제어,0x9E6A,0x9E6B,,,10 11,2,fce4d6,한글 재배치 기준 HL=9E6A→9E6C. 제어토큰 유지.
983,제어,0x9E6C,0x9E6D,,,10 11,2,fce4d6,한글 재배치 기준 HL=9E6C→9E6E. 제어토큰 유지.
984,제어,0x9E6E,0x9E6F,,,10 11,2,fce4d6,한글 재배치 기준 HL=9E6E→9E70. 제어토큰 유지.
