runtime_addrs,row,kind,slot,char,row_addr,byte_indices,decoded_old_bytes,decoded_new_bytes,disk_offsets,raw_old_bytes,raw_new_bytes,payload_starts,decode_keys,segment_indices,fill
0x969B 0x969C,8,문자,1,이,0x969B~0x969C,0 1,38 19,98 DE,0x1DB54 0x1DB53,2B 0D,8B D2,0x1D770 0x1D770,0x28 0x28,0x01B 0x01C,e2f0d9
0x969D 0x969E,9,문자,2,것,0x969D~0x969E,0 1,C8 38,F8 1D,0x1DB52 0x1DB51,BD 2E,ED 13,0x1D770 0x1D770,0x28 0x28,0x01D 0x01E,e2f0d9
0x969F 0x96A0,10,문자,3,으,0x969F~0x96A0,0 1,78 28,38 DE,0x1DB50 0x1DB4F,6F 20,2F D6,0x1D770 0x1D770,0x28 0x28,0x01F 0x020,e2f0d9
0x96A1 0x96A2,11,문자,4,로,0x96A1~0x96A2,0 1,A8 7A,D8 31,0x1DB4E 0x1DB4D,A1 74,D1 2B,0x1D770 0x1D770,0x28 0x28,0x021 0x022,e2f0d9
0x96A3 0x96A4,12,문자,5,␠,0x96A3~0x96A4,0 1,F8 38,18 12,0x1DB4C 0x1DB4B,F3 34,13 0E,0x1D770 0x1D770,0x28 0x28,0x023 0x024,e2f0d9
0x96A5 0x96A6,13,문자,6,끝,0x96A5~0x96A6,0 1,38 28,A8 24,0x1DB4A 0x1DB49,35 26,A5 22,0x1D770 0x1D770,0x28 0x28,0x025 0x026,e2f0d9
0x96A7 0x96A8,14,문자,7,난,0x96A7~0x96A8,0 1,F8 19,C8 24,0x1DB48 0x1DB47,F7 19,C7 24,0x1D770 0x1D770,0x28 0x28,0x027 0x028,e2f0d9
0x96A9 0x96AA,15,문자,8,␠,0x96A9~0x96AA,0 1,F8 38,18 12,0x1DB46 0x1DB45,F9 3A,19 14,0x1D770 0x1D770,0x28 0x28,0x029 0x02A,e2f0d9
0x96AB 0x96AC,16,문자,9,게,0x96AB~0x96AC,0 1,18 19,08 20,0x1DB44 0x1DB43,1B 1D,0B 24,0x1D770 0x1D770,0x28 0x28,0x02B 0x02C,e2f0d9
0x96AD 0x96AE,17,문자,10,␠,0x96AD~0x96AE,0 1,78 28,18 12,0x1DB42 0x1DB41,7D 2E,1D 18,0x1D770 0x1D770,0x28 0x28,0x02D 0x02E,e2f0d9
0x96AF 0x96B0,18,문자,11,아,0x96AF~0x96B0,0 1,F8 28,08 56,0x1DB40 0x1DB3F,FF 30,0F 5E,0x1D770 0x1D770,0x28 0x28,0x02F 0x030,e2f0d9
0x96B1 0x96B2,19,문자,12,니,0x96B1~0x96B2,0 1,A8 28,F8 25,0x1DB3E 0x1DB3D,B1 32,01 2F,0x1D770 0x1D770,0x28 0x28,0x031 0x032,e2f0d9
0x96B3 0x96B4,20,문자,13,다,0x96B3~0x96B4,0 1,48 18,C8 27,0x1DB3C 0x1DB3B,53 24,D3 33,0x1D770 0x1D770,0x28 0x28,0x033 0x034,e2f0d9
0x96B7,22,문자,15,베,0x96B7~0x96B8,0,48,98,0x1DB38,57,A7,0x1D770,0x28,0x037,e2f0d9
0x96B9 0x96BA,23,문자,16,칸,0x96B9~0x96BA,0 1,78 1A,D8 E1,0x1DB36 0x1DB35,89 2C,E9 F3,0x1D770 0x1D770,0x28 0x28,0x039 0x03A,e2f0d9
0x96BB 0x96BC,24,문자,17,타,0x96BB~0x96BC,0 1,B8 1A,28 E2,0x1DB34 0x1DB33,CB 2E,3B F6,0x1D770 0x1D770,0x28 0x28,0x03B 0x03C,e2f0d9
0x96BD 0x96BE,25,문자,18,의,0x96BD~0x96BE,0 1,38 3B,88 DE,0x1DB32 0x1DB31,4D 51,9D F4,0x1D770 0x1D770,0x28 0x28,0x03D 0x03E,e2f0d9
0x96BF 0x96C0,26,문자,19,“,0x96BF~0x96C0,0 1,F8 1B,88 22,0x1DB30 0x1DB2F,0F 33,9F 3A,0x1D770 0x1D770,0x28 0x28,0x03F 0x040,e2f0d9
0x96C1 0x96C2,27,문자,20,힘,0x96C1~0x96C2,0 1,E8 28,78 E5,0x1DB2E 0x1DB2D,01 42,91 FF,0x1D770 0x1D770,0x28 0x28,0x041 0x042,e2f0d9
0x96C3 0x96C4,28,문자,21,”,0x96C3~0x96C4,0 1,D8 32,98 22,0x1DB2C 0x1DB2B,F3 4E,B3 3E,0x1D770 0x1D770,0x28 0x28,0x043 0x044,e2f0d9
0x96C5 0x96C6,29,문자,22,은,0x96C5~0x96C6,0 1,F8 9C,48 DE,0x1DB2A 0x1DB29,15 BA,65 FC,0x1D770 0x1D770,0x28 0x28,0x045 0x046,e2f0d9
0x96C7 0x96C8,30,문자,23,␠,0x96C7~0x96C8,0 1,D8 32,18 12,0x1DB28 0x1DB27,F7 52,37 32,0x1D770 0x1D770,0x28 0x28,0x047 0x048,e2f0d9
0x96C9 0x96CA,31,문자,24,사,0x96C9~0x96CA,0 1,F8 28,E8 3C,0x1DB26 0x1DB25,19 4A,09 5E,0x1D770 0x1D770,0x28 0x28,0x049 0x04A,e2f0d9
0x96CB 0x96CC,32,문자,25,라,0x96CB~0x96CC,0 1,38 BC,F8 30,0x1DB24 0x1DB23,5B E0,1B 54,0x1D770 0x1D770,0x28 0x28,0x04B 0x04C,e2f0d9
0x96CD 0x96CE,33,문자,26,지,0x96CD~0x96CE,0 1,88 18,18 E0,0x1DB22 0x1DB21,AD 3E,3D 06,0x1D770 0x1D770,0x28 0x28,0x04D 0x04E,e2f0d9
0x96CF 0x96D0,34,문자,27,지,0x96CF~0x96D0,0 1,F8 28,18 E0,0x1DB20 0x1DB1F,1F 50,3F 08,0x1D770 0x1D770,0x28 0x28,0x04F 0x050,e2f0d9
0x96D1 0x96D2,35,문자,28,␠,0x96D1~0x96D2,0 1,B8 19,18 12,0x1DB1E 0x1DB1D,E1 43,41 3C,0x1D770 0x1D770,0x28 0x28,0x051 0x052,e2f0d9
0x96D3 0x96D4,36,문자,29,않,0x96D3~0x96D4,0 1,38 39,08 5E,0x1DB1C 0x1DB1B,63 65,33 8A,0x1D770 0x1D770,0x28 0x28,0x053 0x054,e2f0d9
0x96D5 0x96D6,37,문자,30,는,0x96D5~0x96D6,0 1,30 12,E8 25,0x1DB1A 0x1DB19,5D 40,15 53,0x1D770 0x1D770,0x28 0x28,0x055 0x056,e2f0d9
0x96D7 0x96D8,38,문자,31,다,0x96D7~0x96D8,0 1,D8 BE,C8 27,0x1DB18 0x1DB17,07 EE,F7 57,0x1D770 0x1D770,0x28 0x28,0x057 0x058,e2f0d9
0x96D9 0x96DA,39,문자,32,。,0x96D9~0x96DA,0 1,E8 28,30 12,0x1DB16 0x1DB15,19 5A,61 44,0x1D770 0x1D770,0x28 0x28,0x059 0x05A,e2f0d9
0x96DB 0x96DC,40,문자,33,인,0x96DB~0x96DC,0 1,48 40,A8 DE,0x1DB14 0x1DB13,7B 74,DB 12,0x1D770 0x1D770,0x28 0x28,0x05B 0x05C,e2f0d9
0x96DD 0x96DE,41,문자,34,간,0x96DD~0x96DE,0 1,28 18,C8 17,0x1DB12 0x1DB11,5D 4E,FD 4D,0x1D770 0x1D770,0x28 0x28,0x05D 0x05E,e2f0d9
0x96DF 0x96E0,42,문자,35,이,0x96DF~0x96E0,0 1,B8 38,98 DE,0x1DB10 0x1DB0F,EF 70,CF 16,0x1D770 0x1D770,0x28 0x28,0x05F 0x060,e2f0d9
0x96E1 0x96E2,43,문자,36,␠,0x96E1~0x96E2,0 1,28 B0,18 12,0x1DB0E 0x1DB0D,61 EA,51 4C,0x1D770 0x1D770,0x28 0x28,0x061 0x062,e2f0d9
0x96E3 0x96E4,44,문자,37,존,0x96E3~0x96E4,0 1,A8 38,F8 EF,0x1DB0C 0x1DB0B,E3 74,33 2B,0x1D770 0x1D770,0x28 0x28,0x063 0x064,e2f0d9
0x96E5 0x96E6,45,문자,38,재,0x96E5~0x96E6,0 1,60 12,78 DF,0x1DB0A 0x1DB09,9D 50,B5 1D,0x1D770 0x1D770,0x28 0x28,0x065 0x066,e2f0d9
0x96E7 0x96E8,46,문자,39,하,0x96E7~0x96E8,0 1,60 12,58 E3,0x1DB08 0x1DB07,9F 52,97 23,0x1D770 0x1D770,0x28 0x28,0x067 0x068,e2f0d9
0x96E9 0x96EA,47,문자,40,는,0x96E9~0x96EA,0 1,60 12,E8 25,0x1DB06 0x1DB05,A1 54,29 67,0x1D770 0x1D770,0x28 0x28,0x069 0x06A,e2f0d9
0x96EB 0x96EC,48,문자,41,␠,0x96EB~0x96EC,0 1,48 3B,18 12,0x1DB04 0x1DB03,8B 7F,5B 56,0x1D770 0x1D770,0x28 0x28,0x06B 0x06C,e2f0d9
0x96EE,49,문자,42,한,0x96ED~0x96EE,1,1A,E3,0x1DB01,60,29,0x1D770,0x28,0x06E,e2f0d9
0x96EF 0x96F0,50,문자,43,・,0x96EF~0x96F0,0 1,B8 1A,60 12,0x1DB00 0x1DAFF,FF 62,A7 5A,0x1D770 0x1D770,0x28 0x28,0x06F 0x070,e2f0d9
0x96F1 0x96F2,51,문자,44,・,0x96F1~0x96F2,0 1,38 3B,60 12,0x1DAFE 0x1DAFD,81 85,A9 5C,0x1D770 0x1D770,0x28 0x28,0x071 0x072,e2f0d9
0x96F3 0x96F4,52,문자,45,・,0x96F3~0x96F4,0 1,68 2A,60 12,0x1DAFC 0x1DAFB,B3 76,AB 5E,0x1D770 0x1D770,0x28 0x28,0x073 0x074,e2f0d9
0x96F5 0x96F6,53,문자,46,␠,0x96F5~0x96F6,0 1,38 1A,18 12,0x1DAFA 0x1DAF9,85 68,65 60,0x1D770 0x1D770,0x28 0x28,0x075 0x076,e2f0d9
0x96F7 0x96F8,54,문자,47,베,0x96F7~0x96F8,0 1,E8 28,98 3B,0x1DAF8 0x1DAF7,37 78,E7 8B,0x1D770 0x1D770,0x28 0x28,0x077 0x078,e2f0d9
0x96F9 0x96FA,55,문자,48,칸,0x96F9~0x96FA,0 1,28 18,D8 E1,0x1DAF6 0x1DAF5,79 6A,29 33,0x1D770 0x1D770,0x28 0x28,0x079 0x07A,e2f0d9
0x96FB 0x96FC,56,문자,49,티,0x96FB~0x96FC,0 1,B8 38,D8 E2,0x1DAF4 0x1DAF3,0B 8C,2B 36,0x1D770 0x1D770,0x28 0x28,0x07B 0x07C,e2f0d9
0x96FD 0x96FE,57,문자,50,는,0x96FD~0x96FE,0 1,38 19,E8 25,0x1DAF2 0x1DAF1,8D 6F,3D 7B,0x1D770 0x1D770,0x28 0x28,0x07D 0x07E,e2f0d9
0x96FF 0x9700,58,문자,51,␠,0x96FF~0x9700,0 1,88 28,18 12,0x1DAF0 0x1DAEF,DF 80,6F 6A,0x1D770 0x1D770,0x28 0x28,0x07F 0x080,e2f0d9
0x9701 0x9702,59,문자,52,결,0x9701~0x9702,0 1,28 39,48 20,0x1DAEE 0x1DAED,81 93,A1 7A,0x1D770 0x1D770,0x28 0x28,0x081 0x082,e2f0d9
0x9703 0x9704,60,문자,53,코,0x9703~0x9704,0 1,A8 57,18 E2,0x1DAEC 0x1DAEB,03 B3,73 3E,0x1D770 0x1D770,0x28 0x28,0x083 0x084,e2f0d9
0x9705 0x9706,61,문자,54,␠,0x9705~0x9706,0 1,C8 38,18 12,0x1DAEA 0x1DAE9,25 96,75 70,0x1D770 0x1D770,0x28 0x28,0x085 0x086,e2f0d9
0x9707 0x9708,62,문자,55,사,0x9707~0x9708,0 1,B8 38,E8 3C,0x1DAE8 0x1DAE7,17 98,47 9C,0x1D770 0x1D770,0x28 0x28,0x087 0x088,e2f0d9
0x9709 0x970A,63,문자,56,라,0x9709~0x970A,0 1,A8 28,F8 30,0x1DAE6 0x1DAE5,09 8A,59 92,0x1D770 0x1D770,0x28 0x28,0x089 0x08A,e2f0d9
0x970B 0x970C,64,문자,57,지,0x970B~0x970C,0 1,60 12,18 E0,0x1DAE4 0x1DAE3,C3 76,7B 44,0x1D770 0x1D770,0x28 0x28,0x08B 0x08C,e2f0d9
0x970D 0x970E,65,문자,58,지,0x970D~0x970E,0 1,60 12,18 E0,0x1DAE2 0x1DAE1,C5 78,7D 46,0x1D770 0x1D770,0x28 0x28,0x08D 0x08E,e2f0d9
0x970F,66,문자,59,␠,0x970F~0x9710,0,A0,18,0x1DAE0,07,7F,0x1D770,0x28,0x08F,e2f0d9
0x9711 0x9712,67,문자,60,않,0x9711~0x9712,0 1,15 00,08 5E,0x1DADE 0x1DADD,7E 6A,71 C8,0x1D770 0x1D770,0x28 0x28,0x091 0x092,e2f0d9
0x9713 0x9714,68,문자,61,는,0x9713~0x9714,0 1,A8 18,E8 25,0x1DADC 0x1DADB,13 84,53 91,0x1D770 0x1D770,0x28 0x28,0x093 0x094,e2f0d9
0x9715 0x9716,69,문자,62,다,0x9715~0x9716,0 1,E8 29,C8 27,0x1DADA 0x1DAD9,55 97,35 95,0x1D770 0x1D770,0x28 0x28,0x095 0x096,e2f0d9
0x9717 0x9718,70,문자,63,・,0x9717~0x9718,0 1,88 18,60 12,0x1DAD8 0x1DAD7,F7 88,CF 82,0x1D770 0x1D770,0x28 0x28,0x097 0x098,e2f0d9
0x9719 0x971A,71,문자,64,・,0x9719~0x971A,0 1,E8 28,60 12,0x1DAD6 0x1DAD5,59 9A,D1 84,0x1D770 0x1D770,0x28 0x28,0x099 0x09A,e2f0d9
0x971B 0x971C,72,문자,65,・,0x971B~0x971C,0 1,F8 C0,60 12,0x1DAD4 0x1DAD3,6B 34,D3 86,0x1D770 0x1D770,0x28 0x28,0x09B 0x09C,e2f0d9
0x971D 0x971E,73,문자,66,！,0x971D~0x971E,0 1,48 18,A0 12,0x1DAD2 0x1DAD1,BD 8E,15 88,0x1D770 0x1D770,0x28 0x28,0x09D 0x09E,e2f0d9
0x971F 0x9720,74,제어,,,0x971F~0x9720,0 1,78 28,15 00,0x1DAD0 0x1DACF,EF A0,8C 78,0x1D770 0x1D770,0x28 0x28,0x09F 0x0A0,fce4d6
0x9721 0x9722,75,문자,67,고,0x9721~0x9722,0 1,08 8C,88 20,0x1DACE 0x1DACD,81 06,01 9A,0x1D770 0x1D770,0x28 0x28,0x0A1 0x0A2,e2f0d9
0x9723 0x9724,76,문자,68,작,0x9723~0x9724,0 1,F8 19,18 DF,0x1DACC 0x1DACB,73 95,93 5B,0x1D770 0x1D770,0x28 0x28,0x0A3 0x0A4,e2f0d9
0x9725 0x9726,77,문자,69,␠,0x9725~0x9726,0 1,28 38,18 12,0x1DACA 0x1DAC9,A5 B6,95 90,0x1D770 0x1D770,0x28 0x28,0x0A5 0x0A6,e2f0d9
0x9727 0x9728,78,문자,70,그,0x9727~0x9728,0 1,E8 28,58 21,0x1DAC8 0x1DAC7,67 A8,D7 A1,0x1D770 0x1D770,0x28 0x28,0x0A7 0x0A8,e2f0d9
0x9729 0x972A,79,문자,71,런,0x9729~0x972A,0 1,A8 28,58 31,0x1DAC6 0x1DAC5,29 AA,D9 B3,0x1D770 0x1D770,0x28 0x28,0x0A9 0x0AA,e2f0d9
0x972B 0x972C,80,문자,72,␠,0x972B~0x972C,0 1,98 28,18 12,0x1DAC4 0x1DAC3,1B AC,9B 96,0x1D770 0x1D770,0x28 0x28,0x0AB 0x0AC,e2f0d9
0x972D 0x972E,81,문자,73,것,0x972D~0x972E,0 1,A8 28,F8 1D,0x1DAC2 0x1DAC1,2D AE,7D A3,0x1D770 0x1D770,0x28 0x28,0x0AD 0x0AE,e2f0d9
0x972F 0x9730,82,문자,74,을,0x972F~0x9730,0 1,38 39,58 DE,0x1DAC0 0x1DABF,BF C1,DF 66,0x1D770 0x1D770,0x28 0x28,0x0AF 0x0B0,e2f0d9
0x9731 0x9732,83,문자,75,␠,0x9731~0x9732,0 1,B8 28,18 12,0x1DABE 0x1DABD,41 B2,A1 9C,0x1D770 0x1D770,0x28 0x28,0x0B1 0x0B2,e2f0d9
0x9733 0x9734,84,문자,76,얻,0x9733~0x9734,0 1,A8 28,08 76,0x1DABC 0x1DABB,33 B4,93 02,0x1D770 0x1D770,0x28 0x28,0x0B3 0x0B4,e2f0d9
0x9736,85,문자,77,기,0x9735~0x9736,1,38,21,0x1DAB9,C6,AF,0x1D770,0x28,0x0B6,e2f0d9
0x9737,86,문자,78,␠,0x9737~0x9738,0,A0,18,0x1DAB8,2F,A7,0x1D770,0x28,0x0B7,e2f0d9
0x9739 0x973A,87,문자,79,위,0x9739~0x973A,0 1,C8 E0,08 DE,0x1DAB6 0x1DAB5,59 72,99 70,0x1D770 0x1D770,0x28 0x28,0x0B9 0x0BA,e2f0d9
0x973B 0x973C,88,문자,80,해,0x973B~0x973C,0 1,E8 F7,B8 E3,0x1DAB4 0x1DAB3,7B 8B,4B 77,0x1D770 0x1D770,0x28 0x28,0x0BB 0x0BC,e2f0d9
0x973D 0x973E,89,문자,81,␠,0x973D~0x973E,0 1,E8 28,18 12,0x1DAB2 0x1DAB1,7D BE,AD A8,0x1D770 0x1D770,0x28 0x28,0x0BD 0x0BE,e2f0d9
0x973F 0x9740,90,문자,82,싸,0x973F~0x9740,0 1,20 12,08 46,0x1DAB0 0x1DAAF,B7 AA,9F DE,0x1D770 0x1D770,0x28 0x28,0x0BF 0x0C0,e2f0d9
0x9742,91,문자,83,운,0x9741~0x9742,1,29,D1,0x1DAAD,C3,6B,0x1D770,0x28,0x0C2,e2f0d9
0x9743 0x9744,92,문자,84,␠,0x9743~0x9744,0 1,B8 19,18 12,0x1DAAC 0x1DAAB,53 B5,B3 AE,0x1D770 0x1D770,0x28 0x28,0x0C3 0x0C4,e2f0d9
0x9745 0x9746,93,문자,85,것,0x9745~0x9746,0 1,B8 18,F8 1D,0x1DAAA 0x1DAA9,55 B6,95 BB,0x1D770 0x1D770,0x28 0x28,0x0C5 0x0C6,e2f0d9
0x9747 0x9748,94,문자,86,이,0x9747~0x9748,0 1,18 19,98 DE,0x1DAA8 0x1DAA7,B7 B9,37 7E,0x1D770 0x1D770,0x28 0x28,0x0C7 0x0C8,e2f0d9
0x9749 0x974A,95,문자,87,냐,0x9749~0x974A,0 1,E8 28,38 25,0x1DAA6 0x1DAA5,89 CA,D9 C7,0x1D770 0x1D770,0x28 0x28,0x0C9 0x0CA,e2f0d9
0x974B 0x974C,96,문자,88,！,0x974B~0x974C,0 1,28 A0,A0 12,0x1DAA4 0x1DAA3,CB 44,43 B6,0x1D770 0x1D770,0x28 0x28,0x0CB 0x0CC,e2f0d9
0x974D 0x974E,97,문자,89,␠,0x974D~0x974E,0 1,98 38,18 12,0x1DAA2 0x1DAA1,3D DE,BD B8,0x1D770 0x1D770,0x28 0x28,0x0CD 0x0CE,e2f0d9
0x974F 0x9750,98,문자,90,허,0x974F~0x9750,0 1,E8 18,08 E4,0x1DAA0 0x1DA9F,8F C0,AF 8C,0x1D770 0x1D770,0x28 0x28,0x0CF 0x0D0,e2f0d9
0x9751 0x9752,99,문자,91,울,0x9751~0x9752,0 1,C8 18,F8 D3,0x1DA9E 0x1DA9D,71 C2,A1 7D,0x1D770 0x1D770,0x28 0x28,0x0D1 0x0D2,e2f0d9
0x9753 0x9754,100,문자,92,뿐,0x9753~0x9754,0 1,60 12,98 3C,0x1DA9C 0x1DA9B,0B BE,43 E8,0x1D770 0x1D770,0x28 0x28,0x0D3 0x0D4,e2f0d9
0x9755 0x9756,101,문자,93,인,0x9755~0x9756,0 1,60 12,A8 DE,0x1DA9A 0x1DA99,0D C0,55 8C,0x1D770 0x1D770,0x28 0x28,0x0D5 0x0D6,e2f0d9
0x9757,102,문자,94,␠,0x9757~0x9758,0,A0,18,0x1DA98,4F,C7,0x1D770,0x28,0x0D7,e2f0d9
0x9759 0x975A,103,문자,95,평,0x9759~0x975A,0 1,19 00,08 E3,0x1DA96 0x1DA95,CA B2,B9 95,0x1D770 0x1D770,0x28 0x28,0x0D9 0x0DA,e2f0d9
0x975B 0x975C,104,문자,96,화,0x975B~0x975C,0 1,78 15,88 E4,0x1DA94 0x1DA93,2B C9,3B 98,0x1D770 0x1D770,0x28 0x28,0x0DB 0x0DC,e2f0d9
0x975D 0x975E,105,문자,97,␠,0x975D~0x975E,0 1,00 17,18 12,0x1DA92 0x1DA91,B5 CD,CD C8,0x1D770 0x1D770,0x28 0x28,0x0DD 0x0DE,e2f0d9
0x975F 0x9760,106,문자,98,때,0x975F~0x9760,0 1,00 1A,88 30,0x1DA90 0x1DA8F,B7 D2,3F E8,0x1D770 0x1D770,0x28 0x28,0x0DF 0x0E0,e2f0d9
0x9761 0x9762,107,문자,99,문,0x9761~0x9762,0 1,00 04,B8 37,0x1DA8E 0x1DA8D,B9 BE,71 F1,0x1D770 0x1D770,0x28 0x28,0x0E1 0x0E2,e2f0d9
0x9763 0x9764,108,문자,100,에,0x9763~0x9764,0 1,16 00,48 9F,0x1DA8C 0x1DA8B,D1 BC,03 5B,0x1D770 0x1D770,0x28 0x28,0x0E3 0x0E4,e2f0d9
0x9765 0x9766,109,문자,101,・,0x9765~0x9766,0 1,90 D2,60 12,0x1DA8A 0x1DA89,4D 90,1D D0,0x1D770 0x1D770,0x28 0x28,0x0E5 0x0E6,e2f0d9
0x9767 0x9768,110,문자,102,・,0x9767~0x9768,0 1,10 19,60 12,0x1DA88 0x1DA87,CF D9,1F D2,0x1D770 0x1D770,0x28 0x28,0x0E7 0x0E8,e2f0d9
0x9769 0x976A,111,문자,103,・,0x9769~0x976A,0 1,B0 80,60 12,0x1DA86 0x1DA85,71 42,21 D4,0x1D770 0x1D770,0x28 0x28,0x0E9 0x0EA,e2f0d9
0x976B 0x976C,112,문자,104,！,0x976B~0x976C,0 1,70 19,A0 12,0x1DA84 0x1DA83,33 DD,63 D6,0x1D770 0x1D770,0x28 0x28,0x0EB 0x0EC,e2f0d9
0x976D 0x976E 0x976F,113,제어,,,0x976D~0x976F,0 1 2,F0 29 20,19 00 78,0x1DA82 0x1DA81 0x1DA80,B5 EF E7,DE C6 3F,0x1D770 0x1D770 0x1D770,0x28 0x28 0x28,0x0ED 0x0EE 0x0EF,fce4d6
0x9770 0x9771,114,제어,,,0x9770~0x9771,0 1,39 30,15 00,0x1DA7F 0x1DA7E,01 F9,DD C9,0x1D770 0x1D770,0x28 0x28,0x0F0 0x0F1,fce4d6
0x9772 0x9773,115,제어,,,0x9772~0x9773,0 1,28 A0,17 00,0x1DA7D 0x1DA7C,F2 6B,E1 CB,0x1D770 0x1D770,0x28 0x28,0x0F2 0x0F3,fce4d6
0x9774 0x9775 0x9776,116,제어,,,0x9774~0x9776,0 1 2,12 19 00,1A 00 04,0x1DA7B 0x1DA7A 0x1DA79,DE E6 CE,E6 CD D2,0x1D770 0x1D770 0x1D770,0x28 0x28 0x28,0x0F4 0x0F5 0x0F6,fce4d6
0x9777 0x9778,117,제어,,,0x9777~0x9778,0 1,68 15,16 00,0x1DA78 0x1DA77,37 E5,E5 D0,0x1D770 0x1D770,0x28 0x28,0x0F7 0x0F8,fce4d6
0x9779 0x977A,118,문자,105,헛,0x9779~0x977A,0 1,00 17,10 E4,0x1DA76 0x1DA75,D1 E9,E1 B6,0x1D770 0x1D770,0x28 0x28,0x0F9 0x0FA,e9ae2b
0x977B 0x977C,119,문자,106,소,0x977B~0x977C,0 1,00 1A,D0 3D,0x1DA74 0x1DA73,D3 EE,A3 11,0x1D770 0x1D770,0x28 0x28,0x0FB 0x0FC,e9ae2b
0x977D 0x977E,120,문자,107,리,0x977D~0x977E,0 1,00 03,70 34,0x1DA72 0x1DA71,D5 D9,45 0A,0x1D770 0x1D770,0x28 0x28,0x0FD 0x0FE,e9ae2b
0x977F 0x9780,121,문자,108,␠,0x977F~0x9780,0 1,16 00,18 12,0x1DA70 0x1DA6F,EE D9,F0 EB,0x1D770 0x1D770,0x28 0x28,0x0FF 0x100,e2f0d9
0x9781 0x9782,122,문자,109,집,0x9781~0x9782,0 1,D8 BE,50 E0,0x1DA6E 0x1DA6D,B2 99,2A BB,0x1D770 0x1D770,0x28 0x28,0x101 0x102,e9ae2b
0x9783 0x9784,123,문자,110,어,0x9783~0x9784,0 1,E8 28,00 70,0x1DA6C 0x1DA6B,C4 05,DC 4D,0x1D770 0x1D770,0x28 0x28,0x103 0x104,e9ae2b
0x9785 0x9786,124,문자,111,쳐,0x9785~0x9786,0 1,48 7F,40 E1,0x1DA6A 0x1DA69,26 5E,1E C0,0x1D770 0x1D770,0x28 0x28,0x105 0x106,e9ae2b
0x9787 0x9788,125,문자,112,！,0x9787~0x9788,0 1,A8 28,A0 12,0x1DA68 0x1DA67,88 09,80 F3,0x1D770 0x1D770,0x28 0x28,0x107 0x108,e2f0d9
0x9789 0x978A 0x978B,126,제어,,,0x9789~0x978B,0 1 2,98 28 A8,19 00 68,0x1DA66 0x1DA65 0x1DA64,7A 0B 8C,FB E3 4C,0x1D770 0x1D770 0x1D770,0x28 0x28 0x28,0x109 0x10A 0x10B,fce4d6
0x978C 0x978D,127,제어,,,0x978C~0x978D,0 1,FA 78,15 00,0x1DA63 0x1DA62,DF 5E,FA E6,0x1D770 0x1D770,0x28 0x28,0x10C 0x10D,fce4d6
0x978E 0x978F,128,제어,,,0x978E~0x978F,0 1,42 F8,17 00,0x1DA61 0x1DA60,29 E0,FE E8,0x1D770 0x1D770,0x28 0x28,0x10E 0x10F,fce4d6
0x9790 0x9791 0x9792,129,제어,,,0x9790~0x9792,0 1 2,28 D8 60,1A 00 03,0x1DA5F 0x1DA5E 0x1DA5D,11 C2 4B,03 EA EE,0x1D770 0x1D770 0x1D770,0x28 0x28 0x28,0x110 0x111 0x112,fce4d6
0x9793 0x9794,130,제어,,,0x9793~0x9794,0 1,20 12,16 00,0x1DA5C 0x1DA5B,0C FF,02 ED,0x1D770 0x1D770,0x28 0x28,0x113 0x114,fce4d6
0x9795 0x9796,131,문자,113,인,0x9795~0x9796,0 1,D8 BE,A8 DE,0x1DA5A 0x1DA59,C6 AD,96 CD,0x1D770 0x1D770,0x28 0x28,0x115 0x116,e2f0d9
0x9797 0x9798,132,문자,114,간,0x9797~0x9798,0 1,68 A9,C8 17,0x1DA58 0x1DA57,58 9A,B8 08,0x1D770 0x1D770,0x28 0x28,0x117 0x118,e2f0d9
0x9799 0x979A,133,문자,115,은,0x9799~0x979A,0 1,68 6C,48 DE,0x1DA56 0x1DA55,5A 5F,3A D1,0x1D770 0x1D770,0x28 0x28,0x119 0x11A,e2f0d9
0x979B 0x979C,134,문자,116,␠,0x979B~0x979C,0 1,E8 28,18 12,0x1DA54 0x1DA53,DC 1D,0C 07,0x1D770 0x1D770,0x28 0x28,0x11B 0x11C,e2f0d9
0x979D 0x979E,135,문자,117,본,0x979D~0x979E,0 1,20 12,C8 3B,0x1DA52 0x1DA51,16 09,BE 32,0x1D770 0x1D770,0x28 0x28,0x11D 0x11E,e2f0d9
0x979F 0x97A0,136,문자,118,래,0x979F~0x97A0,0 1,D8 F7,38 31,0x1DA50 0x1DA4F,D0 F0,30 2A,0x1D770 0x1D770,0x28 0x28,0x11F 0x120,e2f0d9
0x97A1 0x97A2,137,문자,119,부,0x97A1~0x97A2,0 1,38 28,08 3C,0x1DA4E 0x1DA4D,32 23,02 37,0x1D770 0x1D770,0x28 0x28,0x121 0x122,e2f0d9
0x97A3 0x97A4,138,문자,120,터,0x97A3~0x97A4,0 1,68 28,58 E2,0x1DA4C 0x1DA4B,64 25,54 DF,0x1D770 0x1D770,0x28 0x28,0x123 0x124,e2f0d9
0x97A5 0x97A6,139,문자,121,␠,0x97A5~0x97A6,0 1,88 41,18 12,0x1DA4A 0x1DA49,86 40,16 11,0x1D770 0x1D770,0x28 0x28,0x125 0x126,e2f0d9
0x97A7 0x97A8,140,문자,122,악,0x97A7~0x97A8,0 1,E8 29,08 58,0x1DA48 0x1DA47,E8 2A,08 59,0x1D770 0x1D770,0x28 0x28,0x127 0x128,e2f0d9
0x97A9 0x97AA,141,문자,123,한,0x97A9~0x97AA,0 1,C8 38,78 E3,0x1DA46 0x1DA45,CA 3B,7A E6,0x1D770 0x1D770,0x28 0x28,0x129 0x12A,e2f0d9
0x97AB 0x97AC,142,문자,124,␠,0x97AB~0x97AC,0 1,F8 19,18 12,0x1DA44 0x1DA43,FC 1E,1C 17,0x1D770 0x1D770,0x28 0x28,0x12B 0x12C,e2f0d9
0x97AD 0x97AE,143,문자,125,존,0x97AD~0x97AE,0 1,D8 40,F8 EF,0x1DA42 0x1DA41,DE 47,FE F6,0x1D770 0x1D770,0x28 0x28,0x12D 0x12E,e2f0d9
0x97AF 0x97B0,144,문자,126,재,0x97AF~0x97B0,0 1,A8 28,78 DF,0x1DA40 0x1DA3F,B0 31,80 E8,0x1D770 0x1D770,0x28 0x28,0x12F 0x130,e2f0d9
0x97B1 0x97B2,145,문자,127,、,0x97B1~0x97B2,0 1,E8 28,20 12,0x1DA3E 0x1DA3D,F2 33,2A 1D,0x1D770 0x1D770,0x28 0x28,0x131 0x132,e2f0d9
0x97B3 0x97B4,146,문자,128,그,0x97B3~0x97B4,0 1,08 28,58 21,0x1DA3C 0x1DA3B,14 35,64 2E,0x1D770 0x1D770,0x28 0x28,0x133 0x134,e2f0d9
0x97B5 0x97B6,147,문자,129,것,0x97B5~0x97B6,0 1,A0 12,F8 1D,0x1DA3A 0x1DA39,AE 21,06 2C,0x1D770 0x1D770,0x28 0x28,0x135 0x136,e2f0d9
0x97B7 0x97B8,148,문자,130,이,0x97B7~0x97B8,0 1,15 00,98 DE,0x1DA38 0x1DA37,25 11,A8 EF,0x1D770 0x1D770,0x28 0x28,0x137 0x138,e2f0d9
0x97B9 0x97BA,149,문자,131,␠,0x97B9~0x97BA,0 1,08 28,18 12,0x1DA36 0x1DA35,1A 3B,2A 25,0x1D770 0x1D770,0x28 0x28,0x139 0x13A,e2f0d9
0x97BB 0x97BC,150,문자,132,인,0x97BB~0x97BC,0 1,E8 29,A8 DE,0x1DA34 0x1DA33,FC 3E,BC F3,0x1D770 0x1D770,0x28 0x28,0x13B 0x13C,e2f0d9
0x97BD 0x97BE,151,문자,133,간,0x97BD~0x97BE,0 1,78 19,C8 17,0x1DA32 0x1DA31,8E 30,DE 2E,0x1D770 0x1D770,0x28 0x28,0x13D 0x13E,e2f0d9
0x97BF 0x97C0,152,문자,134,들,0x97BF~0x97C0,0 1,20 12,18 30,0x1DA30 0x1DA2F,38 2B,30 49,0x1D770 0x1D770,0x28 0x28,0x13F 0x140,e2f0d9
0x97C1 0x97C2,153,문자,135,의,0x97C1~0x97C2,0 1,D8 FB,88 DE,0x1DA2E 0x1DA2D,F2 16,A2 F9,0x1D770 0x1D770,0x28 0x28,0x141 0x142,e2f0d9
0x97C3 0x97C4,154,문자,136,␠,0x97C3~0x97C4,0 1,48 28,18 12,0x1DA2C 0x1DA2B,64 45,34 2F,0x1D770 0x1D770,0x28 0x28,0x143 0x144,e2f0d9
0x97C5 0x97C6,155,문자,137,타,0x97C5~0x97C6,0 1,18 19,28 E2,0x1DA2A 0x1DA29,36 38,46 01,0x1D770 0x1D770,0x28 0x28,0x145 0x146,e2f0d9
0x97C7 0x97C8,156,문자,138,고,0x97C7~0x97C8,0 1,20 12,88 20,0x1DA28 0x1DA27,40 33,A8 41,0x1D770 0x1D770,0x28 0x28,0x147 0x148,e2f0d9
0x97CA,157,문자,139,난,0x97C9~0x97CA,1,EE,24,0x1DA25,11,47,0x1D770,0x28,0x14A,e2f0d9
0x97CB 0x97CC,158,문자,140,␠,0x97CB~0x97CC,0 1,28 39,18 12,0x1DA24 0x1DA23,4C 5E,3C 37,0x1D770 0x1D770,0x28 0x28,0x14B 0x14C,e2f0d9
0x97CD 0x97CE,159,문자,141,본,0x97CD~0x97CE,0 1,E8 5C,C8 3B,0x1DA22 0x1DA21,0E 83,EE 62,0x1D770 0x1D770,0x28 0x28,0x14D 0x14E,e2f0d9
0x97CF 0x97D0,160,문자,142,성,0x97CF~0x97D0,0 1,78 19,98 3D,0x1DA20 0x1DA1F,A0 42,C0 66,0x1D770 0x1D770,0x28 0x28,0x14F 0x150,e2f0d9
0x97D1 0x97D2,161,문자,143,이,0x97D1~0x97D2,0 1,78 F2,98 DE,0x1DA1E 0x1DA1D,A2 1D,C2 09,0x1D770 0x1D770,0x28 0x28,0x151 0x152,e2f0d9
0x97D3 0x97D4,162,문자,144,다,0x97D3~0x97D4,0 1,68 18,C8 27,0x1DA1C 0x1DA1B,94 45,F4 54,0x1D770 0x1D770,0x28 0x28,0x153 0x154,e2f0d9
0x97D5 0x97D6,163,문자,145,！,0x97D5~0x97D6,0 1,E8 28,A0 12,0x1DA1A 0x1DA19,16 57,CE 41,0x1D770 0x1D770,0x28 0x28,0x155 0x156,e2f0d9
0x97D7 0x97D8,164,제어,,,0x97D7~0x97D8,0 1,C8 18,15 00,0x1DA18 0x1DA17,F8 49,45 31,0x1D770 0x1D770,0x28 0x28,0x157 0x158,fce4d6
0x97D9 0x97DA,165,문자,146,서,0x97D9~0x97DA,0 1,F8 63,58 3D,0x1DA16 0x1DA15,2A 96,8A 70,0x1D770 0x1D770,0x28 0x28,0x159 0x15A,e2f0d9
0x97DB 0x97DC,166,문자,147,로,0x97DB~0x97DC,0 1,F8 59,D8 31,0x1DA14 0x1DA13,2C 8E,0C 66,0x1D770 0x1D770,0x28 0x28,0x15B 0x15C,e2f0d9
0x97DD,167,문자,148,␠,0x97DD~0x97DE,0,20,18,0x1DA12,56,4E,0x1D770,0x28,0x15D,e2f0d9
0x97DF 0x97E0,168,문자,149,속,0x97DF~0x97E0,0 1,A8 28,E8 3D,0x1DA10 0x1DA0F,E0 61,20 76,0x1D770 0x1D770,0x28 0x28,0x15F 0x160,e2f0d9
0x97E2,169,문자,150,이,0x97E1~0x97E2,1,38,DE,0x1DA0D,73,19,0x1D770,0x28,0x162,e2f0d9
0x97E3 0x97E4,170,문자,151,고,0x97E3~0x97E4,0 1,08 29,88 20,0x1DA0C 0x1DA0B,44 66,C4 5D,0x1D770 0x1D770,0x28 0x28,0x163 0x164,e2f0d9
0x97E5 0x97E6,171,문자,152,、,0x97E5~0x97E6,0 1,18 7C,20 12,0x1DA0A 0x1DA09,56 BB,5E 51,0x1D770 0x1D770,0x28 0x28,0x165 0x166,e2f0d9
0x97E7 0x97E8,172,문자,153,상,0x97E7~0x97E8,0 1,88 DB,28 3D,0x1DA08 0x1DA07,C8 1C,68 7E,0x1D770 0x1D770,0x28 0x28,0x167 0x168,e2f0d9
0x97E9 0x97EA,173,문자,154,처,0x97E9~0x97EA,0 1,B8 28,08 E1,0x1DA06 0x1DA05,FA 6B,4A 24,0x1D770 0x1D770,0x28 0x28,0x169 0x16A,e2f0d9
0x97EB 0x97EC,174,문자,155,␠,0x97EB~0x97EC,0 1,F8 65,18 12,0x1DA04 0x1DA03,3C AA,5C 57,0x1D770 0x1D770,0x28 0x28,0x16B 0x16C,e2f0d9
0x97EE,175,문자,156,입,0x97ED~0x97EE,1,28,DE,0x1DA01,6F,25,0x1D770,0x28,0x16E,e2f0d9
0x97EF 0x97F0,176,문자,157,히,0x97EF~0x97F0,0 1,58 A1,68 E5,0x1DA00 0x1D9FF,A0 EA,B0 2E,0x1D770 0x1D770,0x28 0x28,0x16F 0x170,e2f0d9
0x97F1 0x97F2,177,문자,158,고,0x97F1~0x97F2,0 1,38 58,88 20,0x1D9FE 0x1D9FD,82 A3,D2 6B,0x1D770 0x1D770,0x28 0x28,0x171 0x172,e2f0d9
0x97F3 0x97F4,178,문자,159,、,0x97F3~0x97F4,0 1,C8 18,20 12,0x1D9FC 0x1D9FB,14 65,6C 5F,0x1D770 0x1D770,0x28 0x28,0x173 0x174,e2f0d9
0x97F5 0x97F6,179,문자,160,피,0x97F5~0x97F6,0 1,28 18,38 E3,0x1D9FA 0x1D9F9,76 67,86 32,0x1D770 0x1D770,0x28 0x28,0x175 0x176,e2f0d9
0x97F7 0x97F8,180,문자,161,를,0x97F7~0x97F8,0 1,D8 38,58 34,0x1D9F8 0x1D9F7,28 89,A8 85,0x1D770 0x1D770,0x28 0x28,0x177 0x178,e2f0d9
0x97F9 0x97FA,181,문자,162,␠,0x97F9~0x97FA,0 1,68 18,18 12,0x1D9F6 0x1D9F5,BA 6B,6A 65,0x1D770 0x1D770,0x28 0x28,0x179 0x17A,e2f0d9
0x97FB 0x97FC,182,문자,163,흘,0x97FB~0x97FC,0 1,28 38,38 E5,0x1D9F4 0x1D9F3,7C 8D,8C 3A,0x1D770 0x1D770,0x28 0x28,0x17B 0x17C,e2f0d9
0x97FD 0x97FE,183,문자,164,리,0x97FD~0x97FE,0 1,E8 28,78 34,0x1D9F2 0x1D9F1,3E 7F,CE 8B,0x1D770 0x1D770,0x28 0x28,0x17D 0x17E,e2f0d9
0x97FF 0x9800,184,문자,165,는,0x97FF~0x9800,0 1,B8 18,E8 25,0x1D9F0 0x1D9EF,10 71,40 7E,0x1D770 0x1D770,0x28 0x28,0x17F 0x180,e2f0d9
0x9801,185,문자,166,␠,0x9801~0x9802,0,20,18,0x1D9EE,7A,72,0x1D770,0x28,0x181,e2f0d9
0x9803 0x9804,186,문자,167,운,0x9803~0x9804,0 1,48 3B,F8 D1,0x1D9EC 0x1D9EB,A4 98,54 2E,0x1D770 0x1D770,0x28 0x28,0x183 0x184,e2f0d9
0x9805 0x9806,187,문자,168,명,0x9805~0x9806,0 1,18 1A,98 35,0x1D9EA 0x1D9E9,76 79,F6 94,0x1D770 0x1D770,0x28 0x28,0x185 0x186,e2f0d9
0x9807 0x9808,188,문자,169,이,0x9807~0x9808,0 1,A8 3A,98 DE,0x1D9E8 0x1D9E7,08 9B,F8 3F,0x1D770 0x1D770,0x28 0x28,0x187 0x188,e2f0d9
0x9809 0x980A,189,문자,170,라,0x9809~0x980A,0 1,98 1B,F8 30,0x1D9E6 0x1D9E5,FA 7E,5A 93,0x1D770 0x1D770,0x28 0x28,0x189 0x18A,e2f0d9
0x980B 0x980C,190,문자,171,면,0x980B~0x980C,0 1,E8 28,78 35,0x1D9E4 0x1D9E3,4C 8D,DC 9A,0x1D770 0x1D770,0x28 0x28,0x18B 0x18C,e2f0d9
0x980D 0x980E,191,문자,172,、,0x980D~0x980E,0 1,F8 C0,20 12,0x1D9E2 0x1D9E1,5E 27,86 79,0x1D770 0x1D770,0x28 0x28,0x18D 0x18E,e2f0d9
0x980F 0x9810,192,문자,173,이,0x980F~0x9810,0 1,E8 B6,98 DE,0x1D9E0 0x1D9DF,50 1F,00 47,0x1D770 0x1D770,0x28 0x28,0x18F 0x190,e2f0d9
0x9811 0x9812,193,문자,174,␠,0x9811~0x9812,0 1,88 38,18 12,0x1D9DE 0x1D9DD,F2 A3,82 7D,0x1D770 0x1D770,0x28 0x28,0x191 0x192,e2f0d9
0x9813 0x9814,194,문자,175,승,0x9813~0x9814,0 1,60 12,B8 3F,0x1D9DC 0x1D9DB,CC 7F,24 AC,0x1D770 0x1D770,0x28 0x28,0x193 0x194,e2f0d9
0x9815 0x9816,195,문자,176,리,0x9815~0x9816,0 1,60 12,78 34,0x1D9DA 0x1D9D9,CE 81,E6 A3,0x1D770 0x1D770,0x28 0x28,0x195 0x196,e2f0d9
0x9817 0x9818,196,문자,177,가,0x9817~0x9818,0 1,A0 12,A8 17,0x1D9D8 0x1D9D7,10 83,18 88,0x1D770 0x1D770,0x28 0x28,0x197 0x198,e2f0d9
0x9819 0x981A,197,문자,178,␠,0x9819~0x981A,0 1,19 00,18 12,0x1D9D6 0x1D9D5,8B 73,8A 85,0x1D770 0x1D770,0x28 0x28,0x199 0x19A,e2f0d9
0x981B 0x981C,198,문자,179,무,0x981B~0x981C,0 1,78 15,08 36,0x1D9D4 0x1D9D3,EC 8A,7C AB,0x1D770 0x1D770,0x28 0x28,0x19B 0x19C,e2f0d9
0x981D 0x981E,199,문자,180,슨,0x981D~0x981E,0 1,00 17,88 3F,0x1D9D2 0x1D9D1,76 8E,FE B6,0x1D770 0x1D770,0x28 0x28,0x19D 0x19E,e2f0d9
0x981F 0x9820,200,문자,181,␠,0x981F~0x9820,0 1,00 1A,18 12,0x1D9D0 0x1D9CF,78 93,90 8B,0x1D770 0x1D770,0x28 0x28,0x19F 0x1A0,e2f0d9
0x9821 0x9822,201,문자,182,의,0x9821~0x9822,0 1,00 04,88 DE,0x1D9CE 0x1D9CD,7A 7F,02 59,0x1D770 0x1D770,0x28 0x28,0x1A1 0x1A2,e2f0d9
0x9823 0x9824,202,문자,183,미,0x9823~0x9824,0 1,16 00,58 39,0x1D9CC 0x1D9CB,92 7D,D4 B6,0x1D770 0x1D770,0x28 0x28,0x1A3 0x1A4,e2f0d9
0x9825 0x9826,203,문자,184,가,0x9825~0x9826,0 1,10 28,A8 17,0x1D9CA 0x1D9C9,8E A7,26 96,0x1D770 0x1D770,0x28 0x28,0x1A5 0x1A6,e2f0d9
0x9827 0x9828,204,문자,185,␠,0x9827~0x9828,0 1,C0 18,18 12,0x1D9C8 0x1D9C7,40 99,98 93,0x1D770 0x1D770,0x28 0x28,0x1A7 0x1A8,e2f0d9
0x9829 0x982A,205,문자,186,있,0x9829~0x982A,0 1,60 18,F8 DE,0x1D9C6 0x1D9C5,E2 9B,7A 61,0x1D770 0x1D770,0x28 0x28,0x1A9 0x1AA,e2f0d9
0x982B 0x982C,206,문자,187,겠,0x982B~0x982C,0 1,A0 12,18 20,0x1D9C4 0x1D9C3,24 97,9C A5,0x1D770 0x1D770,0x28 0x28,0x1AB 0x1AC,e2f0d9
0x982D 0x982E,207,문자,188,느,0x982D~0x982E,0 1,D0 BE,D8 25,0x1D9C2 0x1D9C1,56 45,5E AC,0x1D770 0x1D770,0x28 0x28,0x1AD 0x1AE,e2f0d9
0x982F 0x9830,208,문자,189,냐,0x982F~0x9830,0 1,F0 28,38 25,0x1D9C0 0x1D9BF,78 B1,C0 AE,0x1D770 0x1D770,0x28 0x28,0x1AF 0x1B0,e2f0d9
0x9831 0x9832,209,문자,190,、,0x9831~0x9832,0 1,D0 60,20 12,0x1D9BE 0x1D9BD,5A EB,AA 9D,0x1D770 0x1D770,0x28 0x28,0x1B1 0x1B2,e2f0d9
0x9833 0x9834,210,문자,191,바,0x9833~0x9834,0 1,80 19,88 39,0x1D9BC 0x1D9BB,0C A6,14 C6,0x1D770 0x1D770,0x28 0x28,0x1B3 0x1B4,e2f0d9
0x9835 0x9836,211,문자,192,리,0x9835~0x9836,0 1,30 38,78 34,0x1D9BA 0x1D9B9,BE C7,06 C3,0x1D770 0x1D770,0x28 0x28,0x1B5 0x1B6,e2f0d9
0x9837 0x9838,212,문자,193,스,0x9837~0x9838,0 1,A0 28,78 3F,0x1D9B8 0x1D9B7,30 B9,08 D0,0x1D770 0x1D770,0x28 0x28,0x1B7 0x1B8,e2f0d9
0x9839 0x983A,213,문자,194,의,0x9839~0x983A,0 1,40 18,88 DE,0x1D9B6 0x1D9B5,D2 AB,1A 71,0x1D770 0x1D770,0x28 0x28,0x1B9 0x1BA,e2f0d9
0x983B,214,문자,195,␠,0x983B~0x983C,0,A0,18,0x1D9B4,34,AC,0x1D770,0x28,0x1BB,e2f0d9
0x983D 0x983E,215,문자,196,전,0x983D~0x983E,0 1,30 74,B8 DF,0x1D9B2 0x1D9B1,C6 0B,4E 76,0x1D770 0x1D770,0x28 0x28,0x1BD 0x1BE,e2f0d9
0x983F 0x9840,216,문자,197,사,0x983F~0x9840,0 1,F0 28,E8 3C,0x1D9B0 0x1D9AF,88 C1,80 D5,0x1D770 0x1D770,0x28 0x28,0x1BF 0x1C0,e2f0d9
0x9841 0x9842,217,문자,198,여,0x9841~0x9842,0 1,D0 FB,58 9F,0x1D9AE 0x1D9AD,6A 96,F2 3A,0x1D770 0x1D770,0x28 0x28,0x1C1 0x1C2,e2f0d9
0x9843 0x9844,218,문자,199,・,0x9843~0x9844,0 1,40 28,60 12,0x1D9AC 0x1D9AB,DC C5,FC AF,0x1D770 0x1D770,0x28 0x28,0x1C3 0x1C4,e2f0d9
0x9845 0x9846,219,문자,200,・,0x9845~0x9846,0 1,10 19,60 12,0x1D9AA 0x1D9A9,AE B8,FE B1,0x1D770 0x1D770,0x28 0x28,0x1C5 0x1C6,e2f0d9
0x9847 0x9848,220,문자,201,・,0x9847~0x9848,0 1,20 18,60 12,0x1D9A8 0x1D9A7,C0 B9,00 B3,0x1D770 0x1D770,0x28 0x28,0x1C7 0x1C8,e2f0d9
0x9849 0x984A,221,문자,202,！,0x9849~0x984A,0 1,30 28,A0 12,0x1D9A6 0x1D9A5,D2 CB,42 B5,0x1D770 0x1D770,0x28 0x28,0x1C9 0x1CA,e2f0d9
0x984B 0x984C 0x984D,222,제어,,,0x984B~0x984D,0 1 2,60 28 40,19 00 78,0x1D9A4 0x1D9A3 0x1D9A2,04 CD E6,BD A5 1E,0x1D770 0x1D770 0x1D770,0x28 0x28 0x28,0x1CB 0x1CC 0x1CD,fce4d6
0x984E 0x984F,223,제어,,,0x984E~0x984F,0 1,18 60,15 00,0x1D9A1 0x1D9A0,BF 08,BC A8,0x1D770 0x1D770,0x28 0x28,0x1CE 0x1CF,fce4d6
0x9850 0x9851,224,제어,,,0x9850~0x9851,0 1,28 20,17 00,0x1D99F 0x1D99E,D1 CA,C0 AA,0x1D770 0x1D770,0x28 0x28,0x1D0 0x1D1,fce4d6
0x9852 0x9853 0x9854,225,제어,,,0x9852~0x9854,0 1 2,38 20 12,1A 00 04,0x1D99D 0x1D99C 0x1D99B,E3 CC BF,C5 AC B1,0x1D770 0x1D770 0x1D770,0x28 0x28 0x28,0x1D2 0x1D3 0x1D4,fce4d6
0x9855 0x9856,226,제어,,,0x9855~0x9856,0 1,40 18,16 00,0x1D99A 0x1D999,EE C7,C4 AF,0x1D770 0x1D770,0x28 0x28,0x1D5 0x1D6,fce4d6
0x9857 0x9858,227,문자,203,아,0x9857~0x9858,0 1,40 28,00 56,0x1D998 0x1D997,F0 D9,B0 07,0x1D770 0x1D770,0x28 0x28,0x1D7 0x1D8,e9ae2b
0x9859 0x985A,228,문자,204,니,0x9859~0x985A,0 1,B0 18,F0 25,0x1D996 0x1D995,62 CB,A2 D8,0x1D770 0x1D770,0x28 0x28,0x1D9 0x1DA,e9ae2b
0x985B 0x985C,229,문자,205,야,0x985B~0x985C,0 1,D0 18,00 6C,0x1D994 0x1D993,84 CD,B4 21,0x1D770 0x1D770,0x28 0x28,0x1DB 0x1DC,e9ae2b
0x985D 0x985E,230,문자,206,！,0x985D~0x985E,0 1,30 28,A0 12,0x1D992 0x1D991,E6 DF,56 C9,0x1D770 0x1D770,0x28 0x28,0x1DD 0x1DE,e2f0d9
0x985F 0x9860,231,문자,207,␠,0x985F~0x9860,0 1,80 28,18 12,0x1D990 0x1D98F,38 E1,D0 CB,0x1D770 0x1D770,0x28 0x28,0x1DF 0x1E0,e2f0d9
0x9861 0x9862,232,문자,208,사,0x9861~0x9862,0 1,C0 99,E0 3C,0x1D98E 0x1D98D,7A 54,9A F7,0x1D770 0x1D770,0x28 0x28,0x1E1 0x1E2,e9ae2b
0x9863 0x9864,233,문자,209,람,0x9863~0x9864,0 1,00 A7,20 31,0x1D98C 0x1D98B,BC 64,DC EE,0x1D770 0x1D770,0x28 0x28,0x1E3 0x1E4,e9ae2b
0x9865 0x9866,234,문자,210,은,0x9865~0x9866,0 1,10 38,40 DE,0x1D98A 0x1D989,CE F7,FE 9D,0x1D770 0x1D770,0x28 0x28,0x1E5 0x1E6,e9ae2b
0x9867 0x9868,235,문자,211,␠,0x9867~0x9868,0 1,B0 38,18 12,0x1D988 0x1D987,70 F9,D8 D3,0x1D770 0x1D770,0x28 0x28,0x1E7 0x1E8,e2f0d9
0x9869 0x986A,236,문자,212,악,0x9869~0x986A,0 1,E0 F7,00 58,0x1D986 0x1D985,A2 BA,C2 1B,0x1D770 0x1D770,0x28 0x28,0x1E9 0x1EA,e9ae2b
0x986B 0x986C,237,문자,213,하,0x986B~0x986C,0 1,C0 18,50 E3,0x1D984 0x1D983,84 DD,14 A8,0x1D770 0x1D770,0x28 0x28,0x1EB 0x1EC,e9ae2b
0x986D 0x986E,238,문자,214,지,0x986D~0x986E,0 1,80 DA,10 E0,0x1D982 0x1D981,46 A1,D6 A7,0x1D770 0x1D770,0x28 0x28,0x1ED 0x1EE,e9ae2b
0x986F 0x9870,239,문자,215,␠,0x986F~0x9870,0 1,B0 38,18 12,0x1D980 0x1D97F,78 01,E0 DB,0x1D770 0x1D770,0x28 0x28,0x1EF 0x1F0,e2f0d9
0x9871 0x9872,240,문자,216,않,0x9871~0x9872,0 1,F0 38,00 5E,0x1D97E 0x1D97D,BA 03,CA 29,0x1D770 0x1D770,0x28 0x28,0x1F1 0x1F2,e9ae2b
0x9873 0x9874,241,문자,217,아,0x9873~0x9874,0 1,20 12,00 56,0x1D97C 0x1D97B,EC DF,CC 23,0x1D770 0x1D770,0x28 0x28,0x1F3 0x1F4,e9ae2b
0x9875 0x9876,242,문자,218,！,0x9875~0x9876,0 1,F0 DC,A0 12,0x1D97A 0x1D979,BE AB,6E E1,0x1D770 0x1D770,0x28 0x28,0x1F5 0x1F6,e2f0d9
0x9877 0x9878,243,문자,219,␠,0x9877~0x9878,0 1,20 B7,18 12,0x1D978 0x1D977,F0 88,E8 E3,0x1D770 0x1D770,0x28 0x28,0x1F7 0x1F8,e2f0d9
0x9879 0x987A,244,문자,220,지,0x9879~0x987A,0 1,00 28,10 E0,0x1D976 0x1D975,D2 FB,E2 B3,0x1D770 0x1D770,0x28 0x28,0x1F9 0x1FA,e9ae2b
0x987B 0x987C,245,문자,221,금,0x987B~0x987C,0 1,30 28,80 21,0x1D974 0x1D973,04 FD,54 F6,0x1D770 0x1D770,0x28 0x28,0x1FB 0x1FC,e9ae2b
0x987D 0x987E,246,문자,222,은,0x987D~0x987E,0 1,60 28,40 DE,0x1D972 0x1D971,36 FF,16 B5,0x1D770 0x1D770,0x28 0x28,0x1FD 0x1FE,e9ae2b
0x987F,247,문자,223,␠,0x987F~0x9880,0,60,18,0x1D970,39,F1,0x1D770,0x28,0x1FF,e2f0d9
0x9881 0x9882,248,문자,224,상,0x9881~0x9882,0 1,60 12,20 3D,0x1D96E 0x1D96D,3B EE,FB 19,0x1D770 0x1D770,0x28 0x28,0x201 0x202,e9ae2b
0x9883 0x9884,249,문자,225,처,0x9883~0x9884,0 1,A0 12,00 E1,0x1D96C 0x1D96B,7D F0,DD BF,0x1D770 0x1D770,0x28 0x28,0x203 0x204,e9ae2b
0x9885 0x9886,250,문자,226,를,0x9885~0x9886,0 1,15 00,50 34,0x1D96A 0x1D969,F4 E0,2F 14,0x1D770 0x1D770,0x28 0x28,0x205 0x206,e9ae2b
0x9887 0x9888,251,문자,227,␠,0x9887~0x9888,0 1,D0 19,18 12,0x1D968 0x1D967,B1 FB,F9 F4,0x1D770 0x1D770,0x28 0x28,0x207 0x208,e2f0d9
0x9889 0x988A,252,문자,228,주,0x9889~0x988A,0 1,C0 38,F0 F5,0x1D966 0x1D965,A3 1C,D3 D9,0x1D770 0x1D770,0x28 0x28,0x209 0x20A,e9ae2b
0x988B 0x988C,253,문자,229,고,0x988B~0x988C,0 1,E0 29,80 20,0x1D964 0x1D963,C5 0F,65 06,0x1D770 0x1D770,0x28 0x28,0x20B 0x20C,e9ae2b
0x988D 0x988E,254,문자,230,␠,0x988D~0x988E,0 1,70 28,18 12,0x1D962 0x1D961,57 10,FF FA,0x1D770 0x1D770,0x28 0x28,0x20D 0x20E,e2f0d9
0x9890,255,문자,231,있,0x988F~0x9890,1,28,DE,0x1D95F,12,C8,0x1D770,0x28,0x210,e9ae2b
0x9891 0x9892,256,문자,232,을,0x9891~0x9892,0 1,F0 C0,50 DE,0x1D95E 0x1D95D,DB AC,3B CA,0x1D770 0x1D770,0x28 0x28,0x211 0x212,e9ae2b
0x9893 0x9894,257,문자,233,지,0x9893~0x9894,0 1,60 18,10 E0,0x1D95C 0x1D95B,4D 06,FD CE,0x1D770 0x1D770,0x28 0x28,0x213 0x214,e9ae2b
0x9895,258,문자,234,␠,0x9895~0x9896,0,A0,18,0x1D95A,8F,07,0x1D770,0x28,0x215,e2f0d9
0x9897 0x9898,259,문자,235,몰,0x9897~0x9898,0 1,70 7F,C0 35,0x1D958 0x1D957,61 71,B1 27,0x1D770 0x1D770,0x28 0x28,0x217 0x218,e9ae2b
0x9899 0x989A,260,문자,236,라,0x9899~0x989A,0 1,70 19,F0 30,0x1D956 0x1D955,63 0D,E3 24,0x1D770 0x1D770,0x28 0x28,0x219 0x21A,e9ae2b
0x989B 0x989C,261,문자,237,도,0x989B~0x989C,0 1,40 18,20 2E,0x1D954 0x1D953,35 0E,15 24,0x1D770 0x1D770,0x28 0x28,0x21B 0x21C,e9ae2b
0x989D 0x989E,262,문자,238,、,0x989D~0x989E,0 1,F0 C0,20 12,0x1D952 0x1D951,E7 B8,17 0A,0x1D770 0x1D770,0x28 0x28,0x21D 0x21E,e2f0d9
0x989F 0x98A0,263,문자,239,언,0x989F~0x98A0,0 1,E0 B6,00 74,0x1D950 0x1D94F,D9 B0,F9 6E,0x1D770 0x1D770,0x28 0x28,0x21F 0x220,e9ae2b
0x98A1 0x98A2,264,문자,240,젠,0x98A1~0x98A2,0 1,30 46,F0 E5,0x1D94E 0x1D94D,2B 42,EB E1,0x1D770 0x1D770,0x28 0x28,0x221 0x222,e9ae2b
0x98A3 0x98A4,265,문자,241,가,0x98A3~0x98A4,0 1,C0 18,A0 17,0x1D94C 0x1D94B,BD 16,9D 15,0x1D770 0x1D770,0x28 0x28,0x223 0x224,e9ae2b
0x98A5,266,문자,242,␠,0x98A5~0x98A6,0,20,18,0x1D94A,1F,17,0x1D770,0x28,0x225,e2f0d9
0x98A7 0x98A8,267,문자,243,분,0x98A7~0x98A8,0 1,A0 CB,10 3C,0x1D948 0x1D947,A1 CD,11 3E,0x1D770 0x1D770,0x28 0x28,0x227 0x228,e9ae2b
0x98A9 0x98AA,268,문자,244,명,0x98A9~0x98AA,0 1,80 18,90 35,0x1D946 0x1D945,83 1C,93 39,0x1D770 0x1D770,0x28 0x28,0x229 0x22A,e9ae2b
0x98AB 0x98AC,269,문자,245,␠,0x98AB~0x98AC,0 1,20 39,18 12,0x1D944 0x1D943,25 3F,1D 18,0x1D770 0x1D770,0x28 0x28,0x22B 0x22C,e2f0d9
0x98AD 0x98AE,270,문자,246,깨,0x98AD~0x98AE,0 1,B0 70,00 24,0x1D942 0x1D941,B7 78,07 2C,0x1D770 0x1D770,0x28 0x28,0x22D 0x22E,e9ae2b
0x98AF 0x98B0,271,문자,247,달,0x98AF~0x98B0,0 1,40 28,F0 27,0x1D940 0x1D93F,49 32,F9 31,0x1D770 0x1D770,0x28 0x28,0x22F 0x230,e9ae2b
0x98B1 0x98B2,272,문자,248,을,0x98B1~0x98B2,0 1,10 19,50 DE,0x1D93E 0x1D93D,1B 25,5B EA,0x1D770 0x1D770,0x28 0x28,0x231 0x232,e9ae2b
0x98B3 0x98B4,273,문자,249,␠,0x98B3~0x98B4,0 1,B0 38,18 12,0x1D93C 0x1D93B,BD 46,25 20,0x1D770 0x1D770,0x28 0x28,0x233 0x234,e2f0d9
0x98B5 0x98B6,274,문자,250,때,0x98B5~0x98B6,0 1,20 12,80 30,0x1D93A 0x1D939,2F 22,8F 40,0x1D770 0x1D770,0x28 0x28,0x235 0x236,e9ae2b
0x98B7 0x98B8,275,문자,251,가,0x98B7~0x98B8,0 1,D0 19,A0 17,0x1D938 0x1D937,E1 2B,B1 29,0x1D770 0x1D770,0x28 0x28,0x237 0x238,e9ae2b
0x98B9 0x98BA,276,문자,252,␠,0x98B9~0x98BA,0 1,E0 28,18 12,0x1D936 0x1D935,F3 3C,2B 26,0x1D770 0x1D770,0x28 0x28,0x239 0x23A,e2f0d9
0x98BB 0x98BC,277,문자,253,올,0x98BB~0x98BC,0 1,C0 CD,D0 9F,0x1D934 0x1D933,D5 E3,E5 B5,0x1D770 0x1D770,0x28 0x28,0x23B 0x23C,e9ae2b
0x98BD 0x98BE,278,문자,254,␠,0x98BD~0x98BE,0 1,E0 29,18 12,0x1D932 0x1D931,F7 41,2F 2A,0x1D770 0x1D770,0x28 0x28,0x23D 0x23E,e2f0d9
0x98BF 0x98C0,279,문자,255,거,0x98BF~0x98C0,0 1,70 28,90 1D,0x1D930 0x1D92F,89 42,A9 37,0x1D770 0x1D770,0x28 0x28,0x23F 0x240,e9ae2b
0x98C1 0x98C2,280,문자,256,야,0x98C1~0x98C2,0 1,60 12,00 6C,0x1D92E 0x1D92D,7B 2E,1B 88,0x1D770 0x1D770,0x28 0x28,0x241 0x242,e9ae2b
0x98C3,281,문자,257,、,0x98C3~0x98C4,0,60,20,0x1D92C,7D,3D,0x1D770,0x28,0x243,e2f0d9
0x98C5 0x98C6,282,문자,258,레,0x98C5~0x98C6,0 1,60 12,A0 31,0x1D92A 0x1D929,7F 32,BF 51,0x1D770 0x1D770,0x28 0x28,0x245 0x246,e9ae2b
0x98C7 0x98C8,283,문자,259,이,0x98C7~0x98C8,0 1,A0 12,90 DE,0x1D928 0x1D927,C1 34,B1 00,0x1D770 0x1D770,0x28 0x28,0x247 0x248,e9ae2b
0x98C9 0x98CA,284,문자,260,코,0x98C9~0x98CA,0 1,19 00,10 E2,0x1D926 0x1D925,3C 24,33 06,0x1D770 0x1D770,0x28 0x28,0x249 0x24A,e9ae2b
0x98CB 0x98CC,285,문자,261,처,0x98CB~0x98CC,0 1,68 15,00 E1,0x1D924 0x1D923,8D 3B,25 07,0x1D770 0x1D770,0x28 0x28,0x24B 0x24C,e9ae2b
0x98CD 0x98CE,286,문자,262,럼,0x98CD~0x98CE,0 1,00 17,70 31,0x1D922 0x1D921,27 3F,97 59,0x1D770 0x1D770,0x28 0x28,0x24D 0x24E,e9ae2b
0x98CF 0x98D0,287,문자,263,・,0x98CF~0x98D0,0 1,00 1A,60 12,0x1D920 0x1D91F,29 44,89 3C,0x1D770 0x1D770,0x28 0x28,0x24F 0x250,e2f0d9
0x98D1 0x98D2,288,문자,264,・,0x98D1~0x98D2,0 1,00 03,60 12,0x1D91E 0x1D91D,2B 2F,8B 3E,0x1D770 0x1D770,0x28 0x28,0x251 0x252,e2f0d9
0x98D3 0x98D4,289,문자,265,・,0x98D3~0x98D4,0 1,16 00,60 12,0x1D91C 0x1D91B,43 2E,8D 40,0x1D770 0x1D770,0x28 0x28,0x253 0x254,e2f0d9
0x98D5 0x98D6,290,문자,266,！,0x98D5~0x98D6,0 1,D8 19,A0 12,0x1D91A 0x1D919,07 49,CF 42,0x1D770 0x1D770,0x28 0x28,0x255 0x256,e2f0d9
0x98D7 0x98D8,291,제어,,,0x98D7~0x98D8,0 1,C8 38,15 00,0x1D918 0x1D917,F9 6A,46 32,0x1D770 0x1D770,0x28 0x28,0x257 0x258,fce4d6
0x98D9 0x98DA,292,문자,267,그,0x98D9~0x98DA,0 1,28 38,50 21,0x1D916 0x1D915,5B 6C,83 55,0x1D770 0x1D770,0x28 0x28,0x259 0x25A,e9ae2b
0x98DB 0x98DC,293,문자,268,때,0x98DB~0x98DC,0 1,88 38,80 30,0x1D914 0x1D913,BD 6E,B5 66,0x1D770 0x1D770,0x28 0x28,0x25B 0x25C,e9ae2b
0x98DD 0x98DE,294,문자,269,까,0x98DD~0x98DE,0 1,B8 18,F0 21,0x1D912 0x1D911,EF 50,27 59,0x1D770 0x1D770,0x28 0x28,0x25D 0x25E,e9ae2b
0x98DF 0x98E0,295,문자,270,지,0x98DF~0x98E0,0 1,D8 38,10 E0,0x1D910 0x1D90F,11 72,49 1A,0x1D770 0x1D770,0x28 0x28,0x25F 0x260,e9ae2b
0x98E1 0x98E2,296,문자,271,␠,0x98E1~0x98E2,0 1,68 18,18 12,0x1D90E 0x1D90D,A3 54,53 4E,0x1D770 0x1D770,0x28 0x28,0x261 0x262,e2f0d9
0x98E3 0x98E4,297,문자,272,싸,0x98E3~0x98E4,0 1,60 12,00 46,0x1D90C 0x1D90B,9D 50,3D 84,0x1D770 0x1D770,0x28 0x28,0x263 0x264,e9ae2b
0x98E5 0x98E6,298,문자,273,울,0x98E5~0x98E6,0 1,60 12,F0 D3,0x1D90A 0x1D909,9F 52,2F 13,0x1D770 0x1D770,0x28 0x28,0x265 0x266,e9ae2b
0x98E7,299,문자,274,␠,0x98E7~0x98E8,0,60,18,0x1D908,A1,59,0x1D770,0x28,0x267,e2f0d9
0x98E9 0x98EA,300,문자,275,거,0x98E9~0x98EA,0 1,A0 12,90 1D,0x1D906 0x1D905,E3 56,D3 61,0x1D770 0x1D770,0x28 0x28,0x269 0x26A,e9ae2b
0x98EB 0x98EC,301,문자,276,야,0x98EB~0x98EC,0 1,10 12,00 6C,0x1D904 0x1D903,55 58,45 B2,0x1D770 0x1D770,0x28 0x28,0x26B 0x26C,e9ae2b
0x98ED,302,문자,277,！,0x98ED~0x98EE,0,10,A0,0x1D902,57,E7,0x1D770,0x28,0x26D,e2f0d9
0x98EF,303,문자,278,␠,0x98EF~0x98F0,0,10,18,0x1D900,59,61,0x1D770,0x28,0x26F,e2f0d9
0x98F1 0x98F2,304,문자,279,새,0x98F1~0x98F2,0 1,15 00,30 3D,0x1D8FE 0x1D8FD,60 4C,7B 89,0x1D770 0x1D770,0x28 0x28,0x271 0x272,e9ae2b
0x98F3 0x98F4,305,문자,280,로,0x98F3~0x98F4,0 1,58 19,D0 31,0x1D8FC 0x1D8FB,A5 67,1D 7F,0x1D770 0x1D770,0x28 0x28,0x273 0x274,e9ae2b
0x98F5 0x98F6,306,문자,281,운,0x98F5~0x98F6,0 1,98 38,F0 D1,0x1D8FA 0x1D8F9,E7 88,3F 21,0x1D770 0x1D770,0x28 0x28,0x275 0x276,e9ae2b
0x98F7 0x98F8,307,문자,282,␠,0x98F7~0x98F8,0 1,08 29,18 12,0x1D8F8 0x1D8F7,59 7B,69 64,0x1D770 0x1D770,0x28 0x28,0x277 0x278,e2f0d9
0x98F9 0x98FA,308,문자,283,전,0x98F9~0x98FA,0 1,08 28,B0 DF,0x1D8F6 0x1D8F5,5B 7C,03 33,0x1D770 0x1D770,0x28 0x28,0x279 0x27A,e9ae2b
0x98FB 0x98FC,309,문자,284,사,0x98FB~0x98FC,0 1,20 12,E0 3C,0x1D8F4 0x1D8F3,75 68,35 92,0x1D770 0x1D770,0x28 0x28,0x27B 0x27C,e9ae2b
0x98FD 0x98FE,310,문자,285,가,0x98FD~0x98FE,0 1,48 3B,A0 17,0x1D8F2 0x1D8F1,9F 93,F7 6F,0x1D770 0x1D770,0x28 0x28,0x27D 0x27E,e9ae2b
0x9900,311,문자,286,␠,0x98FF~0x9900,1,1A,12,0x1D8EF,74,6C,0x1D770,0x28,0x280,e2f0d9
0x9901 0x9902,312,문자,287,답,0x9901~0x9902,0 1,A8 3A,00 2C,0x1D8EE 0x1D8ED,03 96,5B 88,0x1D770 0x1D770,0x28 0x28,0x281 0x282,e9ae2b
0x9903 0x9904,313,문자,288,을,0x9903~0x9904,0 1,98 1B,50 DE,0x1D8EC 0x1D8EB,F5 79,AD 3C,0x1D770 0x1D770,0x28 0x28,0x283 0x284,e9ae2b
0x9905 0x9906,314,문자,289,␠,0x9905~0x9906,0 1,E8 28,18 12,0x1D8EA 0x1D8E9,47 88,77 72,0x1D770 0x1D770,0x28 0x28,0x285 0x286,e2f0d9
0x9907 0x9908,315,문자,290,찾,0x9907~0x9908,0 1,F8 C0,E0 E0,0x1D8E8 0x1D8E7,59 22,41 42,0x1D770 0x1D770,0x28 0x28,0x287 0x288,e9ae2b
0x9909 0x990A,316,문자,291,아,0x9909~0x990A,0 1,E8 B6,00 56,0x1D8E6 0x1D8E5,4B 1A,63 BA,0x1D770 0x1D770,0x28 0x28,0x289 0x28A,e9ae2b
0x990B 0x990C,317,문자,292,내,0x990B~0x990C,0 1,88 38,00 25,0x1D8E4 0x1D8E3,ED 9E,65 8B,0x1D770 0x1D770,0x28 0x28,0x28B 0x28C,e9ae2b
0x990D 0x990E,318,문자,293,는,0x990D~0x990E,0 1,A0 12,E0 25,0x1D8E2 0x1D8E1,07 7A,47 8D,0x1D770 0x1D770,0x28 0x28,0x28D 0x28E,e9ae2b
0x990F 0x9910,319,문자,294,␠,0x990F~0x9910,0 1,19 00,18 12,0x1D8E0 0x1D8DF,82 6A,81 7C,0x1D770 0x1D770,0x28 0x28,0x28F 0x290,e2f0d9
0x9911 0x9912,320,문자,295,그,0x9911~0x9912,0 1,78 15,50 21,0x1D8DE 0x1D8DD,E3 81,BB 8D,0x1D770 0x1D770,0x28 0x28,0x291 0x292,e9ae2b
0x9913 0x9914,321,문자,296,날,0x9913~0x9914,0 1,00 17,D0 24,0x1D8DC 0x1D8DB,6D 85,3D 92,0x1D770 0x1D770,0x28 0x28,0x293 0x294,e9ae2b
0x9915 0x9916,322,문자,297,까,0x9915~0x9916,0 1,00 1A,F0 21,0x1D8DA 0x1D8D9,6F 8A,5F 91,0x1D770 0x1D770,0x28 0x28,0x295 0x296,e9ae2b
0x9917 0x9918,323,문자,298,지,0x9917~0x9918,0 1,00 04,10 E0,0x1D8D8 0x1D8D7,71 76,81 52,0x1D770 0x1D770,0x28 0x28,0x297 0x298,e9ae2b
0x9919 0x991A,324,문자,299,・,0x9919~0x991A,0 1,16 00,60 12,0x1D8D6 0x1D8D5,89 74,D3 86,0x1D770 0x1D770,0x28 0x28,0x299 0x29A,e2f0d9
0x991B 0x991C,325,문자,300,・,0x991B~0x991C,0 1,19 00,60 12,0x1D8D4 0x1D8D3,8E 76,D5 88,0x1D770 0x1D770,0x28 0x28,0x29B 0x29C,e2f0d9
0x991D 0x991E,326,문자,301,・,0x991D~0x991E,0 1,72 F8,60 12,0x1D8D2 0x1D8D1,E9 70,D7 8A,0x1D770 0x1D770,0x28 0x28,0x29D 0x29E,e2f0d9
0x991F 0x9920,327,문자,302,！,0x991F~0x9920,0 1,DC 28,A0 12,0x1D8D0 0x1D8CF,55 A2,19 8C,0x1D770 0x1D770,0x28 0x28,0x29F 0x2A0,e2f0d9
0x9921 0x9922 0x9923,328,제어,,,0x9921~0x9923,0 1 2,B7 60 12,19 00 68,0x1D8CE 0x1D8CD 0x1D8CC,32 DC 8F,94 7C E5,0x1D770 0x1D770 0x1D770,0x28 0x28 0x28,0x2A1 0x2A2 0x2A3,fce4d6
0x9924 0x9925,329,제어,,,0x9924~0x9925,0 1,60 12,15 00,0x1D8CB 0x1D8CA,DE 91,93 7F,0x1D770 0x1D770,0x28 0x28,0x2A4 0x2A5,fce4d6
0x9926 0x9927,330,제어,,,0x9926~0x9927,0 1,60 12,17 00,0x1D8C9 0x1D8C8,E0 93,97 81,0x1D770 0x1D770,0x28 0x28,0x2A6 0x2A7,fce4d6
0x9928 0x9929 0x992A,331,제어,,,0x9928~0x992A,0 1 2,18 7C 38,1A 00 03,0x1D8C7 0x1D8C6 0x1D8C5,9A FF BC,9C 83 87,0x1D770 0x1D770 0x1D770,0x28 0x28 0x28,0x2A8 0x2A9 0x2AA,fce4d6
0x992B 0x992C,332,제어,,,0x992B~0x992C,0 1,28 F8,16 00,0x1D8C4 0x1D8C3,AD 7E,9B 86,0x1D770 0x1D770,0x28 0x28,0x2AB 0x2AC,fce4d6
0x992D 0x992E,333,문자,303,그,0x992D~0x992E,0 1,19 F8,58 21,0x1D8C2 0x1D8C1,A0 80,DF A9,0x1D770 0x1D770,0x28 0x28,0x2AD 0x2AE,e2f0d9
0x992F 0x9930,334,문자,304,것,0x992F~0x9930,0 1,38 60,F8 1D,0x1D8C0 0x1D8BF,C1 EA,81 A7,0x1D770 0x1D770,0x28 0x28,0x2AF 0x2B0,e2f0d9
0x9931 0x9932,335,문자,305,도,0x9931~0x9932,0 1,12 60,28 2E,0x1D8BE 0x1D8BD,9D EC,B3 BA,0x1D770 0x1D770,0x28 0x28,0x2B1 0x2B2,e2f0d9
0x9933 0x9934,336,문자,306,␠,0x9933~0x9934,0 1,12 60,18 12,0x1D8BC 0x1D8BB,9F EE,A5 A0,0x1D770 0x1D770,0x28 0x28,0x2B3 0x2B4,e2f0d9
0x9935 0x9936,337,문자,307,나,0x9935~0x9936,0 1,12 A0,B8 24,0x1D8BA 0x1D8B9,A1 30,47 B4,0x1D770 0x1D770,0x28 0x28,0x2B5 0x2B6,e2f0d9
0x9937 0x9938,338,문자,308,쁘,0x9937~0x9938,0 1,12 10,B8 3C,0x1D8B8 0x1D8B7,A3 A2,49 CE,0x1D770 0x1D770,0x28 0x28,0x2B7 0x2B8,e2f0d9
0x9939 0x993A,339,문자,309,지,0x9939~0x993A,0 1,12 10,18 E0,0x1D8B6 0x1D8B5,A5 A4,AB 74,0x1D770 0x1D770,0x28 0x28,0x2B9 0x2BA,e2f0d9
0x993B 0x993C,340,문자,310,␠,0x993B~0x993C,0 1,12 10,18 12,0x1D8B4 0x1D8B3,A7 A6,AD A8,0x1D770 0x1D770,0x28 0x28,0x2BB 0x2BC,e2f0d9
0x993D 0x993E,341,문자,311,않,0x993D~0x993E,0 1,12 10,08 5E,0x1D8B2 0x1D8B1,A9 A8,9F F6,0x1D770 0x1D770,0x28 0x28,0x2BD 0x2BE,e2f0d9
0x993F 0x9940,342,문자,312,겠,0x993F~0x9940,0 1,12 10,18 20,0x1D8B0 0x1D8AF,AB AA,B1 BA,0x1D770 0x1D770,0x28 0x28,0x2BF 0x2C0,e2f0d9
0x9941 0x9942,343,문자,313,구,0x9941~0x9942,0 1,12 10,08 21,0x1D8AE 0x1D8AD,AD AC,A3 BD,0x1D770 0x1D770,0x28 0x28,0x2C1 0x2C2,e2f0d9
0x9943 0x9944,344,문자,314,나,0x9943~0x9944,0 1,12 14,B8 24,0x1D8AC 0x1D8AB,AF B2,55 C2,0x1D770 0x1D770,0x28 0x28,0x2C3 0x2C4,e2f0d9
0x9945 0x9946,345,문자,315,・,0x9945~0x9946,0 1,00 05,60 12,0x1D8AA 0x1D8A9,9F A5,FF B2,0x1D770 0x1D770,0x28 0x28,0x2C5 0x2C6,e2f0d9
0x9947 0x9948,346,문자,316,・,0x9947~0x9948,0 1,07 17,60 12,0x1D8A8 0x1D8A7,A8 B9,01 B4,0x1D770 0x1D770,0x28 0x28,0x2C7 0x2C8,e2f0d9
0x9949 0x994A,347,문자,317,・,0x9949~0x994A,0 1,27 37,60 12,0x1D8A6 0x1D8A5,CA DB,03 B6,0x1D770 0x1D770,0x28 0x28,0x2C9 0x2CA,e2f0d9
0x994B 0x994C,348,문자,318,！,0x994B~0x994C,0 1,47 57,A0 12,0x1D8A4 0x1D8A3,EC FD,45 B8,0x1D770 0x1D770,0x28 0x28,0x2CB 0x2CC,e2f0d9
0x994D 0x994E,349,제어,,,0x994D~0x994E,0 1,67 77,10 12,0x1D8A2 0x1D8A1,0E 1F,B7 BA,0x1D770 0x1D770,0x28 0x28,0x2CD 0x2CE,fce4d6
0x994F 0x9950,350,제어,,,0x994F~0x9950,0 1,80 15,10 12,0x1D8A0 0x1D89F,29 BF,B9 BC,0x1D770 0x1D770,0x28 0x28,0x2CF 0x2D0,fce4d6
0x9951 0x9952,351,제어,,,0x9951~0x9952,0 1,00 1A,10 12,0x1D89E 0x1D89D,AB C6,BB BE,0x1D770 0x1D770,0x28 0x28,0x2D1 0x2D2,fce4d6
0x9953 0x9954,352,제어,,,0x9953~0x9954,0 1,00 04,15 00,0x1D89C 0x1D89B,AD B2,C2 AE,0x1D770 0x1D770,0x28 0x28,0x2D3 0x2D4,fce4d6
0x9955 0x9956,353,문자,319,잘,0x9955~0x9956,0 1,12 00,48 DF,0x1D89A 0x1D899,C1 B0,F7 8F,0x1D770 0x1D770,0x28 0x28,0x2D5 0x2D6,e2f0d9
0x9957 0x9958,354,문자,320,␠,0x9957~0x9958,0 1,30 14,18 12,0x1D898 0x1D897,E1 C6,C9 C4,0x1D770 0x1D770,0x28 0x28,0x2D7 0x2D8,e2f0d9
0x9959 0x995A,355,문자,321,있,0x9959~0x995A,0 1,00 04,F8 DE,0x1D896 0x1D895,B3 B8,AB 92,0x1D770 0x1D770,0x28 0x28,0x2D9 0x2DA,e2f0d9
0x995B 0x995C,356,문자,322,거,0x995B~0x995C,0 1,00 11,98 1D,0x1D894 0x1D893,B5 C7,4D D3,0x1D770 0x1D770,0x28 0x28,0x2DB 0x2DC,e2f0d9
0x995D 0x995E,357,문자,323,라,0x995D~0x995E,0 1,22 33,F8 30,0x1D892 0x1D891,D9 EB,AF E8,0x1D770 0x1D770,0x28 0x28,0x2DD 0x2DE,e2f0d9
0x995F 0x9960,358,문자,324,、,0x995F~0x9960,0 1,44 55,20 12,0x1D890 0x1D88F,FD 0F,D9 CC,0x1D770 0x1D770,0x28 0x28,0x2DF 0x2E0,e2f0d9
0x9961 0x9962,359,문자,325,바,0x9961~0x9962,0 1,66 77,88 39,0x1D88E 0x1D88D,21 33,43 F5,0x1D770 0x1D770,0x28 0x28,0x2E1 0x2E2,e2f0d9
0x9963 0x9964,360,문자,326,리,0x9963~0x9964,0 1,80 19,78 34,0x1D88C 0x1D88B,3D D7,35 F2,0x1D770 0x1D770,0x28 0x28,0x2E3 0x2E4,e2f0d9
0x9965 0x9966,361,문자,327,스,0x9965~0x9966,0 1,00 71,78 3F,0x1D88A 0x1D889,BF 31,37 FF,0x1D770 0x1D770,0x28 0x28,0x2E5 0x2E6,e2f0d9
0x9967 0x9968,362,문자,328,의,0x9967~0x9968,0 1,17 00,88 DE,0x1D888 0x1D887,D8 C2,49 A0,0x1D770 0x1D770,0x28 0x28,0x2E7 0x2E8,e2f0d9
0x9969 0x996A,363,문자,329,␠,0x9969~0x996A,0 1,1A 00,18 12,0x1D886 0x1D885,DD C4,DB D6,0x1D770 0x1D770,0x28 0x28,0x2E9 0x2EA,e2f0d9
0x996B 0x996C,364,문자,330,전,0x996B~0x996C,0 1,03 14,B8 DF,0x1D884 0x1D883,C8 DA,7D A5,0x1D770 0x1D770,0x28 0x28,0x2EB 0x2EC,e2f0d9
0x996D 0x996E,365,문자,331,사,0x996D~0x996E,0 1,00 00,E8 3C,0x1D882 0x1D881,C7 C8,AF 04,0x1D770 0x1D770,0x28 0x28,0x2ED 0x2EE,e2f0d9
0x996F 0x9970,366,문자,332,여,0x996F~0x9970,0 1,51 37,58 9F,0x1D880 0x1D87F,1A 01,21 69,0x1D770 0x1D770,0x28 0x28,0x2EF 0x2F0,e2f0d9
0x9971 0x9972,367,문자,333,！,0x9971~0x9972,0 1,80 16,A0 12,0x1D87E 0x1D87D,4B E2,6B DE,0x1D770 0x1D770,0x28 0x28,0x2F1 0x2F2,e2f0d9
0x9973 0x9974 0x9975,368,제어,,,0x9973~0x9975,0 1 2,00 10 12,19 00 78,0x1D87C 0x1D87B 0x1D87A,CD DE E1,E6 CE 47,0x1D770 0x1D770 0x1D770,0x28 0x28 0x28,0x2F3 0x2F4 0x2F5,fce4d6
0x9976 0x9977,369,제어,,,0x9976~0x9977,0 1,10 12,15 00,0x1D879 0x1D878,E0 E3,E5 D1,0x1D770 0x1D770,0x28 0x28,0x2F6 0x2F7,fce4d6
0x9978 0x9979,370,제어,,,0x9978~0x9979,0 1,10 12,17 00,0x1D877 0x1D876,E2 E5,E9 D3,0x1D770 0x1D770,0x28 0x28,0x2F8 0x2F9,fce4d6
0x997A 0x997B 0x997C,371,제어,,,0x997A~0x997C,0 1 2,10 12 0F,1A 00 04,0x1D875 0x1D874 0x1D873,E4 E7 E5,EE D5 DA,0x1D770 0x1D770 0x1D770,0x28 0x28 0x28,0x2FA 0x2FB 0x2FC,fce4d6
0x997D,372,제어,,,0x997D~0x997E,0,00,16,0x1D872,D7,ED,0x1D770,0x28,0x2FD,fce4d6
0x997F 0x9980 0x9981,373,제어,,,0x997F~0x9981,0 1 2,00 28 20,19 00 72,0x1D870 0x1D86F 0x1D86E,DA 03 FC,F3 DB 4E,0x1D770 0x1D770 0x1D770,0x28 0x28 0x28,0x2FF 0x300 0x301,fce4d6
0x9982 0x9983,374,문자,334,레,0x9982~0x9983,0 1,39 00,A8 31,0x1D86D 0x1D86C,16 DE,85 0F,0x1D770 0x1D770,0x28 0x28,0x302 0x303,e2f0d9
0x9984 0x9985,375,문자,335,이,0x9984~0x9985,0 1,B0 30,98 DE,0x1D86B 0x1D86A,8F 10,77 BE,0x1D770 0x1D770,0x28 0x28,0x304 0x305,e2f0d9
0x9986 0x9987,376,문자,336,코,0x9986~0x9987,0 1,28 60,18 E2,0x1D869 0x1D868,09 42,F9 C4,0x1D770 0x1D770,0x28 0x28,0x306 0x307,e2f0d9
0x9988 0x9989,377,문자,337,・,0x9988~0x9989,0 1,28 F0,60 12,0x1D867 0x1D866,0B D4,43 F6,0x1D770 0x1D770,0x28 0x28,0x308 0x309,e2f0d9
0x998A 0x998B,378,문자,338,・,0x998A~0x998B,0 1,18 C0,60 12,0x1D865 0x1D864,FD A6,45 F8,0x1D770 0x1D770,0x28 0x28,0x30A 0x30B,e2f0d9
0x998C 0x998D,379,문자,339,・,0x998C~0x998D,0 1,38 A0,60 12,0x1D863 0x1D862,1F 88,47 FA,0x1D770 0x1D770,0x28 0x28,0x30C 0x30D,e2f0d9
0x998E 0x998F,380,문자,340,␠,0x998E~0x998F,0 1,28 40,18 12,0x1D861 0x1D860,11 2A,01 FC,0x1D770 0x1D770,0x28 0x28,0x30E 0x30F,e2f0d9
0x9990 0x9991,381,문자,341,우,0x9990~0x9991,0 1,18 E0,F8 CD,0x1D85F 0x1D85E,03 CC,E3 B9,0x1D770 0x1D770,0x28 0x28,0x310 0x311,e2f0d9
0x9992 0x9993,382,문자,342,리,0x9992~0x9993,0 1,28 A0,78 34,0x1D85D 0x1D85C,15 8E,65 22,0x1D770 0x1D770,0x28 0x28,0x312 0x313,e2f0d9
0x9994 0x9995,383,문자,343,가,0x9994~0x9995,0 1,12 12,A8 17,0x1D85B 0x1D85A,01 02,97 07,0x1D770 0x1D770,0x28 0x28,0x314 0x315,e2f0d9
0x9996 0x9997,384,문자,344,␠,0x9996~0x9997,0 1,00 23,18 12,0x1D859 0x1D858,F1 15,09 04,0x1D770 0x1D770,0x28 0x28,0x316 0x317,e2f0d9
0x9998 0x9999,385,문자,345,이,0x9998~0x9999,0 1,21 00,98 DE,0x1D857 0x1D856,14 F4,8B D2,0x1D770 0x1D770,0x28 0x28,0x318 0x319,e2f0d9
0x999A 0x999B,386,문자,346,겼,0x999A~0x999B,0 1,90 12,58 20,0x1D855 0x1D854,85 08,4D 16,0x1D770 0x1D770,0x28 0x28,0x31A 0x31B,e2f0d9
0x999C 0x999D,387,문자,347,어,0x999C~0x999D,0 1,19 00,08 70,0x1D853 0x1D852,10 F8,FF 68,0x1D770 0x1D770,0x28 0x28,0x31C 0x31D,e2f0d9
0x999E 0x999F,388,문자,348,・,0x999E~0x999F,0 1,7D 15,60 12,0x1D851 0x1D850,76 0F,59 0C,0x1D770 0x1D770,0x28 0x28,0x31E 0x31F,e2f0d9
0x99A0 0x99A1,389,문자,349,・,0x99A0~0x99A1,0 1,00 17,60 12,0x1D84F 0x1D84E,FB 13,5B 0E,0x1D770 0x1D770,0x28 0x28,0x320 0x321,e2f0d9
0x99A2 0x99A3,390,문자,350,・,0x99A2~0x99A3,0 1,00 1A,60 12,0x1D84D 0x1D84C,FD 18,5D 10,0x1D770 0x1D770,0x28 0x28,0x322 0x323,e2f0d9
0x99A4 0x99A5,391,문자,351,！,0x99A4~0x99A5,0 1,00 04,A0 12,0x1D84B 0x1D84A,FF 04,9F 12,0x1D770 0x1D770,0x28 0x28,0x324 0x325,e2f0d9
0x99A6 0x99A7,392,제어,,,0x99A6~0x99A7,0 1,16 00,10 12,0x1D849 0x1D848,17 02,11 14,0x1D770 0x1D770,0x28 0x28,0x326 0x327,fce4d6
0x99A8,393,제어,,,0x99A8~0x99A9,0,60,10,0x1D847,63,13,0x1D770,0x28,0x328,fce4d6
0x99AA 0x99AB,394,제어,,,0x99AA~0x99AB,0 1,12 00,10 12,0x1D845 0x1D844,17 06,15 18,0x1D770 0x1D770,0x28 0x28,0x32A 0x32B,fce4d6
0x99AC 0x99AD,395,제어,,,0x99AC~0x99AD,0 1,23 00,10 12,0x1D843 0x1D842,2A 08,17 1A,0x1D770 0x1D770,0x28 0x28,0x32C 0x32D,fce4d6
0x99AE,396,제어,,,0x99AE~0x99AF,0,60,10,0x1D841,69,19,0x1D770,0x28,0x32E,fce4d6
0x99B0,397,제어,,,0x99B0~0x99B1,0,60,10,0x1D83F,6B,1B,0x1D770,0x28,0x330,fce4d6
0x99B2 0x99B3 0x99B4 0x99B5 0x99B6 0x99B7 0x99B8 0x99B9 0x99BA 0x99BB 0x99BC 0x99BD,398,제어,,,0x99B2~0x99BD,0 1 2 3 4 5 6 7 8 9 10 11,60 12 60 12 60 12 15 00 60 12 12 00,14 00 05 07 17 27 37 47 57 67 77 80,0x1D83D 0x1D83C 0x1D83B 0x1D83A 0x1D839 0x1D838 0x1D837 0x1D836 0x1D835 0x1D834 0x1D833 0x1D832,6D 20 6F 22 71 24 28 14 75 28 29 18,21 0E 14 17 28 39 4A 5B 6C 7D 8E 98,0x1D770 0x1D770 0x1D770 0x1D770 0x1D770 0x1D770 0x1D770 0x1D770 0x1D770 0x1D770 0x1D770 0x1D770,0x28 0x28 0x28 0x28 0x28 0x28 0x28 0x28 0x28 0x28 0x28 0x28,0x332 0x333 0x334 0x335 0x336 0x337 0x338 0x339 0x33A 0x33B 0x33C 0x33D,fce4d6
0x99BE,399,제어,,,0x99BE~0x99BF,0,21,15,0x1D831,3A,2E,0x1D770,0x28,0x33E,fce4d6
0x99C0 0x99C1 0x99C2,400,제어,,,0x99C0~0x99C2,0 1 2,60 12 50,1A 00 04,0x1D82F 0x1D82E 0x1D82D,7B 2E 6D,35 1C 21,0x1D770 0x1D770 0x1D770,0x28 0x28 0x28,0x340 0x341 0x342,fce4d6
0x99C3 0x99C4 0x99C5,401,제어,,,0x99C3~0x99C5,0 1 2,5A 20 B7,12 00 30,0x1D82C 0x1D82B 0x1D82A,78 3F D7,30 1F 50,0x1D770 0x1D770 0x1D770,0x28 0x28 0x28,0x343 0x344 0x345,fce4d6
0x99C6 0x99C7 0x99C8 0x99C9 0x99CA 0x99CB 0x99CC 0x99CD 0x99CE 0x99CF 0x99D0 0x99D1,402,제어,,,0x99C6~0x99D1,0 1 2 3 4 5 6 7 8 9 10 11,E0 28 E0 5D 60 BE F0 28 70 C6 C0 18,14 00 04 00 11 22 33 44 55 66 77 80,0x1D829 0x1D828 0x1D827 0x1D826 0x1D825 0x1D824 0x1D823 0x1D822 0x1D821 0x1D820 0x1D81F 0x1D81E,01 4A 03 81 85 E4 17 50 99 F0 EB 44,35 22 27 24 36 48 5A 6C 7E 90 A2 AC,0x1D770 0x1D770 0x1D770 0x1D770 0x1D770 0x1D770 0x1D770 0x1D770 0x1D770 0x1D770 0x1D770 0x1D770,0x28 0x28 0x28 0x28 0x28 0x28 0x28 0x28 0x28 0x28 0x28 0x28,0x346 0x347 0x348 0x349 0x34A 0x34B 0x34C 0x34D 0x34E 0x34F 0x350 0x351,fce4d6
0x99D2 0x99D3 0x99D4,403,제어,,,0x99D2~0x99D4,0 1 2,40 18 40,19 00 71,0x1D81D 0x1D81C 0x1D81B,6D 46 6F,46 2E A0,0x1D770 0x1D770 0x1D770,0x28 0x28 0x28,0x352 0x353 0x354,fce4d6
0x99D5 0x99D6,404,제어,,,0x99D5~0x99D6,0 1,18 90,17 00,0x1D81A 0x1D819,48 C1,47 31,0x1D770 0x1D770,0x28 0x28,0x355 0x356,fce4d6
0x99D7 0x99D8 0x99D9,405,제어,,,0x99D7~0x99D9,0 1 2,12 19 00,1A 00 03,0x1D818 0x1D817 0x1D816,44 4C 34,4C 33 37,0x1D770 0x1D770 0x1D770,0x28 0x28 0x28,0x357 0x358 0x359,fce4d6
0x99DA 0x99DB 0x99DD 0x99DE 0x99DF,406,제어,,,0x99DA~0x99DF,0 1 3 4 5,7E 15 17 00 14,14 00 51 37 80,0x1D815 0x1D814 0x1D812 0x1D811 0x1D810,B3 4B 4F 39 4E,49 36 89 70 BA,0x1D770 0x1D770 0x1D770 0x1D770 0x1D770,0x28 0x28 0x28 0x28 0x28,0x35A 0x35B 0x35D 0x35E 0x35F,fce4d6
0x99E0,407,제어,,,0x99E0~0x99E1,0,00,16,0x1D80F,3B,51,0x1D770,0x28,0x360,fce4d6
0x99E2 0x99E3,408,제어,,,0x99E2~0x99E3,0 1,40 80,10 12,0x1D80D 0x1D80C,7D BE,4D 50,0x1D770 0x1D770,0x28 0x28,0x362 0x363,fce4d6
0x99E4 0x99E5,409,제어,,,0x99E4~0x99E5,0 1,1A 00,10 12,0x1D80B 0x1D80A,59 40,4F 52,0x1D770 0x1D770,0x28 0x28,0x364 0x365,fce4d6
0x99E6 0x99E7,410,제어,,,0x99E6~0x99E7,0 1,04 16,10 12,0x1D809 0x1D808,45 58,51 54,0x1D770 0x1D770,0x28 0x28,0x366 0x367,fce4d6
0x99E8 0x99E9,411,제어,,,0x99E8~0x99E9,0 1,00 80,10 12,0x1D807 0x1D806,43 C4,53 56,0x1D770 0x1D770,0x28 0x28,0x368 0x369,fce4d6
0x99EA,TERMINATOR,종료,,0F,0x99EA,0,18,0F,0x1D805,5D,54,0x1D770,0x28,0x36A,
