index,unicode,slot,token,rom_offset,source,provenance,review
1,U+AC00,378,A017,0x02F40,glyph_0001_U+AC00_slot0378_tokA017_off02F40.txt,Valis_KANJI1_16x16_EDITKIT_476 visual TXT filename,confirmed
2,U+AC01,379,B017,0x02F60,glyph_0002_U+AC01_slot0379_tokB017_off02F60.txt,Valis_KANJI1_16x16_EDITKIT_476 visual TXT filename,confirmed
3,U+AC04,380,C017,0x02F80,glyph_0003_U+AC04_slot0380_tokC017_off02F80.txt,Valis_KANJI1_16x16_EDITKIT_476 visual TXT filename,confirmed
4,U+AC08,381,D017,0x02FA0,glyph_0004_U+AC08_slot0381_tokD017_off02FA0.txt,Valis_KANJI1_16x16_EDITKIT_476 visual TXT filename,confirmed
5,U+AC10,382,E017,0x02FC0,glyph_0005_U+AC10_slot0382_tokE017_off02FC0.txt,Valis_KANJI1_16x16_EDITKIT_476 visual TXT filename,confirmed
6,U+AC11,383,F017,0x02FE0,glyph_0006_U+AC11_slot0383_tokF017_off02FE0.txt,Valis_KANJI1_16x16_EDITKIT_476 visual TXT filename,confirmed
7,U+AC15,384,0018,0x03000,glyph_0007_U+AC15_slot0384_tok0018_off03000.txt,Valis_KANJI1_16x16_EDITKIT_476 visual TXT filename,confirmed
8,U+AC16,416,001A,0x03400,glyph_0008_U+AC16_slot0416_tok001A_off03400.txt,Valis_KANJI1_16x16_EDITKIT_476 visual TXT filename,confirmed
9,U+AC19,448,001C,0x03800,glyph_0009_U+AC19_slot0448_tok001C_off03800.txt,Valis_KANJI1_16x16_EDITKIT_476 visual TXT filename,confirmed
10,U+AC70,473,901D,0x03B20,glyph_0010_U+AC70_slot0473_tok901D_off03B20.txt,Valis_KANJI1_16x16_EDITKIT_476 visual TXT filename,confirmed
11,U+AC71,474,A01D,0x03B40,glyph_0011_U+AC71_slot0474_tokA01D_off03B40.txt,Valis_KANJI1_16x16_EDITKIT_476 visual TXT filename,confirmed
12,U+AC74,475,B01D,0x03B60,glyph_0012_U+AC74_slot0475_tokB01D_off03B60.txt,Valis_KANJI1_16x16_EDITKIT_476 visual TXT filename,confirmed
13,U+AC78,476,C01D,0x03B80,glyph_0013_U+AC78_slot0476_tokC01D_off03B80.txt,Valis_KANJI1_16x16_EDITKIT_476 visual TXT filename,confirmed
14,U+AC80,477,D01D,0x03BA0,glyph_0014_U+AC80_slot0477_tokD01D_off03BA0.txt,Valis_KANJI1_16x16_EDITKIT_476 visual TXT filename,confirmed
15,U+AC81,478,E01D,0x03BC0,glyph_0015_U+AC81_slot0478_tokE01D_off03BC0.txt,Valis_KANJI1_16x16_EDITKIT_476 visual TXT filename,confirmed
16,U+AC83,479,F01D,0x03BE0,glyph_0016_U+AC83_slot0479_tokF01D_off03BE0.txt,Valis_KANJI1_16x16_EDITKIT_476 visual TXT filename,confirmed
17,U+AC89,480,001E,0x03C00,glyph_0017_U+AC89_slot0480_tok001E_off03C00.txt,Valis_KANJI1_16x16_EDITKIT_476 visual TXT filename,confirmed
18,U+AC8C,512,0020,0x04000,glyph_0018_U+AC8C_slot0512_tok0020_off04000.txt,Valis_KANJI1_16x16_EDITKIT_476 visual TXT filename,confirmed
19,U+ACA0,513,1020,0x04020,glyph_0019_U+ACA0_slot0513_tok1020_off04020.txt,Valis_KANJI1_16x16_EDITKIT_476 visual TXT filename,confirmed
20,U+ACA8,514,2020,0x04040,glyph_0020_U+ACA8_slot0514_tok2020_off04040.txt,Valis_KANJI1_16x16_EDITKIT_476 visual TXT filename,confirmed
21,U+ACA9,515,3020,0x04060,glyph_0021_U+ACA9_slot0515_tok3020_off04060.txt,Valis_KANJI1_16x16_EDITKIT_476 visual TXT filename,confirmed
22,U+ACB0,516,4020,0x04080,glyph_0022_U+ACB0_slot0516_tok4020_off04080.txt,Valis_KANJI1_16x16_EDITKIT_476 visual TXT filename,confirmed
23,U+ACBC,517,5020,0x040A0,glyph_0023_U+ACBC_slot0517_tok5020_off040A0.txt,Valis_KANJI1_16x16_EDITKIT_476 visual TXT filename,confirmed
24,U+ACBD,518,6020,0x040C0,glyph_0024_U+ACBD_slot0518_tok6020_off040C0.txt,Valis_KANJI1_16x16_EDITKIT_476 visual TXT filename,confirmed
25,U+ACC4,519,7020,0x040E0,glyph_0025_U+ACC4_slot0519_tok7020_off040E0.txt,Valis_KANJI1_16x16_EDITKIT_476 visual TXT filename,confirmed
26,U+ACE0,520,8020,0x04100,glyph_0026_U+ACE0_slot0520_tok8020_off04100.txt,Valis_KANJI1_16x16_EDITKIT_476 visual TXT filename,confirmed
27,U+ACF3,521,9020,0x04120,glyph_0027_U+ACF3_slot0521_tok9020_off04120.txt,Valis_KANJI1_16x16_EDITKIT_476 visual TXT filename,confirmed
28,U+ACF5,522,A020,0x04140,glyph_0028_U+ACF5_slot0522_tokA020_off04140.txt,Valis_KANJI1_16x16_EDITKIT_476 visual TXT filename,confirmed
29,U+ACFC,523,B020,0x04160,glyph_0029_U+ACFC_slot0523_tokB020_off04160.txt,Valis_KANJI1_16x16_EDITKIT_476 visual TXT filename,confirmed
30,U+AD00,524,C020,0x04180,glyph_0030_U+AD00_slot0524_tokC020_off04180.txt,Valis_KANJI1_16x16_EDITKIT_476 visual TXT filename,confirmed
31,U+AD1C,525,D020,0x041A0,glyph_0031_U+AD1C_slot0525_tokD020_off041A0.txt,Valis_KANJI1_16x16_EDITKIT_476 visual TXT filename,confirmed
32,U+AD34,526,E020,0x041C0,glyph_0032_U+AD34_slot0526_tokE020_off041C0.txt,Valis_KANJI1_16x16_EDITKIT_476 visual TXT filename,confirmed
33,U+AD50,527,F020,0x041E0,glyph_0033_U+AD50_slot0527_tokF020_off041E0.txt,Valis_KANJI1_16x16_EDITKIT_476 visual TXT filename,confirmed
34,U+AD6C,528,0021,0x04200,glyph_0034_U+AD6C_slot0528_tok0021_off04200.txt,Valis_KANJI1_16x16_EDITKIT_476 visual TXT filename,confirmed
35,U+AD6D,529,1021,0x04220,glyph_0035_U+AD6D_slot0529_tok1021_off04220.txt,Valis_KANJI1_16x16_EDITKIT_476 visual TXT filename,confirmed
36,U+AD70,530,2021,0x04240,glyph_0036_U+AD70_slot0530_tok2021_off04240.txt,Valis_KANJI1_16x16_EDITKIT_476 visual TXT filename,confirmed
37,U+AD74,531,3021,0x04260,glyph_0037_U+AD74_slot0531_tok3021_off04260.txt,Valis_KANJI1_16x16_EDITKIT_476 visual TXT filename,confirmed
38,U+ADE0,532,4021,0x04280,glyph_0038_U+ADE0_slot0532_tok4021_off04280.txt,Valis_KANJI1_16x16_EDITKIT_476 visual TXT filename,confirmed
39,U+ADF8,533,5021,0x042A0,glyph_0039_U+ADF8_slot0533_tok5021_off042A0.txt,Valis_KANJI1_16x16_EDITKIT_476 visual TXT filename,confirmed
40,U+ADF9,534,6021,0x042C0,glyph_0040_U+ADF9_slot0534_tok6021_off042C0.txt,Valis_KANJI1_16x16_EDITKIT_476 visual TXT filename,confirmed
41,U+ADFC,535,7021,0x042E0,glyph_0041_U+ADFC_slot0535_tok7021_off042E0.txt,Valis_KANJI1_16x16_EDITKIT_476 visual TXT filename,confirmed
42,U+AE08,536,8021,0x04300,glyph_0042_U+AE08_slot0536_tok8021_off04300.txt,Valis_KANJI1_16x16_EDITKIT_476 visual TXT filename,confirmed
43,U+AE09,537,9021,0x04320,glyph_0043_U+AE09_slot0537_tok9021_off04320.txt,Valis_KANJI1_16x16_EDITKIT_476 visual TXT filename,confirmed
44,U+AE0B,538,A021,0x04340,glyph_0044_U+AE0B_slot0538_tokA021_off04340.txt,Valis_KANJI1_16x16_EDITKIT_476 visual TXT filename,confirmed
45,U+AE30,539,B021,0x04360,glyph_0045_U+AE30_slot0539_tokB021_off04360.txt,Valis_KANJI1_16x16_EDITKIT_476 visual TXT filename,confirmed
46,U+AE34,540,C021,0x04380,glyph_0046_U+AE34_slot0540_tokC021_off04380.txt,Valis_KANJI1_16x16_EDITKIT_476 visual TXT filename,confirmed
47,U+AE38,541,D021,0x043A0,glyph_0047_U+AE38_slot0541_tokD021_off043A0.txt,Valis_KANJI1_16x16_EDITKIT_476 visual TXT filename,confirmed
48,U+AE43,542,E021,0x043C0,glyph_0048_U+AE43_slot0542_tokE021_off043C0.txt,Valis_KANJI1_16x16_EDITKIT_476 visual TXT filename,confirmed
49,U+AE4C,543,F021,0x043E0,glyph_0049_U+AE4C_slot0543_tokF021_off043E0.txt,Valis_KANJI1_16x16_EDITKIT_476 visual TXT filename,confirmed
50,U+AE68,576,0024,0x04800,glyph_0050_U+AE68_slot0576_tok0024_off04800.txt,Valis_KANJI1_16x16_EDITKIT_476 visual TXT filename,confirmed
51,U+AE84,577,1024,0x04820,glyph_0051_U+AE84_slot0577_tok1024_off04820.txt,Valis_KANJI1_16x16_EDITKIT_476 visual TXT filename,confirmed
52,U+AF2D,578,2024,0x04840,glyph_0052_U+AF2D_slot0578_tok2024_off04840.txt,Valis_KANJI1_16x16_EDITKIT_476 visual TXT filename,confirmed
53,U+AF30,579,3024,0x04860,glyph_0053_U+AF30_slot0579_tok3024_off04860.txt,Valis_KANJI1_16x16_EDITKIT_476 visual TXT filename,confirmed
54,U+AF64,580,4024,0x04880,glyph_0054_U+AF64_slot0580_tok4024_off04880.txt,Valis_KANJI1_16x16_EDITKIT_476 visual TXT filename,confirmed
55,U+AFB8,581,5024,0x048A0,glyph_0055_U+AFB8_slot0581_tok5024_off048A0.txt,Valis_KANJI1_16x16_EDITKIT_476 visual TXT filename,confirmed
56,U+AFC8,582,6024,0x048C0,glyph_0056_U+AFC8_slot0582_tok6024_off048C0.txt,Valis_KANJI1_16x16_EDITKIT_476 visual TXT filename,confirmed
57,U+B04A,583,7024,0x048E0,glyph_0057_U+B04A_slot0583_tok7024_off048E0.txt,Valis_KANJI1_16x16_EDITKIT_476 visual TXT filename,confirmed
58,U+B054,584,8024,0x04900,glyph_0058_U+B054_slot0584_tok8024_off04900.txt,Valis_KANJI1_16x16_EDITKIT_476 visual TXT filename,confirmed
59,U+B057,585,9024,0x04920,glyph_0059_U+B057_slot0585_tok9024_off04920.txt,Valis_KANJI1_16x16_EDITKIT_476 visual TXT filename,confirmed
60,U+B05D,586,A024,0x04940,glyph_0060_U+B05D_slot0586_tokA024_off04940.txt,Valis_KANJI1_16x16_EDITKIT_476 visual TXT filename,confirmed
61,U+B098,587,B024,0x04960,glyph_0061_U+B098_slot0587_tokB024_off04960.txt,Valis_KANJI1_16x16_EDITKIT_476 visual TXT filename,confirmed
62,U+B09C,588,C024,0x04980,glyph_0062_U+B09C_slot0588_tokC024_off04980.txt,Valis_KANJI1_16x16_EDITKIT_476 visual TXT filename,confirmed
63,U+B0A0,589,D024,0x049A0,glyph_0063_U+B0A0_slot0589_tokD024_off049A0.txt,Valis_KANJI1_16x16_EDITKIT_476 visual TXT filename,confirmed
64,U+B0A8,590,E024,0x049C0,glyph_0064_U+B0A8_slot0590_tokE024_off049C0.txt,Valis_KANJI1_16x16_EDITKIT_476 visual TXT filename,confirmed
65,U+B0A9,591,F024,0x049E0,glyph_0065_U+B0A9_slot0591_tokF024_off049E0.txt,Valis_KANJI1_16x16_EDITKIT_476 visual TXT filename,confirmed
66,U+B0B4,592,0025,0x04A00,glyph_0066_U+B0B4_slot0592_tok0025_off04A00.txt,Valis_KANJI1_16x16_EDITKIT_476 visual TXT filename,confirmed
67,U+B0B8,593,1025,0x04A20,glyph_0067_U+B0B8_slot0593_tok1025_off04A20.txt,Valis_KANJI1_16x16_EDITKIT_476 visual TXT filename,confirmed
68,U+B0BC,594,2025,0x04A40,glyph_0068_U+B0BC_slot0594_tok2025_off04A40.txt,Valis_KANJI1_16x16_EDITKIT_476 visual TXT filename,confirmed
69,U+B0D0,595,3025,0x04A60,glyph_0069_U+B0D0_slot0595_tok3025_off04A60.txt,Valis_KANJI1_16x16_EDITKIT_476 visual TXT filename,confirmed
70,U+B0E5,596,4025,0x04A80,glyph_0070_U+B0E5_slot0596_tok4025_off04A80.txt,Valis_KANJI1_16x16_EDITKIT_476 visual TXT filename,confirmed
71,U+B108,597,5025,0x04AA0,glyph_0071_U+B108_slot0597_tok5025_off04AA0.txt,Valis_KANJI1_16x16_EDITKIT_476 visual TXT filename,confirmed
72,U+B10C,598,6025,0x04AC0,glyph_0072_U+B10C_slot0598_tok6025_off04AC0.txt,Valis_KANJI1_16x16_EDITKIT_476 visual TXT filename,confirmed
73,U+B110,599,7025,0x04AE0,glyph_0073_U+B110_slot0599_tok7025_off04AE0.txt,Valis_KANJI1_16x16_EDITKIT_476 visual TXT filename,confirmed
74,U+B118,600,8025,0x04B00,glyph_0074_U+B118_slot0600_tok8025_off04B00.txt,Valis_KANJI1_16x16_EDITKIT_476 visual TXT filename,confirmed
75,U+B124,601,9025,0x04B20,glyph_0075_U+B124_slot0601_tok9025_off04B20.txt,Valis_KANJI1_16x16_EDITKIT_476 visual TXT filename,confirmed
76,U+B140,602,A025,0x04B40,glyph_0076_U+B140_slot0602_tokA025_off04B40.txt,Valis_KANJI1_16x16_EDITKIT_476 visual TXT filename,confirmed
77,U+B144,603,B025,0x04B60,glyph_0077_U+B144_slot0603_tokB025_off04B60.txt,Valis_KANJI1_16x16_EDITKIT_476 visual TXT filename,confirmed
78,U+B204,604,C025,0x04B80,glyph_0078_U+B204_slot0604_tokC025_off04B80.txt,Valis_KANJI1_16x16_EDITKIT_476 visual TXT filename,confirmed
79,U+B290,605,D025,0x04BA0,glyph_0079_U+B290_slot0605_tokD025_off04BA0.txt,Valis_KANJI1_16x16_EDITKIT_476 visual TXT filename,confirmed
80,U+B294,606,E025,0x04BC0,glyph_0080_U+B294_slot0606_tokE025_off04BC0.txt,Valis_KANJI1_16x16_EDITKIT_476 visual TXT filename,confirmed
81,U+B2C8,607,F025,0x04BE0,glyph_0081_U+B2C8_slot0607_tokF025_off04BE0.txt,Valis_KANJI1_16x16_EDITKIT_476 visual TXT filename,confirmed
82,U+B2D8,608,0026,0x04C00,glyph_0082_U+B2D8_slot0608_tok0026_off04C00.txt,Valis_KANJI1_16x16_EDITKIT_476 visual TXT filename,confirmed
83,U+B2D9,635,B027,0x04F60,glyph_0083_U+B2D9_slot0635_tokB027_off04F60.txt,Valis_KANJI1_16x16_EDITKIT_476 visual TXT filename,confirmed
84,U+B2E4,636,C027,0x04F80,glyph_0084_U+B2E4_slot0636_tokC027_off04F80.txt,Valis_KANJI1_16x16_EDITKIT_476 visual TXT filename,confirmed
85,U+B2E8,637,D027,0x04FA0,glyph_0085_U+B2E8_slot0637_tokD027_off04FA0.txt,Valis_KANJI1_16x16_EDITKIT_476 visual TXT filename,confirmed
86,U+B2EB,638,E027,0x04FC0,glyph_0086_U+B2EB_slot0638_tokE027_off04FC0.txt,Valis_KANJI1_16x16_EDITKIT_476 visual TXT filename,confirmed
87,U+B2EC,639,F027,0x04FE0,glyph_0087_U+B2EC_slot0639_tokF027_off04FE0.txt,Valis_KANJI1_16x16_EDITKIT_476 visual TXT filename,confirmed
88,U+B2F5,704,002C,0x05800,glyph_0088_U+B2F5_slot0704_tok002C_off05800.txt,Valis_KANJI1_16x16_EDITKIT_476 visual TXT filename,confirmed
89,U+B2F9,729,902D,0x05B20,glyph_0089_U+B2F9_slot0729_tok902D_off05B20.txt,Valis_KANJI1_16x16_EDITKIT_476 visual TXT filename,confirmed
90,U+B2FF,730,A02D,0x05B40,glyph_0090_U+B2FF_slot0730_tokA02D_off05B40.txt,Valis_KANJI1_16x16_EDITKIT_476 visual TXT filename,confirmed
91,U+B300,731,B02D,0x05B60,glyph_0091_U+B300_slot0731_tokB02D_off05B60.txt,Valis_KANJI1_16x16_EDITKIT_476 visual TXT filename,confirmed
92,U+B354,732,C02D,0x05B80,glyph_0092_U+B354_slot0732_tokC02D_off05B80.txt,Valis_KANJI1_16x16_EDITKIT_476 visual TXT filename,confirmed
93,U+B358,733,D02D,0x05BA0,glyph_0093_U+B358_slot0733_tokD02D_off05BA0.txt,Valis_KANJI1_16x16_EDITKIT_476 visual TXT filename,confirmed
94,U+B364,734,E02D,0x05BC0,glyph_0094_U+B364_slot0734_tokE02D_off05BC0.txt,Valis_KANJI1_16x16_EDITKIT_476 visual TXT filename,confirmed
95,U+B370,735,F02D,0x05BE0,glyph_0095_U+B370_slot0735_tokF02D_off05BE0.txt,Valis_KANJI1_16x16_EDITKIT_476 visual TXT filename,confirmed
96,U+B3C4,738,202E,0x05C40,glyph_0096_U+B3C4_slot0738_tok202E_off05C40.txt,Valis_KANJI1_16x16_EDITKIT_476 visual TXT filename,confirmed
97,U+B3CC,739,302E,0x05C60,glyph_0097_U+B3CC_slot0739_tok302E_off05C60.txt,Valis_KANJI1_16x16_EDITKIT_476 visual TXT filename,confirmed
98,U+B3D4,740,402E,0x05C80,glyph_0098_U+B3D4_slot0740_tok402E_off05C80.txt,Valis_KANJI1_16x16_EDITKIT_476 visual TXT filename,confirmed
99,U+B3D9,741,502E,0x05CA0,glyph_0099_U+B3D9_slot0741_tok502E_off05CA0.txt,Valis_KANJI1_16x16_EDITKIT_476 visual TXT filename,confirmed
100,U+B3FC,742,602E,0x05CC0,glyph_0100_U+B3FC_slot0742_tok602E_off05CC0.txt,Valis_KANJI1_16x16_EDITKIT_476 visual TXT filename,confirmed
101,U+B410,743,702E,0x05CE0,glyph_0101_U+B410_slot0743_tok702E_off05CE0.txt,Valis_KANJI1_16x16_EDITKIT_476 visual TXT filename,confirmed
102,U+B418,744,802E,0x05D00,glyph_0102_U+B418_slot0744_tok802E_off05D00.txt,Valis_KANJI1_16x16_EDITKIT_476 visual TXT filename,confirmed
103,U+B41C,745,902E,0x05D20,glyph_0103_U+B41C_slot0745_tok902E_off05D20.txt,Valis_KANJI1_16x16_EDITKIT_476 visual TXT filename,confirmed
104,U+B420,746,A02E,0x05D40,glyph_0104_U+B420_slot0746_tokA02E_off05D40.txt,Valis_KANJI1_16x16_EDITKIT_476 visual TXT filename,confirmed
105,U+B450,747,B02E,0x05D60,glyph_0105_U+B450_slot0747_tokB02E_off05D60.txt,Valis_KANJI1_16x16_EDITKIT_476 visual TXT filename,confirmed
106,U+B458,748,C02E,0x05D80,glyph_0106_U+B458_slot0748_tokC02E_off05D80.txt,Valis_KANJI1_16x16_EDITKIT_476 visual TXT filename,confirmed
107,U+B460,749,D02E,0x05DA0,glyph_0107_U+B460_slot0749_tokD02E_off05DA0.txt,Valis_KANJI1_16x16_EDITKIT_476 visual TXT filename,confirmed
108,U+B465,750,E02E,0x05DC0,glyph_0108_U+B465_slot0750_tokE02E_off05DC0.txt,Valis_KANJI1_16x16_EDITKIT_476 visual TXT filename,confirmed
109,U+B46C,751,F02E,0x05DE0,glyph_0109_U+B46C_slot0751_tokF02E_off05DE0.txt,Valis_KANJI1_16x16_EDITKIT_476 visual TXT filename,confirmed
110,U+B4DC,752,002F,0x05E00,glyph_0110_U+B4DC_slot0752_tok002F_off05E00.txt,Valis_KANJI1_16x16_EDITKIT_476 visual TXT filename,confirmed
111,U+B4E0,768,0030,0x06000,glyph_0111_U+B4E0_slot0768_tok0030_off06000.txt,Valis_KANJI1_16x16_EDITKIT_476 visual TXT filename,confirmed
112,U+B4E4,769,1030,0x06020,glyph_0112_U+B4E4_slot0769_tok1030_off06020.txt,Valis_KANJI1_16x16_EDITKIT_476 visual TXT filename,confirmed
113,U+B514,770,2030,0x06040,glyph_0113_U+B514_slot0770_tok2030_off06040.txt,Valis_KANJI1_16x16_EDITKIT_476 visual TXT filename,confirmed
114,U+B51C,771,3030,0x06060,glyph_0114_U+B51C_slot0771_tok3030_off06060.txt,Valis_KANJI1_16x16_EDITKIT_476 visual TXT filename,confirmed
115,U+B530,772,4030,0x06080,glyph_0115_U+B530_slot0772_tok4030_off06080.txt,Valis_KANJI1_16x16_EDITKIT_476 visual TXT filename,confirmed
116,U+B531,773,5030,0x060A0,glyph_0116_U+B531_slot0773_tok5030_off060A0.txt,Valis_KANJI1_16x16_EDITKIT_476 visual TXT filename,confirmed
117,U+B534,774,6030,0x060C0,glyph_0117_U+B534_slot0774_tok6030_off060C0.txt,Valis_KANJI1_16x16_EDITKIT_476 visual TXT filename,confirmed
118,U+B545,775,7030,0x060E0,glyph_0118_U+B545_slot0775_tok7030_off060E0.txt,Valis_KANJI1_16x16_EDITKIT_476 visual TXT filename,confirmed
119,U+B54C,776,8030,0x06100,glyph_0119_U+B54C_slot0776_tok8030_off06100.txt,Valis_KANJI1_16x16_EDITKIT_476 visual TXT filename,confirmed
120,U+B5A0,777,9030,0x06120,glyph_0120_U+B5A0_slot0777_tok9030_off06120.txt,Valis_KANJI1_16x16_EDITKIT_476 visual TXT filename,confirmed
121,U+B5A8,778,A030,0x06140,glyph_0121_U+B5A8_slot0778_tokA030_off06140.txt,Valis_KANJI1_16x16_EDITKIT_476 visual TXT filename,confirmed
122,U+B5BB,779,B030,0x06160,glyph_0122_U+B5BB_slot0779_tokB030_off06160.txt,Valis_KANJI1_16x16_EDITKIT_476 visual TXT filename,confirmed
123,U+B610,780,C030,0x06180,glyph_0123_U+B610_slot0780_tokC030_off06180.txt,Valis_KANJI1_16x16_EDITKIT_476 visual TXT filename,confirmed
124,U+B738,781,D030,0x061A0,glyph_0124_U+B738_slot0781_tokD030_off061A0.txt,Valis_KANJI1_16x16_EDITKIT_476 visual TXT filename,confirmed
125,U+B73B,782,E030,0x061C0,glyph_0125_U+B73B_slot0782_tokE030_off061C0.txt,Valis_KANJI1_16x16_EDITKIT_476 visual TXT filename,confirmed
126,U+B77C,783,F030,0x061E0,glyph_0126_U+B77C_slot0783_tokF030_off061E0.txt,Valis_KANJI1_16x16_EDITKIT_476 visual TXT filename,confirmed
127,U+B780,784,0031,0x06200,glyph_0127_U+B780_slot0784_tok0031_off06200.txt,Valis_KANJI1_16x16_EDITKIT_476 visual TXT filename,confirmed
128,U+B784,785,1031,0x06220,glyph_0128_U+B784_slot0785_tok1031_off06220.txt,Valis_KANJI1_16x16_EDITKIT_476 visual TXT filename,confirmed
129,U+B78C,786,2031,0x06240,glyph_0129_U+B78C_slot0786_tok2031_off06240.txt,Valis_KANJI1_16x16_EDITKIT_476 visual TXT filename,confirmed
130,U+B798,787,3031,0x06260,glyph_0130_U+B798_slot0787_tok3031_off06260.txt,Valis_KANJI1_16x16_EDITKIT_476 visual TXT filename,confirmed
131,U+B7EC,788,4031,0x06280,glyph_0131_U+B7EC_slot0788_tok4031_off06280.txt,Valis_KANJI1_16x16_EDITKIT_476 visual TXT filename,confirmed
132,U+B7F0,789,5031,0x062A0,glyph_0132_U+B7F0_slot0789_tok5031_off062A0.txt,Valis_KANJI1_16x16_EDITKIT_476 visual TXT filename,confirmed
133,U+B7F4,790,6031,0x062C0,glyph_0133_U+B7F4_slot0790_tok6031_off062C0.txt,Valis_KANJI1_16x16_EDITKIT_476 visual TXT filename,confirmed
134,U+B7FC,791,7031,0x062E0,glyph_0134_U+B7FC_slot0791_tok7031_off062E0.txt,Valis_KANJI1_16x16_EDITKIT_476 visual TXT filename,confirmed
135,U+B7FD,792,8031,0x06300,glyph_0135_U+B7FD_slot0792_tok8031_off06300.txt,Valis_KANJI1_16x16_EDITKIT_476 visual TXT filename,confirmed
136,U+B807,793,9031,0x06320,glyph_0136_U+B807_slot0793_tok9031_off06320.txt,Valis_KANJI1_16x16_EDITKIT_476 visual TXT filename,confirmed
137,U+B808,794,A031,0x06340,glyph_0137_U+B808_slot0794_tokA031_off06340.txt,Valis_KANJI1_16x16_EDITKIT_476 visual TXT filename,confirmed
138,U+B824,795,B031,0x06360,glyph_0138_U+B824_slot0795_tokB031_off06360.txt,Valis_KANJI1_16x16_EDITKIT_476 visual TXT filename,confirmed
139,U+B838,796,C031,0x06380,glyph_0139_U+B838_slot0796_tokC031_off06380.txt,Valis_KANJI1_16x16_EDITKIT_476 visual TXT filename,confirmed
140,U+B85C,797,D031,0x063A0,glyph_0140_U+B85C_slot0797_tokD031_off063A0.txt,Valis_KANJI1_16x16_EDITKIT_476 visual TXT filename,confirmed
141,U+B85D,798,E031,0x063C0,glyph_0141_U+B85D_slot0798_tokE031_off063C0.txt,Valis_KANJI1_16x16_EDITKIT_476 visual TXT filename,confirmed
142,U+B860,799,F031,0x063E0,glyph_0142_U+B860_slot0799_tokF031_off063E0.txt,Valis_KANJI1_16x16_EDITKIT_476 visual TXT filename,confirmed
143,U+B86D,831,F033,0x067E0,glyph_0143_U+B86D_slot0831_tokF033_off067E0.txt,Valis_KANJI1_16x16_EDITKIT_476 visual TXT filename,confirmed
144,U+B8EC,832,0034,0x06800,glyph_0144_U+B8EC_slot0832_tok0034_off06800.txt,Valis_KANJI1_16x16_EDITKIT_476 visual TXT filename,confirmed
145,U+B904,833,1034,0x06820,glyph_0145_U+B904_slot0833_tok1034_off06820.txt,Valis_KANJI1_16x16_EDITKIT_476 visual TXT filename,confirmed
146,U+B96D,834,2034,0x06840,glyph_0146_U+B96D_slot0834_tok2034_off06840.txt,Valis_KANJI1_16x16_EDITKIT_476 visual TXT filename,confirmed
147,U+B974,835,3034,0x06860,glyph_0147_U+B974_slot0835_tok3034_off06860.txt,Valis_KANJI1_16x16_EDITKIT_476 visual TXT filename,confirmed
148,U+B978,836,4034,0x06880,glyph_0148_U+B978_slot0836_tok4034_off06880.txt,Valis_KANJI1_16x16_EDITKIT_476 visual TXT filename,confirmed
149,U+B97C,837,5034,0x068A0,glyph_0149_U+B97C_slot0837_tok5034_off068A0.txt,Valis_KANJI1_16x16_EDITKIT_476 visual TXT filename,confirmed
150,U+B984,838,6034,0x068C0,glyph_0150_U+B984_slot0838_tok6034_off068C0.txt,Valis_KANJI1_16x16_EDITKIT_476 visual TXT filename,confirmed
151,U+B9AC,839,7034,0x068E0,glyph_0151_U+B9AC_slot0839_tok7034_off068E0.txt,Valis_KANJI1_16x16_EDITKIT_476 visual TXT filename,confirmed
152,U+B9B0,840,8034,0x06900,glyph_0152_U+B9B0_slot0840_tok8034_off06900.txt,Valis_KANJI1_16x16_EDITKIT_476 visual TXT filename,confirmed
153,U+B9B4,841,9034,0x06920,glyph_0153_U+B9B4_slot0841_tok9034_off06920.txt,Valis_KANJI1_16x16_EDITKIT_476 visual TXT filename,confirmed
154,U+B9BC,842,A034,0x06940,glyph_0154_U+B9BC_slot0842_tokA034_off06940.txt,Valis_KANJI1_16x16_EDITKIT_476 visual TXT filename,confirmed
155,U+B9C8,843,B034,0x06960,glyph_0155_U+B9C8_slot0843_tokB034_off06960.txt,Valis_KANJI1_16x16_EDITKIT_476 visual TXT filename,confirmed
156,U+B9C9,844,C034,0x06980,glyph_0156_U+B9C9_slot0844_tokC034_off06980.txt,Valis_KANJI1_16x16_EDITKIT_476 visual TXT filename,confirmed
157,U+B9CC,845,D034,0x069A0,glyph_0157_U+B9CC_slot0845_tokD034_off069A0.txt,Valis_KANJI1_16x16_EDITKIT_476 visual TXT filename,confirmed
158,U+B9CE,846,E034,0x069C0,glyph_0158_U+B9CE_slot0846_tokE034_off069C0.txt,Valis_KANJI1_16x16_EDITKIT_476 visual TXT filename,confirmed
159,U+B9D0,847,F034,0x069E0,glyph_0159_U+B9D0_slot0847_tokF034_off069E0.txt,Valis_KANJI1_16x16_EDITKIT_476 visual TXT filename,confirmed
160,U+B9DD,848,0035,0x06A00,glyph_0160_U+B9DD_slot0848_tok0035_off06A00.txt,Valis_KANJI1_16x16_EDITKIT_476 visual TXT filename,confirmed
161,U+B9DE,849,1035,0x06A20,glyph_0161_U+B9DE_slot0849_tok1035_off06A20.txt,Valis_KANJI1_16x16_EDITKIT_476 visual TXT filename,confirmed
162,U+B9E1,850,2035,0x06A40,glyph_0162_U+B9E1_slot0850_tok2035_off06A40.txt,Valis_KANJI1_16x16_EDITKIT_476 visual TXT filename,confirmed
163,U+B9E4,851,3035,0x06A60,glyph_0163_U+B9E4_slot0851_tok3035_off06A60.txt,Valis_KANJI1_16x16_EDITKIT_476 visual TXT filename,confirmed
164,U+BA3C,852,4035,0x06A80,glyph_0164_U+BA3C_slot0852_tok4035_off06A80.txt,Valis_KANJI1_16x16_EDITKIT_476 visual TXT filename,confirmed
165,U+BA40,853,5035,0x06AA0,glyph_0165_U+BA40_slot0853_tok5035_off06AA0.txt,Valis_KANJI1_16x16_EDITKIT_476 visual TXT filename,confirmed
166,U+BA70,854,6035,0x06AC0,glyph_0166_U+BA70_slot0854_tok6035_off06AC0.txt,Valis_KANJI1_16x16_EDITKIT_476 visual TXT filename,confirmed
167,U+BA74,855,7035,0x06AE0,glyph_0167_U+BA74_slot0855_tok7035_off06AE0.txt,Valis_KANJI1_16x16_EDITKIT_476 visual TXT filename,confirmed
168,U+BA78,856,8035,0x06B00,glyph_0168_U+BA78_slot0856_tok8035_off06B00.txt,Valis_KANJI1_16x16_EDITKIT_476 visual TXT filename,confirmed
169,U+BA85,857,9035,0x06B20,glyph_0169_U+BA85_slot0857_tok9035_off06B20.txt,Valis_KANJI1_16x16_EDITKIT_476 visual TXT filename,confirmed
170,U+BAA8,858,A035,0x06B40,glyph_0170_U+BAA8_slot0858_tokA035_off06B40.txt,Valis_KANJI1_16x16_EDITKIT_476 visual TXT filename,confirmed
171,U+BAA9,859,B035,0x06B60,glyph_0171_U+BAA9_slot0859_tokB035_off06B60.txt,Valis_KANJI1_16x16_EDITKIT_476 visual TXT filename,confirmed
172,U+BAB0,860,C035,0x06B80,glyph_0172_U+BAB0_slot0860_tokC035_off06B80.txt,Valis_KANJI1_16x16_EDITKIT_476 visual TXT filename,confirmed
173,U+BAB8,861,D035,0x06BA0,glyph_0173_U+BAB8_slot0861_tokD035_off06BA0.txt,Valis_KANJI1_16x16_EDITKIT_476 visual TXT filename,confirmed
174,U+BABB,862,E035,0x06BC0,glyph_0174_U+BABB_slot0862_tokE035_off06BC0.txt,Valis_KANJI1_16x16_EDITKIT_476 visual TXT filename,confirmed
175,U+BABD,863,F035,0x06BE0,glyph_0175_U+BABD_slot0863_tokF035_off06BE0.txt,Valis_KANJI1_16x16_EDITKIT_476 visual TXT filename,confirmed
176,U+BB34,864,0036,0x06C00,glyph_0176_U+BB34_slot0864_tok0036_off06C00.txt,Valis_KANJI1_16x16_EDITKIT_476 visual TXT filename,confirmed
177,U+BB38,891,B037,0x06F60,glyph_0177_U+BB38_slot0891_tokB037_off06F60.txt,Valis_KANJI1_16x16_EDITKIT_476 visual TXT filename,confirmed
178,U+BB3B,892,C037,0x06F80,glyph_0178_U+BB3B_slot0892_tokC037_off06F80.txt,Valis_KANJI1_16x16_EDITKIT_476 visual TXT filename,confirmed
179,U+BB3C,893,D037,0x06FA0,glyph_0179_U+BB3C_slot0893_tokD037_off06FA0.txt,Valis_KANJI1_16x16_EDITKIT_476 visual TXT filename,confirmed
180,U+BB50,894,E037,0x06FC0,glyph_0180_U+BB50_slot0894_tokE037_off06FC0.txt,Valis_KANJI1_16x16_EDITKIT_476 visual TXT filename,confirmed
181,U+BB54,895,F037,0x06FE0,glyph_0181_U+BB54_slot0895_tokF037_off06FE0.txt,Valis_KANJI1_16x16_EDITKIT_476 visual TXT filename,confirmed
182,U+BB58,916,4039,0x07280,glyph_0182_U+BB58_slot0916_tok4039_off07280.txt,Valis_KANJI1_16x16_EDITKIT_476 visual TXT filename,confirmed
183,U+BBF8,917,5039,0x072A0,glyph_0183_U+BBF8_slot0917_tok5039_off072A0.txt,Valis_KANJI1_16x16_EDITKIT_476 visual TXT filename,confirmed
184,U+BBFC,918,6039,0x072C0,glyph_0184_U+BBFC_slot0918_tok6039_off072C0.txt,Valis_KANJI1_16x16_EDITKIT_476 visual TXT filename,confirmed
185,U+BBFF,919,7039,0x072E0,glyph_0185_U+BBFF_slot0919_tok7039_off072E0.txt,Valis_KANJI1_16x16_EDITKIT_476 visual TXT filename,confirmed
186,U+BC14,920,8039,0x07300,glyph_0186_U+BC14_slot0920_tok8039_off07300.txt,Valis_KANJI1_16x16_EDITKIT_476 visual TXT filename,confirmed
187,U+BC18,921,9039,0x07320,glyph_0187_U+BC18_slot0921_tok9039_off07320.txt,Valis_KANJI1_16x16_EDITKIT_476 visual TXT filename,confirmed
188,U+BC1B,922,A039,0x07340,glyph_0188_U+BC1B_slot0922_tokA039_off07340.txt,Valis_KANJI1_16x16_EDITKIT_476 visual TXT filename,confirmed
189,U+BC1C,923,B039,0x07360,glyph_0189_U+BC1C_slot0923_tokB039_off07360.txt,Valis_KANJI1_16x16_EDITKIT_476 visual TXT filename,confirmed
190,U+BC1D,924,C039,0x07380,glyph_0190_U+BC1D_slot0924_tokC039_off07380.txt,Valis_KANJI1_16x16_EDITKIT_476 visual TXT filename,confirmed
191,U+BC29,925,D039,0x073A0,glyph_0191_U+BC29_slot0925_tokD039_off073A0.txt,Valis_KANJI1_16x16_EDITKIT_476 visual TXT filename,confirmed
192,U+BC30,926,E039,0x073C0,glyph_0192_U+BC30_slot0926_tokE039_off073C0.txt,Valis_KANJI1_16x16_EDITKIT_476 visual TXT filename,confirmed
193,U+BC84,927,F039,0x073E0,glyph_0193_U+BC84_slot0927_tokF039_off073E0.txt,Valis_KANJI1_16x16_EDITKIT_476 visual TXT filename,confirmed
194,U+BC88,951,703B,0x076E0,glyph_0194_U+BC88_slot0951_tok703B_off076E0.txt,Valis_KANJI1_16x16_EDITKIT_476 visual TXT filename,confirmed
195,U+BC95,952,803B,0x07700,glyph_0195_U+BC95_slot0952_tok803B_off07700.txt,Valis_KANJI1_16x16_EDITKIT_476 visual TXT filename,confirmed
196,U+BCA0,953,903B,0x07720,glyph_0196_U+BCA0_slot0953_tok903B_off07720.txt,Valis_KANJI1_16x16_EDITKIT_476 visual TXT filename,confirmed
197,U+BCBC,954,A03B,0x07740,glyph_0197_U+BCBC_slot0954_tokA03B_off07740.txt,Valis_KANJI1_16x16_EDITKIT_476 visual TXT filename,confirmed
198,U+BCF4,955,B03B,0x07760,glyph_0198_U+BCF4_slot0955_tokB03B_off07760.txt,Valis_KANJI1_16x16_EDITKIT_476 visual TXT filename,confirmed
199,U+BCF8,956,C03B,0x07780,glyph_0199_U+BCF8_slot0956_tokC03B_off07780.txt,Valis_KANJI1_16x16_EDITKIT_476 visual TXT filename,confirmed
200,U+BCFC,957,D03B,0x077A0,glyph_0200_U+BCFC_slot0957_tokD03B_off077A0.txt,Valis_KANJI1_16x16_EDITKIT_476 visual TXT filename,confirmed
201,U+BD10,958,E03B,0x077C0,glyph_0201_U+BD10_slot0958_tokE03B_off077C0.txt,Valis_KANJI1_16x16_EDITKIT_476 visual TXT filename,confirmed
202,U+BD24,959,F03B,0x077E0,glyph_0202_U+BD24_slot0959_tokF03B_off077E0.txt,Valis_KANJI1_16x16_EDITKIT_476 visual TXT filename,confirmed
203,U+BD80,960,003C,0x07800,glyph_0203_U+BD80_slot0960_tok003C_off07800.txt,Valis_KANJI1_16x16_EDITKIT_476 visual TXT filename,confirmed
204,U+BD84,961,103C,0x07820,glyph_0204_U+BD84_slot0961_tok103C_off07820.txt,Valis_KANJI1_16x16_EDITKIT_476 visual TXT filename,confirmed
205,U+BD88,962,203C,0x07840,glyph_0205_U+BD88_slot0962_tok203C_off07840.txt,Valis_KANJI1_16x16_EDITKIT_476 visual TXT filename,confirmed
206,U+BE44,963,303C,0x07860,glyph_0206_U+BE44_slot0963_tok303C_off07860.txt,Valis_KANJI1_16x16_EDITKIT_476 visual TXT filename,confirmed
207,U+BE4C,964,403C,0x07880,glyph_0207_U+BE4C_slot0964_tok403C_off07880.txt,Valis_KANJI1_16x16_EDITKIT_476 visual TXT filename,confirmed
208,U+BE5B,965,503C,0x078A0,glyph_0208_U+BE5B_slot0965_tok503C_off078A0.txt,Valis_KANJI1_16x16_EDITKIT_476 visual TXT filename,confirmed
209,U+BE68,966,603C,0x078C0,glyph_0209_U+BE68_slot0966_tok603C_off078C0.txt,Valis_KANJI1_16x16_EDITKIT_476 visual TXT filename,confirmed
210,U+BED0,967,703C,0x078E0,glyph_0210_U+BED0_slot0967_tok703C_off078E0.txt,Valis_KANJI1_16x16_EDITKIT_476 visual TXT filename,confirmed
211,U+BF08,968,803C,0x07900,glyph_0211_U+BF08_slot0968_tok803C_off07900.txt,Valis_KANJI1_16x16_EDITKIT_476 visual TXT filename,confirmed
212,U+BFD0,969,903C,0x07920,glyph_0212_U+BFD0_slot0969_tok903C_off07920.txt,Valis_KANJI1_16x16_EDITKIT_476 visual TXT filename,confirmed
213,U+BFD4,970,A03C,0x07940,glyph_0213_U+BFD4_slot0970_tokA03C_off07940.txt,Valis_KANJI1_16x16_EDITKIT_476 visual TXT filename,confirmed
214,U+C058,971,B03C,0x07960,glyph_0214_U+C058_slot0971_tokB03C_off07960.txt,Valis_KANJI1_16x16_EDITKIT_476 visual TXT filename,confirmed
215,U+C05C,972,C03C,0x07980,glyph_0215_U+C05C_slot0972_tokC03C_off07980.txt,Valis_KANJI1_16x16_EDITKIT_476 visual TXT filename,confirmed
216,U+C090,973,D03C,0x079A0,glyph_0216_U+C090_slot0973_tokD03C_off079A0.txt,Valis_KANJI1_16x16_EDITKIT_476 visual TXT filename,confirmed
217,U+C0AC,974,E03C,0x079C0,glyph_0217_U+C0AC_slot0974_tokE03C_off079C0.txt,Valis_KANJI1_16x16_EDITKIT_476 visual TXT filename,confirmed
218,U+C0B0,975,F03C,0x079E0,glyph_0218_U+C0B0_slot0975_tokF03C_off079E0.txt,Valis_KANJI1_16x16_EDITKIT_476 visual TXT filename,confirmed
219,U+C0B4,976,003D,0x07A00,glyph_0219_U+C0B4_slot0976_tok003D_off07A00.txt,Valis_KANJI1_16x16_EDITKIT_476 visual TXT filename,confirmed
220,U+C0BC,977,103D,0x07A20,glyph_0220_U+C0BC_slot0977_tok103D_off07A20.txt,Valis_KANJI1_16x16_EDITKIT_476 visual TXT filename,confirmed
221,U+C0C1,978,203D,0x07A40,glyph_0221_U+C0C1_slot0978_tok203D_off07A40.txt,Valis_KANJI1_16x16_EDITKIT_476 visual TXT filename,confirmed
222,U+C0C8,979,303D,0x07A60,glyph_0222_U+C0C8_slot0979_tok303D_off07A60.txt,Valis_KANJI1_16x16_EDITKIT_476 visual TXT filename,confirmed
223,U+C0DD,980,403D,0x07A80,glyph_0223_U+C0DD_slot0980_tok403D_off07A80.txt,Valis_KANJI1_16x16_EDITKIT_476 visual TXT filename,confirmed
224,U+C11C,981,503D,0x07AA0,glyph_0224_U+C11C_slot0981_tok503D_off07AA0.txt,Valis_KANJI1_16x16_EDITKIT_476 visual TXT filename,confirmed
225,U+C11D,982,603D,0x07AC0,glyph_0225_U+C11D_slot0982_tok603D_off07AC0.txt,Valis_KANJI1_16x16_EDITKIT_476 visual TXT filename,confirmed
226,U+C120,983,703D,0x07AE0,glyph_0226_U+C120_slot0983_tok703D_off07AE0.txt,Valis_KANJI1_16x16_EDITKIT_476 visual TXT filename,confirmed
227,U+C124,984,803D,0x07B00,glyph_0227_U+C124_slot0984_tok803D_off07B00.txt,Valis_KANJI1_16x16_EDITKIT_476 visual TXT filename,confirmed
228,U+C131,985,903D,0x07B20,glyph_0228_U+C131_slot0985_tok903D_off07B20.txt,Valis_KANJI1_16x16_EDITKIT_476 visual TXT filename,confirmed
229,U+C138,986,A03D,0x07B40,glyph_0229_U+C138_slot0986_tokA03D_off07B40.txt,Valis_KANJI1_16x16_EDITKIT_476 visual TXT filename,confirmed
230,U+C148,987,B03D,0x07B60,glyph_0230_U+C148_slot0987_tokB03D_off07B60.txt,Valis_KANJI1_16x16_EDITKIT_476 visual TXT filename,confirmed
231,U+C168,988,C03D,0x07B80,glyph_0231_U+C168_slot0988_tokC03D_off07B80.txt,Valis_KANJI1_16x16_EDITKIT_476 visual TXT filename,confirmed
232,U+C18C,989,D03D,0x07BA0,glyph_0232_U+C18C_slot0989_tokD03D_off07BA0.txt,Valis_KANJI1_16x16_EDITKIT_476 visual TXT filename,confirmed
233,U+C18D,990,E03D,0x07BC0,glyph_0233_U+C18D_slot0990_tokE03D_off07BC0.txt,Valis_KANJI1_16x16_EDITKIT_476 visual TXT filename,confirmed
234,U+C190,991,F03D,0x07BE0,glyph_0234_U+C190_slot0991_tokF03D_off07BE0.txt,Valis_KANJI1_16x16_EDITKIT_476 visual TXT filename,confirmed
235,U+C19C,1010,203F,0x07E40,glyph_0235_U+C19C_slot1010_tok203F_off07E40.txt,Valis_KANJI1_16x16_EDITKIT_476 visual TXT filename,confirmed
236,U+C218,1011,303F,0x07E60,glyph_0236_U+C218_slot1011_tok303F_off07E60.txt,Valis_KANJI1_16x16_EDITKIT_476 visual TXT filename,confirmed
237,U+C219,1012,403F,0x07E80,glyph_0237_U+C219_slot1012_tok403F_off07E80.txt,Valis_KANJI1_16x16_EDITKIT_476 visual TXT filename,confirmed
238,U+C228,1013,503F,0x07EA0,glyph_0238_U+C228_slot1013_tok503F_off07EA0.txt,Valis_KANJI1_16x16_EDITKIT_476 visual TXT filename,confirmed
239,U+C232,1014,603F,0x07EC0,glyph_0239_U+C232_slot1014_tok603F_off07EC0.txt,Valis_KANJI1_16x16_EDITKIT_476 visual TXT filename,confirmed
240,U+C2A4,1015,703F,0x07EE0,glyph_0240_U+C2A4_slot1015_tok703F_off07EE0.txt,Valis_KANJI1_16x16_EDITKIT_476 visual TXT filename,confirmed
241,U+C2A8,1016,803F,0x07F00,glyph_0241_U+C2A8_slot1016_tok803F_off07F00.txt,Valis_KANJI1_16x16_EDITKIT_476 visual TXT filename,confirmed
242,U+C2B4,1017,903F,0x07F20,glyph_0242_U+C2B4_slot1017_tok903F_off07F20.txt,Valis_KANJI1_16x16_EDITKIT_476 visual TXT filename,confirmed
243,U+C2B5,1018,A03F,0x07F40,glyph_0243_U+C2B5_slot1018_tokA03F_off07F40.txt,Valis_KANJI1_16x16_EDITKIT_476 visual TXT filename,confirmed
244,U+C2B9,1019,B03F,0x07F60,glyph_0244_U+C2B9_slot1019_tokB03F_off07F60.txt,Valis_KANJI1_16x16_EDITKIT_476 visual TXT filename,confirmed
245,U+C2DC,1020,C03F,0x07F80,glyph_0245_U+C2DC_slot1020_tokC03F_off07F80.txt,Valis_KANJI1_16x16_EDITKIT_476 visual TXT filename,confirmed
246,U+C2E0,1021,D03F,0x07FA0,glyph_0246_U+C2E0_slot1021_tokD03F_off07FA0.txt,Valis_KANJI1_16x16_EDITKIT_476 visual TXT filename,confirmed
247,U+C2E4,1022,E03F,0x07FC0,glyph_0247_U+C2E4_slot1022_tokE03F_off07FC0.txt,Valis_KANJI1_16x16_EDITKIT_476 visual TXT filename,confirmed
248,U+C2EB,1023,F03F,0x07FE0,glyph_0248_U+C2EB_slot1023_tokF03F_off07FE0.txt,Valis_KANJI1_16x16_EDITKIT_476 visual TXT filename,confirmed
249,U+C2EC,1024,0040,0x08000,glyph_0249_U+C2EC_slot1024_tok0040_off08000.txt,Valis_KANJI1_16x16_EDITKIT_476 visual TXT filename,confirmed
250,U+C2ED,1056,0042,0x08400,glyph_0250_U+C2ED_slot1056_tok0042_off08400.txt,Valis_KANJI1_16x16_EDITKIT_476 visual TXT filename,confirmed
251,U+C2F6,1088,0044,0x08800,glyph_0251_U+C2F6_slot1088_tok0044_off08800.txt,Valis_KANJI1_16x16_EDITKIT_476 visual TXT filename,confirmed
252,U+C2F8,1120,0046,0x08C00,glyph_0252_U+C2F8_slot1120_tok0046_off08C00.txt,Valis_KANJI1_16x16_EDITKIT_476 visual TXT filename,confirmed
253,U+C313,1152,0048,0x09000,glyph_0253_U+C313_slot1152_tok0048_off09000.txt,Valis_KANJI1_16x16_EDITKIT_476 visual TXT filename,confirmed
254,U+C368,1184,004A,0x09400,glyph_0254_U+C368_slot1184_tok004A_off09400.txt,Valis_KANJI1_16x16_EDITKIT_476 visual TXT filename,confirmed
255,U+C4F0,1216,004C,0x09800,glyph_0255_U+C4F0_slot1216_tok004C_off09800.txt,Valis_KANJI1_16x16_EDITKIT_476 visual TXT filename,confirmed
256,U+C4F8,1248,004E,0x09C00,glyph_0256_U+C4F8_slot1248_tok004E_off09C00.txt,Valis_KANJI1_16x16_EDITKIT_476 visual TXT filename,confirmed
257,U+C528,1280,0050,0x0A000,glyph_0257_U+C528_slot1280_tok0050_off0A000.txt,Valis_KANJI1_16x16_EDITKIT_476 visual TXT filename,confirmed
258,U+C529,1312,0052,0x0A400,glyph_0258_U+C529_slot1312_tok0052_off0A400.txt,Valis_KANJI1_16x16_EDITKIT_476 visual TXT filename,confirmed
259,U+C53B,1344,0054,0x0A800,glyph_0259_U+C53B_slot1344_tok0054_off0A800.txt,Valis_KANJI1_16x16_EDITKIT_476 visual TXT filename,confirmed
260,U+C544,1376,0056,0x0AC00,glyph_0260_U+C544_slot1376_tok0056_off0AC00.txt,Valis_KANJI1_16x16_EDITKIT_476 visual TXT filename,confirmed
261,U+C545,1408,0058,0x0B000,glyph_0261_U+C545_slot1408_tok0058_off0B000.txt,Valis_KANJI1_16x16_EDITKIT_476 visual TXT filename,confirmed
262,U+C548,1440,005A,0x0B400,glyph_0262_U+C548_slot1440_tok005A_off0B400.txt,Valis_KANJI1_16x16_EDITKIT_476 visual TXT filename,confirmed
263,U+C549,1472,005C,0x0B800,glyph_0263_U+C549_slot1472_tok005C_off0B800.txt,Valis_KANJI1_16x16_EDITKIT_476 visual TXT filename,confirmed
264,U+C54A,1504,005E,0x0BC00,glyph_0264_U+C54A_slot1504_tok005E_off0BC00.txt,Valis_KANJI1_16x16_EDITKIT_476 visual TXT filename,confirmed
265,U+C54C,1536,0060,0x0C000,glyph_0265_U+C54C_slot1536_tok0060_off0C000.txt,Valis_KANJI1_16x16_EDITKIT_476 visual TXT filename,confirmed
266,U+C554,1568,0062,0x0C400,glyph_0266_U+C554_slot1568_tok0062_off0C400.txt,Valis_KANJI1_16x16_EDITKIT_476 visual TXT filename,confirmed
267,U+C557,1600,0064,0x0C800,glyph_0267_U+C557_slot1600_tok0064_off0C800.txt,Valis_KANJI1_16x16_EDITKIT_476 visual TXT filename,confirmed
268,U+C558,1632,0066,0x0CC00,glyph_0268_U+C558_slot1632_tok0066_off0CC00.txt,Valis_KANJI1_16x16_EDITKIT_476 visual TXT filename,confirmed
269,U+C55E,1664,0068,0x0D000,glyph_0269_U+C55E_slot1664_tok0068_off0D000.txt,Valis_KANJI1_16x16_EDITKIT_476 visual TXT filename,confirmed
270,U+C560,1696,006A,0x0D400,glyph_0270_U+C560_slot1696_tok006A_off0D400.txt,Valis_KANJI1_16x16_EDITKIT_476 visual TXT filename,confirmed
271,U+C57C,1728,006C,0x0D800,glyph_0271_U+C57C_slot1728_tok006C_off0D800.txt,Valis_KANJI1_16x16_EDITKIT_476 visual TXT filename,confirmed
272,U+C598,1760,006E,0x0DC00,glyph_0272_U+C598_slot1760_tok006E_off0DC00.txt,Valis_KANJI1_16x16_EDITKIT_476 visual TXT filename,confirmed
273,U+C5B4,1792,0070,0x0E000,glyph_0273_U+C5B4_slot1792_tok0070_off0E000.txt,Valis_KANJI1_16x16_EDITKIT_476 visual TXT filename,confirmed
274,U+C5B5,1824,0072,0x0E400,glyph_0274_U+C5B5_slot1824_tok0072_off0E400.txt,Valis_KANJI1_16x16_EDITKIT_476 visual TXT filename,confirmed
275,U+C5B8,1856,0074,0x0E800,glyph_0275_U+C5B8_slot1856_tok0074_off0E800.txt,Valis_KANJI1_16x16_EDITKIT_476 visual TXT filename,confirmed
276,U+C5BB,1888,0076,0x0EC00,glyph_0276_U+C5BB_slot1888_tok0076_off0EC00.txt,Valis_KANJI1_16x16_EDITKIT_476 visual TXT filename,confirmed
277,U+C5BC,1920,0078,0x0F000,glyph_0277_U+C5BC_slot1920_tok0078_off0F000.txt,Valis_KANJI1_16x16_EDITKIT_476 visual TXT filename,confirmed
278,U+C5BD,1952,007A,0x0F400,glyph_0278_U+C5BD_slot1952_tok007A_off0F400.txt,Valis_KANJI1_16x16_EDITKIT_476 visual TXT filename,confirmed
279,U+C5C6,1984,007C,0x0F800,glyph_0279_U+C5C6_slot1984_tok007C_off0F800.txt,Valis_KANJI1_16x16_EDITKIT_476 visual TXT filename,confirmed
280,U+C5C8,2016,007E,0x0FC00,glyph_0280_U+C5C8_slot2016_tok007E_off0FC00.txt,Valis_KANJI1_16x16_EDITKIT_476 visual TXT filename,confirmed
281,U+C5D0,2548,409F,0x13E80,glyph_0281_U+C5D0_slot2548_tok409F_off13E80.txt,Valis_KANJI1_16x16_EDITKIT_476 visual TXT filename,confirmed
282,U+C5EC,2549,509F,0x13EA0,glyph_0282_U+C5EC_slot2549_tok509F_off13EA0.txt,Valis_KANJI1_16x16_EDITKIT_476 visual TXT filename,confirmed
283,U+C5ED,2550,609F,0x13EC0,glyph_0283_U+C5ED_slot2550_tok609F_off13EC0.txt,Valis_KANJI1_16x16_EDITKIT_476 visual TXT filename,confirmed
284,U+C5F0,2551,709F,0x13EE0,glyph_0284_U+C5F0_slot2551_tok709F_off13EE0.txt,Valis_KANJI1_16x16_EDITKIT_476 visual TXT filename,confirmed
285,U+C600,2552,809F,0x13F00,glyph_0285_U+C600_slot2552_tok809F_off13F00.txt,Valis_KANJI1_16x16_EDITKIT_476 visual TXT filename,confirmed
286,U+C601,2553,909F,0x13F20,glyph_0286_U+C601_slot2553_tok909F_off13F20.txt,Valis_KANJI1_16x16_EDITKIT_476 visual TXT filename,confirmed
287,U+C608,2554,A09F,0x13F40,glyph_0287_U+C608_slot2554_tokA09F_off13F40.txt,Valis_KANJI1_16x16_EDITKIT_476 visual TXT filename,confirmed
288,U+C624,2555,B09F,0x13F60,glyph_0288_U+C624_slot2555_tokB09F_off13F60.txt,Valis_KANJI1_16x16_EDITKIT_476 visual TXT filename,confirmed
289,U+C628,2556,C09F,0x13F80,glyph_0289_U+C628_slot2556_tokC09F_off13F80.txt,Valis_KANJI1_16x16_EDITKIT_476 visual TXT filename,confirmed
290,U+C62C,2557,D09F,0x13FA0,glyph_0290_U+C62C_slot2557_tokD09F_off13FA0.txt,Valis_KANJI1_16x16_EDITKIT_476 visual TXT filename,confirmed
291,U+C640,2558,E09F,0x13FC0,glyph_0291_U+C640_slot2558_tokE09F_off13FC0.txt,Valis_KANJI1_16x16_EDITKIT_476 visual TXT filename,confirmed
292,U+C644,2559,F09F,0x13FE0,glyph_0292_U+C644_slot2559_tokF09F_off13FE0.txt,Valis_KANJI1_16x16_EDITKIT_476 visual TXT filename,confirmed
293,U+C654,3103,F0C1,0x183E0,glyph_0293_U+C654_slot3103_tokF0C1_off183E0.txt,Valis_KANJI1_16x16_EDITKIT_476 visual TXT filename,confirmed
294,U+C655,3135,F0C3,0x187E0,glyph_0294_U+C655_slot3135_tokF0C3_off187E0.txt,Valis_KANJI1_16x16_EDITKIT_476 visual TXT filename,confirmed
295,U+C65C,3167,F0C5,0x18BE0,glyph_0295_U+C65C_slot3167_tokF0C5_off18BE0.txt,Valis_KANJI1_16x16_EDITKIT_476 visual TXT filename,confirmed
296,U+C694,3199,F0C7,0x18FE0,glyph_0296_U+C694_slot3199_tokF0C7_off18FE0.txt,Valis_KANJI1_16x16_EDITKIT_476 visual TXT filename,confirmed
297,U+C695,3231,F0C9,0x193E0,glyph_0297_U+C695_slot3231_tokF0C9_off193E0.txt,Valis_KANJI1_16x16_EDITKIT_476 visual TXT filename,confirmed
298,U+C6A9,3263,F0CB,0x197E0,glyph_0298_U+C6A9_slot3263_tokF0CB_off197E0.txt,Valis_KANJI1_16x16_EDITKIT_476 visual TXT filename,confirmed
299,U+C6B0,3295,F0CD,0x19BE0,glyph_0299_U+C6B0_slot3295_tokF0CD_off19BE0.txt,Valis_KANJI1_16x16_EDITKIT_476 visual TXT filename,confirmed
300,U+C6B1,3327,F0CF,0x19FE0,glyph_0300_U+C6B1_slot3327_tokF0CF_off19FE0.txt,Valis_KANJI1_16x16_EDITKIT_476 visual TXT filename,confirmed
301,U+C6B4,3359,F0D1,0x1A3E0,glyph_0301_U+C6B4_slot3359_tokF0D1_off1A3E0.txt,Valis_KANJI1_16x16_EDITKIT_476 visual TXT filename,confirmed
302,U+C6B8,3391,F0D3,0x1A7E0,glyph_0302_U+C6B8_slot3391_tokF0D3_off1A7E0.txt,Valis_KANJI1_16x16_EDITKIT_476 visual TXT filename,confirmed
303,U+C6C0,3423,F0D5,0x1ABE0,glyph_0303_U+C6C0_slot3423_tokF0D5_off1ABE0.txt,Valis_KANJI1_16x16_EDITKIT_476 visual TXT filename,confirmed
304,U+C6CC,3455,F0D7,0x1AFE0,glyph_0304_U+C6CC_slot3455_tokF0D7_off1AFE0.txt,Valis_KANJI1_16x16_EDITKIT_476 visual TXT filename,confirmed
305,U+C6D0,3487,F0D9,0x1B3E0,glyph_0305_U+C6D0_slot3487_tokF0D9_off1B3E0.txt,Valis_KANJI1_16x16_EDITKIT_476 visual TXT filename,confirmed
306,U+C6D4,3519,F0DB,0x1B7E0,glyph_0306_U+C6D4_slot3519_tokF0DB_off1B7E0.txt,Valis_KANJI1_16x16_EDITKIT_476 visual TXT filename,confirmed
307,U+C6E0,3551,F0DD,0x1BBE0,glyph_0307_U+C6E0_slot3551_tokF0DD_off1BBE0.txt,Valis_KANJI1_16x16_EDITKIT_476 visual TXT filename,confirmed
308,U+C704,3552,00DE,0x1BC00,glyph_0308_U+C704_slot3552_tok00DE_off1BC00.txt,Valis_KANJI1_16x16_EDITKIT_476 visual TXT filename,confirmed
309,U+C708,3553,10DE,0x1BC20,glyph_0309_U+C708_slot3553_tok10DE_off1BC20.txt,Valis_KANJI1_16x16_EDITKIT_476 visual TXT filename,confirmed
310,U+C720,3554,20DE,0x1BC40,glyph_0310_U+C720_slot3554_tok20DE_off1BC40.txt,Valis_KANJI1_16x16_EDITKIT_476 visual TXT filename,confirmed
311,U+C73C,3555,30DE,0x1BC60,glyph_0311_U+C73C_slot3555_tok30DE_off1BC60.txt,Valis_KANJI1_16x16_EDITKIT_476 visual TXT filename,confirmed
312,U+C740,3556,40DE,0x1BC80,glyph_0312_U+C740_slot3556_tok40DE_off1BC80.txt,Valis_KANJI1_16x16_EDITKIT_476 visual TXT filename,confirmed
313,U+C744,3557,50DE,0x1BCA0,glyph_0313_U+C744_slot3557_tok50DE_off1BCA0.txt,Valis_KANJI1_16x16_EDITKIT_476 visual TXT filename,confirmed
314,U+C74C,3558,60DE,0x1BCC0,glyph_0314_U+C74C_slot3558_tok60DE_off1BCC0.txt,Valis_KANJI1_16x16_EDITKIT_476 visual TXT filename,confirmed
315,U+C751,3559,70DE,0x1BCE0,glyph_0315_U+C751_slot3559_tok70DE_off1BCE0.txt,Valis_KANJI1_16x16_EDITKIT_476 visual TXT filename,confirmed
316,U+C758,3560,80DE,0x1BD00,glyph_0316_U+C758_slot3560_tok80DE_off1BD00.txt,Valis_KANJI1_16x16_EDITKIT_476 visual TXT filename,confirmed
317,U+C774,3561,90DE,0x1BD20,glyph_0317_U+C774_slot3561_tok90DE_off1BD20.txt,Valis_KANJI1_16x16_EDITKIT_476 visual TXT filename,confirmed
318,U+C778,3562,A0DE,0x1BD40,glyph_0318_U+C778_slot3562_tokA0DE_off1BD40.txt,Valis_KANJI1_16x16_EDITKIT_476 visual TXT filename,confirmed
319,U+C77C,3563,B0DE,0x1BD60,glyph_0319_U+C77C_slot3563_tokB0DE_off1BD60.txt,Valis_KANJI1_16x16_EDITKIT_476 visual TXT filename,confirmed
320,U+C783,3564,C0DE,0x1BD80,glyph_0320_U+C783_slot3564_tokC0DE_off1BD80.txt,Valis_KANJI1_16x16_EDITKIT_476 visual TXT filename,confirmed
321,U+C784,3565,D0DE,0x1BDA0,glyph_0321_U+C784_slot3565_tokD0DE_off1BDA0.txt,Valis_KANJI1_16x16_EDITKIT_476 visual TXT filename,confirmed
322,U+C785,3566,E0DE,0x1BDC0,glyph_0322_U+C785_slot3566_tokE0DE_off1BDC0.txt,Valis_KANJI1_16x16_EDITKIT_476 visual TXT filename,confirmed
323,U+C788,3567,F0DE,0x1BDE0,glyph_0323_U+C788_slot3567_tokF0DE_off1BDE0.txt,Valis_KANJI1_16x16_EDITKIT_476 visual TXT filename,confirmed
324,U+C790,3568,00DF,0x1BE00,glyph_0324_U+C790_slot3568_tok00DF_off1BE00.txt,Valis_KANJI1_16x16_EDITKIT_476 visual TXT filename,confirmed
325,U+C791,3569,10DF,0x1BE20,glyph_0325_U+C791_slot3569_tok10DF_off1BE20.txt,Valis_KANJI1_16x16_EDITKIT_476 visual TXT filename,confirmed
326,U+C794,3570,20DF,0x1BE40,glyph_0326_U+C794_slot3570_tok20DF_off1BE40.txt,Valis_KANJI1_16x16_EDITKIT_476 visual TXT filename,confirmed
327,U+C796,3571,30DF,0x1BE60,glyph_0327_U+C796_slot3571_tok30DF_off1BE60.txt,Valis_KANJI1_16x16_EDITKIT_476 visual TXT filename,confirmed
328,U+C798,3572,40DF,0x1BE80,glyph_0328_U+C798_slot3572_tok40DF_off1BE80.txt,Valis_KANJI1_16x16_EDITKIT_476 visual TXT filename,confirmed
329,U+C7A0,3573,50DF,0x1BEA0,glyph_0329_U+C7A0_slot3573_tok50DF_off1BEA0.txt,Valis_KANJI1_16x16_EDITKIT_476 visual TXT filename,confirmed
330,U+C7A5,3574,60DF,0x1BEC0,glyph_0330_U+C7A5_slot3574_tok60DF_off1BEC0.txt,Valis_KANJI1_16x16_EDITKIT_476 visual TXT filename,confirmed
331,U+C7AC,3575,70DF,0x1BEE0,glyph_0331_U+C7AC_slot3575_tok70DF_off1BEE0.txt,Valis_KANJI1_16x16_EDITKIT_476 visual TXT filename,confirmed
332,U+C7C1,3576,80DF,0x1BF00,glyph_0332_U+C7C1_slot3576_tok80DF_off1BF00.txt,Valis_KANJI1_16x16_EDITKIT_476 visual TXT filename,confirmed
333,U+C800,3577,90DF,0x1BF20,glyph_0333_U+C800_slot3577_tok90DF_off1BF20.txt,Valis_KANJI1_16x16_EDITKIT_476 visual TXT filename,confirmed
334,U+C801,3578,A0DF,0x1BF40,glyph_0334_U+C801_slot3578_tokA0DF_off1BF40.txt,Valis_KANJI1_16x16_EDITKIT_476 visual TXT filename,confirmed
335,U+C804,3579,B0DF,0x1BF60,glyph_0335_U+C804_slot3579_tokB0DF_off1BF60.txt,Valis_KANJI1_16x16_EDITKIT_476 visual TXT filename,confirmed
336,U+C808,3580,C0DF,0x1BF80,glyph_0336_U+C808_slot3580_tokC0DF_off1BF80.txt,Valis_KANJI1_16x16_EDITKIT_476 visual TXT filename,confirmed
337,U+C810,3581,D0DF,0x1BFA0,glyph_0337_U+C810_slot3581_tokD0DF_off1BFA0.txt,Valis_KANJI1_16x16_EDITKIT_476 visual TXT filename,confirmed
338,U+C811,3582,E0DF,0x1BFC0,glyph_0338_U+C811_slot3582_tokE0DF_off1BFC0.txt,Valis_KANJI1_16x16_EDITKIT_476 visual TXT filename,confirmed
339,U+C815,3583,F0DF,0x1BFE0,glyph_0339_U+C815_slot3583_tokF0DF_off1BFE0.txt,Valis_KANJI1_16x16_EDITKIT_476 visual TXT filename,confirmed
340,U+C816,3615,F0E1,0x1C3E0,glyph_0340_U+C816_slot3615_tokF0E1_off1C3E0.txt,Valis_KANJI1_16x16_EDITKIT_476 visual TXT filename,confirmed
341,U+C81C,3647,F0E3,0x1C7E0,glyph_0341_U+C81C_slot3647_tokF0E3_off1C7E0.txt,Valis_KANJI1_16x16_EDITKIT_476 visual TXT filename,confirmed
342,U+C820,3679,F0E5,0x1CBE0,glyph_0342_U+C820_slot3679_tokF0E5_off1CBE0.txt,Valis_KANJI1_16x16_EDITKIT_476 visual TXT filename,confirmed
343,U+C838,3711,F0E7,0x1CFE0,glyph_0343_U+C838_slot3711_tokF0E7_off1CFE0.txt,Valis_KANJI1_16x16_EDITKIT_476 visual TXT filename,confirmed
344,U+C84C,3743,F0E9,0x1D3E0,glyph_0344_U+C84C_slot3743_tokF0E9_off1D3E0.txt,Valis_KANJI1_16x16_EDITKIT_476 visual TXT filename,confirmed
345,U+C870,3775,F0EB,0x1D7E0,glyph_0345_U+C870_slot3775_tokF0EB_off1D7E0.txt,Valis_KANJI1_16x16_EDITKIT_476 visual TXT filename,confirmed
346,U+C871,3807,F0ED,0x1DBE0,glyph_0346_U+C871_slot3807_tokF0ED_off1DBE0.txt,Valis_KANJI1_16x16_EDITKIT_476 visual TXT filename,confirmed
347,U+C874,3839,F0EF,0x1DFE0,glyph_0347_U+C874_slot3839_tokF0EF_off1DFE0.txt,Valis_KANJI1_16x16_EDITKIT_476 visual TXT filename,confirmed
348,U+C878,3871,F0F1,0x1E3E0,glyph_0348_U+C878_slot3871_tokF0F1_off1E3E0.txt,Valis_KANJI1_16x16_EDITKIT_476 visual TXT filename,confirmed
349,U+C88B,3903,F0F3,0x1E7E0,glyph_0349_U+C88B_slot3903_tokF0F3_off1E7E0.txt,Valis_KANJI1_16x16_EDITKIT_476 visual TXT filename,confirmed
350,U+C8FC,3935,F0F5,0x1EBE0,glyph_0350_U+C8FC_slot3935_tokF0F5_off1EBE0.txt,Valis_KANJI1_16x16_EDITKIT_476 visual TXT filename,confirmed
351,U+C8FD,3967,F0F7,0x1EFE0,glyph_0351_U+C8FD_slot3967_tokF0F7_off1EFE0.txt,Valis_KANJI1_16x16_EDITKIT_476 visual TXT filename,confirmed
352,U+C904,3999,F0F9,0x1F3E0,glyph_0352_U+C904_slot3999_tokF0F9_off1F3E0.txt,Valis_KANJI1_16x16_EDITKIT_476 visual TXT filename,confirmed
353,U+C911,4031,F0FB,0x1F7E0,glyph_0353_U+C911_slot4031_tokF0FB_off1F7E0.txt,Valis_KANJI1_16x16_EDITKIT_476 visual TXT filename,confirmed
354,U+C918,4063,F0FD,0x1FBE0,glyph_0354_U+C918_slot4063_tokF0FD_off1FBE0.txt,Valis_KANJI1_16x16_EDITKIT_476 visual TXT filename,confirmed
355,U+C990,4095,F0FF,0x1FFE0,glyph_0355_U+C990_slot4095_tokF0FF_off1FFE0.txt,Valis_KANJI1_16x16_EDITKIT_476 visual TXT filename,confirmed
356,U+C99D,3584,00E0,0x1C000,glyph_0356_U+C99D_slot3584_tok00E0_off1C000.txt,Valis_KANJI1_16x16_EDITKIT_476 visual TXT filename,confirmed
357,U+C9C0,3585,10E0,0x1C020,glyph_0357_U+C9C0_slot3585_tok10E0_off1C020.txt,Valis_KANJI1_16x16_EDITKIT_476 visual TXT filename,confirmed
358,U+C9C1,3586,20E0,0x1C040,glyph_0358_U+C9C1_slot3586_tok20E0_off1C040.txt,Valis_KANJI1_16x16_EDITKIT_476 visual TXT filename,confirmed
359,U+C9C4,3587,30E0,0x1C060,glyph_0359_U+C9C4_slot3587_tok30E0_off1C060.txt,Valis_KANJI1_16x16_EDITKIT_476 visual TXT filename,confirmed
360,U+C9C8,3588,40E0,0x1C080,glyph_0360_U+C9C8_slot3588_tok40E0_off1C080.txt,Valis_KANJI1_16x16_EDITKIT_476 visual TXT filename,confirmed
361,U+C9D1,3589,50E0,0x1C0A0,glyph_0361_U+C9D1_slot3589_tok50E0_off1C0A0.txt,Valis_KANJI1_16x16_EDITKIT_476 visual TXT filename,confirmed
362,U+C9D3,3590,60E0,0x1C0C0,glyph_0362_U+C9D3_slot3590_tok60E0_off1C0C0.txt,Valis_KANJI1_16x16_EDITKIT_476 visual TXT filename,confirmed
363,U+C9DC,3591,70E0,0x1C0E0,glyph_0363_U+C9DC_slot3591_tok70E0_off1C0E0.txt,Valis_KANJI1_16x16_EDITKIT_476 visual TXT filename,confirmed
364,U+C9F8,3592,80E0,0x1C100,glyph_0364_U+C9F8_slot3592_tok80E0_off1C100.txt,Valis_KANJI1_16x16_EDITKIT_476 visual TXT filename,confirmed
365,U+CC0C,3593,90E0,0x1C120,glyph_0365_U+CC0C_slot3593_tok90E0_off1C120.txt,Valis_KANJI1_16x16_EDITKIT_476 visual TXT filename,confirmed
366,U+CC28,3594,A0E0,0x1C140,glyph_0366_U+CC28_slot3594_tokA0E0_off1C140.txt,Valis_KANJI1_16x16_EDITKIT_476 visual TXT filename,confirmed
367,U+CC2C,3595,B0E0,0x1C160,glyph_0367_U+CC2C_slot3595_tokB0E0_off1C160.txt,Valis_KANJI1_16x16_EDITKIT_476 visual TXT filename,confirmed
368,U+CC2E,3596,C0E0,0x1C180,glyph_0368_U+CC2E_slot3596_tokC0E0_off1C180.txt,Valis_KANJI1_16x16_EDITKIT_476 visual TXT filename,confirmed
369,U+CC38,3597,D0E0,0x1C1A0,glyph_0369_U+CC38_slot3597_tokD0E0_off1C1A0.txt,Valis_KANJI1_16x16_EDITKIT_476 visual TXT filename,confirmed
370,U+CC3E,3598,E0E0,0x1C1C0,glyph_0370_U+CC3E_slot3598_tokE0E0_off1C1C0.txt,Valis_KANJI1_16x16_EDITKIT_476 visual TXT filename,confirmed
371,U+CC44,3599,F0E0,0x1C1E0,glyph_0371_U+CC44_slot3599_tokF0E0_off1C1E0.txt,Valis_KANJI1_16x16_EDITKIT_476 visual TXT filename,confirmed
372,U+CC98,3600,00E1,0x1C200,glyph_0372_U+CC98_slot3600_tok00E1_off1C200.txt,Valis_KANJI1_16x16_EDITKIT_476 visual TXT filename,confirmed
373,U+CC99,3601,10E1,0x1C220,glyph_0373_U+CC99_slot3601_tok10E1_off1C220.txt,Valis_KANJI1_16x16_EDITKIT_476 visual TXT filename,confirmed
374,U+CC9C,3602,20E1,0x1C240,glyph_0374_U+CC9C_slot3602_tok20E1_off1C240.txt,Valis_KANJI1_16x16_EDITKIT_476 visual TXT filename,confirmed
375,U+CCB4,3603,30E1,0x1C260,glyph_0375_U+CCB4_slot3603_tok30E1_off1C260.txt,Valis_KANJI1_16x16_EDITKIT_476 visual TXT filename,confirmed
376,U+CCD0,3604,40E1,0x1C280,glyph_0376_U+CCD0_slot3604_tok40E1_off1C280.txt,Valis_KANJI1_16x16_EDITKIT_476 visual TXT filename,confirmed
377,U+CCE4,3605,50E1,0x1C2A0,glyph_0377_U+CCE4_slot3605_tok50E1_off1C2A0.txt,Valis_KANJI1_16x16_EDITKIT_476 visual TXT filename,confirmed
378,U+CD08,3606,60E1,0x1C2C0,glyph_0378_U+CD08_slot3606_tok60E1_off1C2C0.txt,Valis_KANJI1_16x16_EDITKIT_476 visual TXT filename,confirmed
379,U+CD5C,3607,70E1,0x1C2E0,glyph_0379_U+CD5C_slot3607_tok70E1_off1C2E0.txt,Valis_KANJI1_16x16_EDITKIT_476 visual TXT filename,confirmed
380,U+CD94,3608,80E1,0x1C300,glyph_0380_U+CD94_slot3608_tok80E1_off1C300.txt,Valis_KANJI1_16x16_EDITKIT_476 visual TXT filename,confirmed
381,U+CDA4,3609,90E1,0x1C320,glyph_0381_U+CDA4_slot3609_tok90E1_off1C320.txt,Valis_KANJI1_16x16_EDITKIT_476 visual TXT filename,confirmed
382,U+CE58,3610,A0E1,0x1C340,glyph_0382_U+CE58_slot3610_tokA0E1_off1C340.txt,Valis_KANJI1_16x16_EDITKIT_476 visual TXT filename,confirmed
383,U+CE5C,3611,B0E1,0x1C360,glyph_0383_U+CE5C_slot3611_tokB0E1_off1C360.txt,Valis_KANJI1_16x16_EDITKIT_476 visual TXT filename,confirmed
384,U+CE6D,3612,C0E1,0x1C380,glyph_0384_U+CE6D_slot3612_tokC0E1_off1C380.txt,Valis_KANJI1_16x16_EDITKIT_476 visual TXT filename,confirmed
385,U+CE78,3613,D0E1,0x1C3A0,glyph_0385_U+CE78_slot3613_tokD0E1_off1C3A0.txt,Valis_KANJI1_16x16_EDITKIT_476 visual TXT filename,confirmed
386,U+CEE4,3614,E0E1,0x1C3C0,glyph_0386_U+CEE4_slot3614_tokE0E1_off1C3C0.txt,Valis_KANJI1_16x16_EDITKIT_476 visual TXT filename,confirmed
387,U+CF00,3616,00E2,0x1C400,glyph_0387_U+CF00_slot3616_tok00E2_off1C400.txt,Valis_KANJI1_16x16_EDITKIT_476 visual TXT filename,confirmed
388,U+CF54,3617,10E2,0x1C420,glyph_0388_U+CF54_slot3617_tok10E2_off1C420.txt,Valis_KANJI1_16x16_EDITKIT_476 visual TXT filename,confirmed
389,U+D0C0,3618,20E2,0x1C440,glyph_0389_U+D0C0_slot3618_tok20E2_off1C440.txt,Valis_KANJI1_16x16_EDITKIT_476 visual TXT filename,confirmed
390,U+D0C4,3619,30E2,0x1C460,glyph_0390_U+D0C4_slot3619_tok30E2_off1C460.txt,Valis_KANJI1_16x16_EDITKIT_476 visual TXT filename,confirmed
391,U+D0DC,3620,40E2,0x1C480,glyph_0391_U+D0DC_slot3620_tok40E2_off1C480.txt,Valis_KANJI1_16x16_EDITKIT_476 visual TXT filename,confirmed
392,U+D130,3621,50E2,0x1C4A0,glyph_0392_U+D130_slot3621_tok50E2_off1C4A0.txt,Valis_KANJI1_16x16_EDITKIT_476 visual TXT filename,confirmed
393,U+D14C,3622,60E2,0x1C4C0,glyph_0393_U+D14C_slot3622_tok60E2_off1C4C0.txt,Valis_KANJI1_16x16_EDITKIT_476 visual TXT filename,confirmed
394,U+D150,3623,70E2,0x1C4E0,glyph_0394_U+D150_slot3623_tok70E2_off1C4E0.txt,Valis_KANJI1_16x16_EDITKIT_476 visual TXT filename,confirmed
395,U+D1B5,3624,80E2,0x1C500,glyph_0395_U+D1B5_slot3624_tok80E2_off1C500.txt,Valis_KANJI1_16x16_EDITKIT_476 visual TXT filename,confirmed
396,U+D22C,3625,90E2,0x1C520,glyph_0396_U+D22C_slot3625_tok90E2_off1C520.txt,Valis_KANJI1_16x16_EDITKIT_476 visual TXT filename,confirmed
397,U+D2B8,3626,A0E2,0x1C540,glyph_0397_U+D2B8_slot3626_tokA0E2_off1C540.txt,Valis_KANJI1_16x16_EDITKIT_476 visual TXT filename,confirmed
398,U+D2B9,3627,B0E2,0x1C560,glyph_0398_U+D2B9_slot3627_tokB0E2_off1C560.txt,Valis_KANJI1_16x16_EDITKIT_476 visual TXT filename,confirmed
399,U+D2C0,3628,C0E2,0x1C580,glyph_0399_U+D2C0_slot3628_tokC0E2_off1C580.txt,Valis_KANJI1_16x16_EDITKIT_476 visual TXT filename,confirmed
400,U+D2F0,3629,D0E2,0x1C5A0,glyph_0400_U+D2F0_slot3629_tokD0E2_off1C5A0.txt,Valis_KANJI1_16x16_EDITKIT_476 visual TXT filename,confirmed
401,U+D30C,3630,E0E2,0x1C5C0,glyph_0401_U+D30C_slot3630_tokE0E2_off1C5C0.txt,Valis_KANJI1_16x16_EDITKIT_476 visual TXT filename,confirmed
402,U+D3B8,3631,F0E2,0x1C5E0,glyph_0402_U+D3B8_slot3631_tokF0E2_off1C5E0.txt,Valis_KANJI1_16x16_EDITKIT_476 visual TXT filename,confirmed
403,U+D3C9,3632,00E3,0x1C600,glyph_0403_U+D3C9_slot3632_tok00E3_off1C600.txt,Valis_KANJI1_16x16_EDITKIT_476 visual TXT filename,confirmed
404,U+D504,3633,10E3,0x1C620,glyph_0404_U+D504_slot3633_tok10E3_off1C620.txt,Valis_KANJI1_16x16_EDITKIT_476 visual TXT filename,confirmed
405,U+D50C,3634,20E3,0x1C640,glyph_0405_U+D50C_slot3634_tok20E3_off1C640.txt,Valis_KANJI1_16x16_EDITKIT_476 visual TXT filename,confirmed
406,U+D53C,3635,30E3,0x1C660,glyph_0406_U+D53C_slot3635_tok30E3_off1C660.txt,Valis_KANJI1_16x16_EDITKIT_476 visual TXT filename,confirmed
407,U+D544,3636,40E3,0x1C680,glyph_0407_U+D544_slot3636_tok40E3_off1C680.txt,Valis_KANJI1_16x16_EDITKIT_476 visual TXT filename,confirmed
408,U+D558,3637,50E3,0x1C6A0,glyph_0408_U+D558_slot3637_tok50E3_off1C6A0.txt,Valis_KANJI1_16x16_EDITKIT_476 visual TXT filename,confirmed
409,U+D559,3638,60E3,0x1C6C0,glyph_0409_U+D559_slot3638_tok60E3_off1C6C0.txt,Valis_KANJI1_16x16_EDITKIT_476 visual TXT filename,confirmed
410,U+D55C,3639,70E3,0x1C6E0,glyph_0410_U+D55C_slot3639_tok70E3_off1C6E0.txt,Valis_KANJI1_16x16_EDITKIT_476 visual TXT filename,confirmed
411,U+D560,3640,80E3,0x1C700,glyph_0411_U+D560_slot3640_tok80E3_off1C700.txt,Valis_KANJI1_16x16_EDITKIT_476 visual TXT filename,confirmed
412,U+D569,3641,90E3,0x1C720,glyph_0412_U+D569_slot3641_tok90E3_off1C720.txt,Valis_KANJI1_16x16_EDITKIT_476 visual TXT filename,confirmed
413,U+D56D,3642,A0E3,0x1C740,glyph_0413_U+D56D_slot3642_tokA0E3_off1C740.txt,Valis_KANJI1_16x16_EDITKIT_476 visual TXT filename,confirmed
414,U+D574,3643,B0E3,0x1C760,glyph_0414_U+D574_slot3643_tokB0E3_off1C760.txt,Valis_KANJI1_16x16_EDITKIT_476 visual TXT filename,confirmed
415,U+D588,3644,C0E3,0x1C780,glyph_0415_U+D588_slot3644_tokC0E3_off1C780.txt,Valis_KANJI1_16x16_EDITKIT_476 visual TXT filename,confirmed
416,U+D589,3645,D0E3,0x1C7A0,glyph_0416_U+D589_slot3645_tokD0E3_off1C7A0.txt,Valis_KANJI1_16x16_EDITKIT_476 visual TXT filename,confirmed
417,U+D5A5,3646,E0E3,0x1C7C0,glyph_0417_U+D5A5_slot3646_tokE0E3_off1C7C0.txt,Valis_KANJI1_16x16_EDITKIT_476 visual TXT filename,confirmed
418,U+D5C8,3648,00E4,0x1C800,glyph_0418_U+D5C8_slot3648_tok00E4_off1C800.txt,Valis_KANJI1_16x16_EDITKIT_476 visual TXT filename,confirmed
419,U+D5DB,3649,10E4,0x1C820,glyph_0419_U+D5DB_slot3649_tok10E4_off1C820.txt,Valis_KANJI1_16x16_EDITKIT_476 visual TXT filename,confirmed
420,U+D600,3650,20E4,0x1C840,glyph_0420_U+D600_slot3650_tok20E4_off1C840.txt,Valis_KANJI1_16x16_EDITKIT_476 visual TXT filename,confirmed
421,U+D604,3651,30E4,0x1C860,glyph_0421_U+D604_slot3651_tok30E4_off1C860.txt,Valis_KANJI1_16x16_EDITKIT_476 visual TXT filename,confirmed
422,U+D615,3652,40E4,0x1C880,glyph_0422_U+D615_slot3652_tok40E4_off1C880.txt,Valis_KANJI1_16x16_EDITKIT_476 visual TXT filename,confirmed
423,U+D638,3653,50E4,0x1C8A0,glyph_0423_U+D638_slot3653_tok50E4_off1C8A0.txt,Valis_KANJI1_16x16_EDITKIT_476 visual TXT filename,confirmed
424,U+D639,3654,60E4,0x1C8C0,glyph_0424_U+D639_slot3654_tok60E4_off1C8C0.txt,Valis_KANJI1_16x16_EDITKIT_476 visual TXT filename,confirmed
425,U+D63C,3655,70E4,0x1C8E0,glyph_0425_U+D63C_slot3655_tok70E4_off1C8E0.txt,Valis_KANJI1_16x16_EDITKIT_476 visual TXT filename,confirmed
426,U+D654,3656,80E4,0x1C900,glyph_0426_U+D654_slot3656_tok80E4_off1C900.txt,Valis_KANJI1_16x16_EDITKIT_476 visual TXT filename,confirmed
427,U+D658,3657,90E4,0x1C920,glyph_0427_U+D658_slot3657_tok90E4_off1C920.txt,Valis_KANJI1_16x16_EDITKIT_476 visual TXT filename,confirmed
428,U+D669,3658,A0E4,0x1C940,glyph_0428_U+D669_slot3658_tokA0E4_off1C940.txt,Valis_KANJI1_16x16_EDITKIT_476 visual TXT filename,confirmed
429,U+D68C,3659,B0E4,0x1C960,glyph_0429_U+D68C_slot3659_tokB0E4_off1C960.txt,Valis_KANJI1_16x16_EDITKIT_476 visual TXT filename,confirmed
430,U+D6C4,3660,C0E4,0x1C980,glyph_0430_U+D6C4_slot3660_tokC0E4_off1C980.txt,Valis_KANJI1_16x16_EDITKIT_476 visual TXT filename,confirmed
431,U+D6CC,3661,D0E4,0x1C9A0,glyph_0431_U+D6CC_slot3661_tokD0E4_off1C9A0.txt,Valis_KANJI1_16x16_EDITKIT_476 visual TXT filename,confirmed
432,U+D718,3662,E0E4,0x1C9C0,glyph_0432_U+D718_slot3662_tokE0E4_off1C9C0.txt,Valis_KANJI1_16x16_EDITKIT_476 visual TXT filename,confirmed
433,U+D749,3663,F0E4,0x1C9E0,glyph_0433_U+D749_slot3663_tokF0E4_off1C9E0.txt,Valis_KANJI1_16x16_EDITKIT_476 visual TXT filename,confirmed
434,U+D750,3664,00E5,0x1CA00,glyph_0434_U+D750_slot3664_tok00E5_off1CA00.txt,Valis_KANJI1_16x16_EDITKIT_476 visual TXT filename,confirmed
435,U+D751,3665,10E5,0x1CA20,glyph_0435_U+D751_slot3665_tok10E5_off1CA20.txt,Valis_KANJI1_16x16_EDITKIT_476 visual TXT filename,confirmed
436,U+D754,3666,20E5,0x1CA40,glyph_0436_U+D754_slot3666_tok20E5_off1CA40.txt,Valis_KANJI1_16x16_EDITKIT_476 visual TXT filename,confirmed
437,U+D758,3667,30E5,0x1CA60,glyph_0437_U+D758_slot3667_tok30E5_off1CA60.txt,Valis_KANJI1_16x16_EDITKIT_476 visual TXT filename,confirmed
438,U+D765,3668,40E5,0x1CA80,glyph_0438_U+D765_slot3668_tok40E5_off1CA80.txt,Valis_KANJI1_16x16_EDITKIT_476 visual TXT filename,confirmed
439,U+D769,3669,50E5,0x1CAA0,glyph_0439_U+D769_slot3669_tok50E5_off1CAA0.txt,Valis_KANJI1_16x16_EDITKIT_476 visual TXT filename,confirmed
440,U+D788,3670,60E5,0x1CAC0,glyph_0440_U+D788_slot3670_tok60E5_off1CAC0.txt,Valis_KANJI1_16x16_EDITKIT_476 visual TXT filename,confirmed
441,U+D798,3671,70E5,0x1CAE0,glyph_0441_U+D798_slot3671_tok70E5_off1CAE0.txt,Valis_KANJI1_16x16_EDITKIT_476 visual TXT filename,confirmed
442,U+ACE1,3672,80E5,0x1CB00,glyph_0442_U+ACE1_slot3672_tok80E5_off1CB00.txt,Valis_KANJI1_16x16_EDITKIT_476 visual TXT filename,confirmed
443,U+ACE4,3673,90E5,0x1CB20,glyph_0443_U+ACE4_slot3673_tok90E5_off1CB20.txt,Valis_KANJI1_16x16_EDITKIT_476 visual TXT filename,confirmed
444,U+AD04,3674,A0E5,0x1CB40,glyph_0444_U+AD04_slot3674_tokA0E5_off1CB40.txt,Valis_KANJI1_16x16_EDITKIT_476 visual TXT filename,confirmed
445,U+B137,3675,B0E5,0x1CB60,glyph_0445_U+B137_slot3675_tokB0E5_off1CB60.txt,Valis_KANJI1_16x16_EDITKIT_476 visual TXT filename,confirmed
446,U+B178,3676,C0E5,0x1CB80,glyph_0446_U+B178_slot3676_tokC0E5_off1CB80.txt,Valis_KANJI1_16x16_EDITKIT_476 visual TXT filename,confirmed
447,U+B3C5,3677,D0E5,0x1CBA0,glyph_0447_U+B3C5_slot3677_tokD0E5_off1CBA0.txt,Valis_KANJI1_16x16_EDITKIT_476 visual TXT filename,confirmed
448,U+B825,3678,E0E5,0x1CBC0,glyph_0448_U+B825_slot3678_tokE0E5_off1CBC0.txt,Valis_KANJI1_16x16_EDITKIT_476 visual TXT filename,confirmed
449,U+B8E8,3680,00E6,0x1CC00,glyph_0449_U+B8E8_slot3680_tok00E6_off1CC00.txt,Valis_KANJI1_16x16_EDITKIT_476 visual TXT filename,confirmed
450,U+BA38,3681,10E6,0x1CC20,glyph_0450_U+BA38_slot3681_tok10E6_off1CC20.txt,Valis_KANJI1_16x16_EDITKIT_476 visual TXT filename,confirmed
451,U+BA54,3682,20E6,0x1CC40,glyph_0451_U+BA54_slot3682_tok20E6_off1CC40.txt,Valis_KANJI1_16x16_EDITKIT_476 visual TXT filename,confirmed
452,U+BE0C,3683,30E6,0x1CC60,glyph_0452_U+BE0C_slot3683_tok30E6_off1CC60.txt,Valis_KANJI1_16x16_EDITKIT_476 visual TXT filename,confirmed
453,U+C6CD,3684,40E6,0x1CC80,glyph_0453_U+C6CD_slot3684_tok40E6_off1CC80.txt,Valis_KANJI1_16x16_EDITKIT_476 visual TXT filename,confirmed
454,U+C988,3685,50E6,0x1CCA0,glyph_0454_U+C988_slot3685_tok50E6_off1CCA0.txt,Valis_KANJI1_16x16_EDITKIT_476 visual TXT filename,confirmed
455,U+CD1D,3686,60E6,0x1CCC0,glyph_0455_U+CD1D_slot3686_tok60E6_off1CCC0.txt,Valis_KANJI1_16x16_EDITKIT_476 visual TXT filename,confirmed
456,U+CE20,3687,70E6,0x1CCE0,glyph_0456_U+CE20_slot3687_tok70E6_off1CCE0.txt,Valis_KANJI1_16x16_EDITKIT_476 visual TXT filename,confirmed
457,U+CE74,3688,80E6,0x1CD00,glyph_0457_U+CE74_slot3688_tok80E6_off1CD00.txt,Valis_KANJI1_16x16_EDITKIT_476 visual TXT filename,confirmed
458,U+CFE0,3689,90E6,0x1CD20,glyph_0458_U+CFE0_slot3689_tok90E6_off1CD20.txt,Valis_KANJI1_16x16_EDITKIT_476 visual TXT filename,confirmed
459,U+D0A4,3690,A0E6,0x1CD40,glyph_0459_U+D0A4_slot3690_tokA0E6_off1CD40.txt,Valis_KANJI1_16x16_EDITKIT_476 visual TXT filename,confirmed
460,U+D154,3691,B0E6,0x1CD60,glyph_0460_U+D154_slot3691_tokB0E6_off1CD60.txt,Valis_KANJI1_16x16_EDITKIT_476 visual TXT filename,confirmed
461,U+D15C,3692,C0E6,0x1CD80,glyph_0461_U+D15C_slot3692_tokC0E6_off1CD80.txt,Valis_KANJI1_16x16_EDITKIT_476 visual TXT filename,confirmed
462,U+D1A0,3693,D0E6,0x1CDA0,glyph_0462_U+D1A0_slot3693_tokD0E6_off1CDA0.txt,Valis_KANJI1_16x16_EDITKIT_476 visual TXT filename,confirmed
463,U+D23C,3694,E0E6,0x1CDC0,glyph_0463_U+D23C_slot3694_tokE0E6_off1CDC0.txt,Valis_KANJI1_16x16_EDITKIT_476 visual TXT filename,confirmed
464,U+D53D,3695,F0E6,0x1CDE0,glyph_0464_U+D53D_slot3695_tokF0E6_off1CDE0.txt,Valis_KANJI1_16x16_EDITKIT_476 visual TXT filename,confirmed
465,U+D5E4,3696,00E7,0x1CE00,glyph_0465_U+D5E4_slot3696_tok00E7_off1CE00.txt,Valis_KANJI1_16x16_EDITKIT_476 visual TXT filename,confirmed
466,U+D611,3697,10E7,0x1CE20,glyph_0466_U+D611_slot3697_tok10E7_off1CE20.txt,Valis_KANJI1_16x16_EDITKIT_476 visual TXT filename,confirmed
467,U+D68D,3698,20E7,0x1CE40,glyph_0467_U+D68D_slot3698_tok20E7_off1CE40.txt,Valis_KANJI1_16x16_EDITKIT_476 visual TXT filename,confirmed
468,U+D6A8,3699,30E7,0x1CE60,glyph_0468_U+D6A8_slot3699_tok30E7_off1CE60.txt,Valis_KANJI1_16x16_EDITKIT_476 visual TXT filename,confirmed
469,U+C194,3700,40E7,0x1CE80,glyph_0469_U+C194_slot3700_tok40E7_off1CE80.txt,Valis_KANJI1_16x16_EDITKIT_476 visual TXT filename,confirmed
470,U+C678,3701,50E7,0x1CEA0,glyph_0470_U+C678_slot3701_tok50E7_off1CEA0.txt,Valis_KANJI1_16x16_EDITKIT_476 visual TXT filename,confirmed
471,U+AE00,3702,60E7,0x1CEC0,glyph_0471_U+AE00_slot3702_tok60E7_off1CEC0.txt,Valis_KANJI1_16x16_EDITKIT_476 visual TXT filename,confirmed
472,U+B0AB,3703,70E7,0x1CEE0,glyph_0472_U+B0AB_slot3703_tok70E7_off1CEE0.txt,Valis_KANJI1_16x16_EDITKIT_476 visual TXT filename,confirmed
473,U+D06C,3704,80E7,0x1CF00,glyph_0473_U+D06C_slot3704_tok80E7_off1CF00.txt,Valis_KANJI1_16x16_EDITKIT_476 visual TXT filename,confirmed
474,U+B123,3705,90E7,0x1CF20,glyph_0474_U+B123_slot3705_tok90E7_off1CF20.txt,Valis_KANJI1_16x16_EDITKIT_476 visual TXT filename,confirmed
475,U+D134,3706,A0E7,0x1CF40,glyph_0475_U+D134_slot3706_tokA0E7_off1CF40.txt,Valis_KANJI1_16x16_EDITKIT_476 visual TXT filename,confirmed
476,U+B20C,3707,B0E7,0x1CF60,glyph_0476_U+B20C_slot3707_tokB0E7_off1CF60.txt,Valis_KANJI1_16x16_EDITKIT_476 visual TXT filename,confirmed
