syllable,token,kanji_code,slot,rom_offset,verdict,source_document,source_table
가,A0 17,17A0,378,0x02F40,OK,Gameover/Valis_gameover_staffroll_translation_hangul_token_reassigned_UPDATED_TRANSLATION_2026-06-21.docx,1
감,E0 17,17E0,382,0x02FC0,OK,Gameover/Valis_gameover_staffroll_translation_hangul_token_reassigned_UPDATED_TRANSLATION_2026-06-21.docx,1
게,00 20,2000,512,0x04000,OK,Gameover/Valis_gameover_staffroll_translation_hangul_token_reassigned_UPDATED_TRANSLATION_2026-06-21.docx,1
계,70 20,2070,519,0x040E0,OK,Gameover/Valis_gameover_staffroll_translation_hangul_token_reassigned_UPDATED_TRANSLATION_2026-06-21.docx,1
곡,80 E5,E580,3672,0x1CB00,OK,Gameover/Valis_gameover_staffroll_translation_hangul_token_reassigned_UPDATED_TRANSLATION_2026-06-21.docx,1
과,B0 20,20B0,523,0x04160,OK,Gameover/Valis_gameover_staffroll_translation_hangul_token_reassigned_UPDATED_TRANSLATION_2026-06-21.docx,1
그,50 21,2150,533,0x042A0,OK,Gameover/Valis_gameover_staffroll_translation_hangul_token_reassigned_UPDATED_TRANSLATION_2026-06-21.docx,1
기,B0 21,21B0,539,0x04360,OK,Gameover/Valis_gameover_staffroll_translation_hangul_token_reassigned_UPDATED_TRANSLATION_2026-06-21.docx,1
나,B0 24,24B0,587,0x04960,OK,Gameover/Valis_gameover_staffroll_translation_hangul_token_reassigned_UPDATED_TRANSLATION_2026-06-21.docx,1
노,C0 E5,E5C0,3676,0x1CB80,OK,Gameover/Valis_gameover_staffroll_translation_hangul_token_reassigned_UPDATED_TRANSLATION_2026-06-21.docx,1
독,D0 E5,E5D0,3677,0x1CBA0,OK,Gameover/Valis_gameover_staffroll_translation_hangul_token_reassigned_UPDATED_TRANSLATION_2026-06-21.docx,1
래,30 31,3130,787,0x06260,OK,Gameover/Valis_gameover_staffroll_translation_hangul_token_reassigned_UPDATED_TRANSLATION_2026-06-21.docx,1
력,E0 E5,E5E0,3678,0x1CBC0,OK,Gameover/Valis_gameover_staffroll_translation_hangul_token_reassigned_UPDATED_TRANSLATION_2026-06-21.docx,1
로,D0 31,31D0,797,0x063A0,OK,Gameover/Valis_gameover_staffroll_translation_hangul_token_reassigned_UPDATED_TRANSLATION_2026-06-21.docx,1
를,50 34,3450,837,0x068A0,OK,Gameover/Valis_gameover_staffroll_translation_hangul_token_reassigned_UPDATED_TRANSLATION_2026-06-21.docx,1
리,70 34,3470,839,0x068E0,OK,Gameover/Valis_gameover_staffroll_translation_hangul_token_reassigned_UPDATED_TRANSLATION_2026-06-21.docx,1
마,B0 34,34B0,843,0x06960,OK,Gameover/Valis_gameover_staffroll_translation_hangul_token_reassigned_UPDATED_TRANSLATION_2026-06-21.docx,1
머,10 E6,E610,3681,0x1CC20,OK,Gameover/Valis_gameover_staffroll_translation_hangul_token_reassigned_UPDATED_TRANSLATION_2026-06-21.docx,1
메,20 E6,E620,3682,0x1CC40,OK,Gameover/Valis_gameover_staffroll_translation_hangul_token_reassigned_UPDATED_TRANSLATION_2026-06-21.docx,1
모,A0 35,35A0,858,0x06B40,OK,Gameover/Valis_gameover_staffroll_translation_hangul_token_reassigned_UPDATED_TRANSLATION_2026-06-21.docx,1
무,00 36,3600,864,0x06C00,OK,Gameover/Valis_gameover_staffroll_translation_hangul_token_reassigned_UPDATED_TRANSLATION_2026-06-21.docx,1
미,50 39,3950,917,0x072A0,OK,Gameover/Valis_gameover_staffroll_translation_hangul_token_reassigned_UPDATED_TRANSLATION_2026-06-21.docx,1
부,00 3C,3C00,960,0x07800,OK,Gameover/Valis_gameover_staffroll_translation_hangul_token_reassigned_UPDATED_TRANSLATION_2026-06-21.docx,1
브,30 E6,E630,3683,0x1CC60,OK,Gameover/Valis_gameover_staffroll_translation_hangul_token_reassigned_UPDATED_TRANSLATION_2026-06-21.docx,1
사,E0 3C,3CE0,974,0x079C0,OK,Gameover/Valis_gameover_staffroll_translation_hangul_token_reassigned_UPDATED_TRANSLATION_2026-06-21.docx,1
서,50 3D,3D50,981,0x07AA0,OK,Gameover/Valis_gameover_staffroll_translation_hangul_token_reassigned_UPDATED_TRANSLATION_2026-06-21.docx,1
설,80 3D,3D80,984,0x07B00,OK,Gameover/Valis_gameover_staffroll_translation_hangul_token_reassigned_UPDATED_TRANSLATION_2026-06-21.docx,1
소,D0 3D,3DD0,989,0x07BA0,OK,Gameover/Valis_gameover_staffroll_translation_hangul_token_reassigned_UPDATED_TRANSLATION_2026-06-21.docx,1
스,70 3F,3F70,1015,0x07EE0,OK,Gameover/Valis_gameover_staffroll_translation_hangul_token_reassigned_UPDATED_TRANSLATION_2026-06-21.docx,1
시,C0 3F,3FC0,1020,0x07F80,OK,Gameover/Valis_gameover_staffroll_translation_hangul_token_reassigned_UPDATED_TRANSLATION_2026-06-21.docx,1
신,D0 3F,3FD0,1021,0x07FA0,OK,Gameover/Valis_gameover_staffroll_translation_hangul_token_reassigned_UPDATED_TRANSLATION_2026-06-21.docx,1
아,00 56,5600,1376,0x0AC00,OK,Gameover/Valis_gameover_staffroll_translation_hangul_token_reassigned_UPDATED_TRANSLATION_2026-06-21.docx,1
악,00 58,5800,1408,0x0B000,OK,Gameover/Valis_gameover_staffroll_translation_hangul_token_reassigned_UPDATED_TRANSLATION_2026-06-21.docx,1
야,00 6C,6C00,1728,0x0D800,OK,Gameover/Valis_gameover_staffroll_translation_hangul_token_reassigned_UPDATED_TRANSLATION_2026-06-21.docx,1
에,40 9F,9F40,2548,0x13E80,OK,Gameover/Valis_gameover_staffroll_translation_hangul_token_reassigned_UPDATED_TRANSLATION_2026-06-21.docx,1
오,B0 9F,9FB0,2555,0x13F60,OK,Gameover/Valis_gameover_staffroll_translation_hangul_token_reassigned_UPDATED_TRANSLATION_2026-06-21.docx,1
와,E0 9F,9FE0,2558,0x13FC0,OK,Gameover/Valis_gameover_staffroll_translation_hangul_token_reassigned_UPDATED_TRANSLATION_2026-06-21.docx,1
원,F0 D9,D9F0,3487,0x1B3E0,OK,Gameover/Valis_gameover_staffroll_translation_hangul_token_reassigned_UPDATED_TRANSLATION_2026-06-21.docx,1
유,20 DE,DE20,3554,0x1BC40,OK,Gameover/Valis_gameover_staffroll_translation_hangul_token_reassigned_UPDATED_TRANSLATION_2026-06-21.docx,1
음,60 DE,DE60,3558,0x1BCC0,OK,Gameover/Valis_gameover_staffroll_translation_hangul_token_reassigned_UPDATED_TRANSLATION_2026-06-21.docx,1
이,90 DE,DE90,3561,0x1BD20,OK,Gameover/Valis_gameover_staffroll_translation_hangul_token_reassigned_UPDATED_TRANSLATION_2026-06-21.docx,1
인,A0 DE,DEA0,3562,0x1BD40,OK,Gameover/Valis_gameover_staffroll_translation_hangul_token_reassigned_UPDATED_TRANSLATION_2026-06-21.docx,1
자,00 DF,DF00,3568,0x1BE00,OK,Gameover/Valis_gameover_staffroll_translation_hangul_token_reassigned_UPDATED_TRANSLATION_2026-06-21.docx,1
작,10 DF,DF10,3569,0x1BE20,OK,Gameover/Valis_gameover_staffroll_translation_hangul_token_reassigned_UPDATED_TRANSLATION_2026-06-21.docx,1
제,F0 E3,E3F0,3647,0x1C7E0,OK,Gameover/Valis_gameover_staffroll_translation_hangul_token_reassigned_UPDATED_TRANSLATION_2026-06-21.docx,1
즈,50 E6,E650,3685,0x1CCA0,OK,Gameover/Valis_gameover_staffroll_translation_hangul_token_reassigned_UPDATED_TRANSLATION_2026-06-21.docx,1
진,30 E0,E030,3587,0x1C060,OK,Gameover/Valis_gameover_staffroll_translation_hangul_token_reassigned_UPDATED_TRANSLATION_2026-06-21.docx,1
츠,70 E6,E670,3687,0x1CCE0,OK,Gameover/Valis_gameover_staffroll_translation_hangul_token_reassigned_UPDATED_TRANSLATION_2026-06-21.docx,1
카,80 E6,E680,3688,0x1CD00,OK,Gameover/Valis_gameover_staffroll_translation_hangul_token_reassigned_UPDATED_TRANSLATION_2026-06-21.docx,1
키,A0 E6,E6A0,3690,0x1CD40,OK,Gameover/Valis_gameover_staffroll_translation_hangul_token_reassigned_UPDATED_TRANSLATION_2026-06-21.docx,1
타,20 E2,E220,3618,0x1C440,OK,Gameover/Valis_gameover_staffroll_translation_hangul_token_reassigned_UPDATED_TRANSLATION_2026-06-21.docx,1
템,C0 E6,E6C0,3692,0x1CD80,OK,Gameover/Valis_gameover_staffroll_translation_hangul_token_reassigned_UPDATED_TRANSLATION_2026-06-21.docx,1
토,D0 E6,E6D0,3693,0x1CDA0,OK,Gameover/Valis_gameover_staffroll_translation_hangul_token_reassigned_UPDATED_TRANSLATION_2026-06-21.docx,1
편,F0 E2,E2F0,3631,0x1C5E0,OK,Gameover/Valis_gameover_staffroll_translation_hangul_token_reassigned_UPDATED_TRANSLATION_2026-06-21.docx,1
프,10 E3,E310,3633,0x1C620,OK,Gameover/Valis_gameover_staffroll_translation_hangul_token_reassigned_UPDATED_TRANSLATION_2026-06-21.docx,1
하,50 E3,E350,3637,0x1C6A0,OK,Gameover/Valis_gameover_staffroll_translation_hangul_token_reassigned_UPDATED_TRANSLATION_2026-06-21.docx,1
협,10 E7,E710,3697,0x1CE20,OK,Gameover/Valis_gameover_staffroll_translation_hangul_token_reassigned_UPDATED_TRANSLATION_2026-06-21.docx,1
획,20 E7,E720,3698,0x1CE40,OK,Gameover/Valis_gameover_staffroll_translation_hangul_token_reassigned_UPDATED_TRANSLATION_2026-06-21.docx,1
효,30 E7,E730,3699,0x1CE60,OK,Gameover/Valis_gameover_staffroll_translation_hangul_token_reassigned_UPDATED_TRANSLATION_2026-06-21.docx,1
히,60 E5,E560,3670,0x1CAC0,OK,Gameover/Valis_gameover_staffroll_translation_hangul_token_reassigned_UPDATED_TRANSLATION_2026-06-21.docx,1
