call_index,row,plane,source_start_offset,source_end_offset,consumed
0,0,5C,0,22,22
1,0,5D,22,44,22
2,0,5E,44,47,3
3,1,5C,47,72,25
4,1,5D,72,97,25
5,1,5E,97,100,3
6,2,5C,100,118,18
7,2,5D,118,136,18
8,2,5E,136,138,2
9,3,5C,138,161,23
10,3,5D,161,184,23
11,3,5E,184,186,2
12,4,5C,186,211,25
13,4,5D,211,235,24
14,4,5E,235,237,2
15,5,5C,237,259,22
16,5,5D,259,281,22
17,5,5E,281,283,2
18,6,5C,283,303,20
19,6,5D,303,324,21
20,6,5E,324,326,2
21,7,5C,326,347,21
22,7,5D,347,370,23
23,7,5E,370,372,2
24,8,5C,372,391,19
25,8,5D,391,412,21
26,8,5E,412,414,2
27,9,5C,414,417,3
28,9,5D,417,442,25
29,9,5E,442,444,2
30,10,5C,444,447,3
31,10,5D,447,471,24
32,10,5E,471,473,2
33,11,5C,473,475,2
34,11,5D,475,496,21
35,11,5E,496,498,2
36,12,5C,498,500,2
37,12,5D,500,523,23
38,12,5E,523,525,2
39,13,5C,525,527,2
40,13,5D,527,551,24
41,13,5E,551,553,2
42,14,5C,553,555,2
43,14,5D,555,576,21
44,14,5E,576,578,2
45,15,5C,578,580,2
46,15,5D,580,598,18
47,15,5E,598,600,2
48,16,5C,600,602,2
49,16,5D,602,625,23
50,16,5E,625,648,23
51,17,5C,648,650,2
52,17,5D,650,672,22
53,17,5E,672,691,19
54,18,5C,691,693,2
55,18,5D,693,715,22
56,18,5E,715,737,22
57,19,5C,737,739,2
58,19,5D,739,759,20
59,19,5E,759,774,15
60,20,5C,774,776,2
61,20,5D,776,792,16
62,20,5E,792,807,15
63,21,5C,807,809,2
64,21,5D,809,828,19
65,21,5E,828,842,14
66,22,5C,842,844,2
67,22,5D,844,861,17
68,22,5E,861,878,17
69,23,5C,878,880,2
70,23,5D,880,915,35
71,23,5E,915,990,75
