call_index,source_start_offset,source_end_offset,consumed
0,0,20,20
1,20,44,24
2,44,68,24
3,68,92,24
4,92,116,24
5,116,136,20
6,136,158,22
7,158,180,22
8,180,204,24
9,204,228,24
10,228,252,24
11,252,268,16
12,268,284,16
13,284,304,20
14,304,326,22
15,326,346,20
16,346,366,20
17,366,384,18
18,384,396,12
19,396,412,16
20,412,430,18
21,430,450,20
22,450,462,12
23,462,472,10
24,472,482,10
25,482,486,4
26,486,490,4
27,490,494,4
28,494,498,4
29,498,502,4
30,502,506,4
31,506,510,4
32,510,514,4
33,514,518,4
34,518,522,4
35,522,526,4
36,526,530,4
37,530,534,4
38,534,538,4
39,538,542,4
40,542,546,4
41,546,550,4
42,550,554,4
43,554,558,4
44,558,562,4
45,562,566,4
46,566,570,4
47,570,574,4
48,574,578,4
49,578,582,4
50,582,586,4
51,586,590,4
52,590,594,4
53,594,598,4
54,598,602,4
55,602,606,4
56,606,610,4
57,610,614,4
58,614,618,4
59,618,622,4
60,622,626,4
61,626,630,4
62,630,634,4
63,634,638,4
64,638,670,32
