segment,char_index,char,base_code_pair,base_code,type
01,0,로,D0 31,0x31D0,hangul_base_code
01,1,그,50 21,0x2150,hangul_base_code
01,2,레,A0 31,0x31A0,hangul_base_code
01,3,스,70 3F,0x3F70,hangul_base_code
01,4,가,A0 17,0x17A0,hangul_base_code
01,5,␠,10 12,0x1210,punct_space_base_code
01,6,말,F0 34,0x34F0,hangul_base_code
01,7,했,C0 E3,0xE3C0,hangul_base_code
01,8,다,C0 27,0x27C0,hangul_base_code
01,9,・,60 12,0x1260,punct_space_base_code
01,10,・,60 12,0x1260,punct_space_base_code
01,11,・,60 12,0x1260,punct_space_base_code
01,12,。,30 12,0x1230,punct_space_base_code
01,END,␃,0F,0x000F,segment_end
02,0,인,A0 DE,0xDEA0,hangul_base_code
02,1,간,C0 17,0x17C0,hangul_base_code
02,2,␠,10 12,0x1210,punct_space_base_code
02,3,세,A0 3D,0x3DA0,hangul_base_code
02,4,상,20 3D,0x3D20,hangul_base_code
02,5,이,90 DE,0xDE90,hangul_base_code
02,6,␠,10 12,0x1210,punct_space_base_code
02,7,존,F0 EF,0xEFF0,hangul_base_code
02,8,재,70 DF,0xDF70,hangul_base_code
02,9,하,50 E3,0xE350,hangul_base_code
02,10,는,E0 25,0x25E0,hangul_base_code
02,11,␠,10 12,0x1210,punct_space_base_code
02,12,한,70 E3,0xE370,hangul_base_code
02,13,、,20 12,0x1220,punct_space_base_code
02,14,“,80 22,0x2280,quote_basecode_clear_08h
02,15,베,90 3B,0x3B90,hangul_base_code
02,16,칸,D0 E1,0xE1D0,hangul_base_code
02,17,타,20 E2,0xE220,hangul_base_code
02,18,”,90 22,0x2290,quote_basecode_clear_08h
02,19,의,80 DE,0xDE80,hangul_base_code
02,END,␃,0F,0x000F,segment_end
03,0,“,80 22,0x2280,quote_basecode_clear_08h
03,1,힘,70 E5,0xE570,hangul_base_code
03,2,”,90 22,0x2290,quote_basecode_clear_08h
03,3,은,40 DE,0xDE40,hangul_base_code
03,4,␠,10 12,0x1210,punct_space_base_code
03,5,사,E0 3C,0x3CE0,hangul_base_code
03,6,라,F0 30,0x30F0,hangul_base_code
03,7,지,10 E0,0xE010,hangul_base_code
03,8,지,10 E0,0xE010,hangul_base_code
03,9,␠,10 12,0x1210,punct_space_base_code
03,10,않,00 5E,0x5E00,hangul_base_code
03,11,는,E0 25,0x25E0,hangul_base_code
03,12,다,C0 27,0x27C0,hangul_base_code
03,13,라,F0 30,0x30F0,hangul_base_code
03,14,고,80 20,0x2080,hangul_base_code
03,15,。,30 12,0x1230,punct_space_base_code
03,END,␃,0F,0x000F,segment_end
04,0,하,50 E3,0xE350,hangul_base_code
04,1,지,10 E0,0xE010,hangul_base_code
04,2,만,D0 34,0x34D0,hangul_base_code
04,3,␠,10 12,0x1210,punct_space_base_code
04,4,유,20 DE,0xDE20,hangul_base_code
04,5,코,10 E2,0xE210,hangul_base_code
04,6,는,E0 25,0x25E0,hangul_base_code
04,7,␠,10 12,0x1210,punct_space_base_code
04,8,생,40 3D,0x3D40,hangul_base_code
04,9,각,B0 17,0x17B0,hangul_base_code
04,10,했,C0 E3,0xE3C0,hangul_base_code
04,11,다,C0 27,0x27C0,hangul_base_code
04,12,。,30 12,0x1230,punct_space_base_code
04,END,␃,0F,0x000F,segment_end
05,0,그,50 21,0x2150,hangul_base_code
05,1,렇,90 31,0x3190,hangul_base_code
05,2,다,C0 27,0x27C0,hangul_base_code
05,3,면,70 35,0x3570,hangul_base_code
05,4,“,80 22,0x2280,quote_basecode_clear_08h
05,5,바,80 39,0x3980,hangul_base_code
05,6,리,70 34,0x3470,hangul_base_code
05,7,스,70 3F,0x3F70,hangul_base_code
05,8,”,90 22,0x2290,quote_basecode_clear_08h
05,9,의,80 DE,0xDE80,hangul_base_code
05,10,“,80 22,0x2280,quote_basecode_clear_08h
05,11,힘,70 E5,0xE570,hangul_base_code
05,12,”,90 22,0x2290,quote_basecode_clear_08h
05,13,또,C0 30,0x30C0,hangul_base_code
05,14,한,70 E3,0xE370,hangul_base_code
05,END,␃,0F,0x000F,segment_end
06,0,인,A0 DE,0xDEA0,hangul_base_code
06,1,간,C0 17,0x17C0,hangul_base_code
06,2,␠,10 12,0x1210,punct_space_base_code
06,3,세,A0 3D,0x3DA0,hangul_base_code
06,4,상,20 3D,0x3D20,hangul_base_code
06,5,이,90 DE,0xDE90,hangul_base_code
06,6,␠,10 12,0x1210,punct_space_base_code
06,7,존,F0 EF,0xEFF0,hangul_base_code
06,8,재,70 DF,0xDF70,hangul_base_code
06,9,하,50 E3,0xE350,hangul_base_code
06,10,는,E0 25,0x25E0,hangul_base_code
06,11,␠,10 12,0x1210,punct_space_base_code
06,12,한,70 E3,0xE370,hangul_base_code
06,13,、,20 12,0x1220,punct_space_base_code
06,END,␃,0F,0x000F,segment_end
07,0,결,40 20,0x2040,hangul_base_code
07,1,코,10 E2,0xE210,hangul_base_code
07,2,␠,10 12,0x1210,punct_space_base_code
07,3,사,E0 3C,0x3CE0,hangul_base_code
07,4,라,F0 30,0x30F0,hangul_base_code
07,5,지,10 E0,0xE010,hangul_base_code
07,6,지,10 E0,0xE010,hangul_base_code
07,7,␠,10 12,0x1210,punct_space_base_code
07,8,않,00 5E,0x5E00,hangul_base_code
07,9,을,50 DE,0xDE50,hangul_base_code
07,10,␠,10 12,0x1210,punct_space_base_code
07,11,거,90 1D,0x1D90,hangul_base_code
07,12,라,F0 30,0x30F0,hangul_base_code
07,13,고,80 20,0x2080,hangul_base_code
07,14,・,60 12,0x1260,punct_space_base_code
07,15,・,60 12,0x1260,punct_space_base_code
07,16,・,60 12,0x1260,punct_space_base_code
07,END,␃,0F,0x000F,segment_end
08,0,“,80 22,0x2280,quote_basecode_clear_08h
08,1,베,90 3B,0x3B90,hangul_base_code
08,2,니,F0 25,0x25F0,hangul_base_code
08,3,티,D0 E2,0xE2D0,hangul_base_code
08,4,”,90 22,0x2290,quote_basecode_clear_08h
08,5,와,E0 9F,0x9FE0,hangul_base_code
08,6,“,80 22,0x2280,quote_basecode_clear_08h
08,7,베,90 3B,0x3B90,hangul_base_code
08,8,칸,D0 E1,0xE1D0,hangul_base_code
08,9,티,D0 E2,0xE2D0,hangul_base_code
08,10,”,90 22,0x2290,quote_basecode_clear_08h
08,11,의,80 DE,0xDE80,hangul_base_code
08,12,␠,10 12,0x1210,punct_space_base_code
08,13,다,C0 27,0x27C0,hangul_base_code
08,14,툼,E0 E6,0xE6E0,hangul_base_code
08,15,은,40 DE,0xDE40,hangul_base_code
08,16,␠,10 12,0x1210,punct_space_base_code
08,17,인,A0 DE,0xDEA0,hangul_base_code
08,18,간,C0 17,0x17C0,hangul_base_code
08,19,의,80 DE,0xDE80,hangul_base_code
08,20,␠,10 12,0x1210,punct_space_base_code
08,21,역,60 9F,0x9F60,hangul_base_code
08,22,사,E0 3C,0x3CE0,hangul_base_code
08,23,가,A0 17,0x17A0,hangul_base_code
08,24,␠,10 12,0x1210,punct_space_base_code
08,25,태,40 E2,0xE240,hangul_base_code
08,26,동,50 2E,0x2E50,hangul_base_code
08,27,했,C0 E3,0xE3C0,hangul_base_code
08,28,을,50 DE,0xDE50,hangul_base_code
08,29,␠,10 12,0x1210,punct_space_base_code
08,30,때,80 30,0x3080,hangul_base_code
08,31,부,00 3C,0x3C00,hangul_base_code
08,32,터,50 E2,0xE250,hangul_base_code
08,33,␠,10 12,0x1210,punct_space_base_code
08,34,시,C0 3F,0x3FC0,hangul_base_code
08,35,작,10 DF,0xDF10,hangul_base_code
08,36,되,80 2E,0x2E80,hangul_base_code
08,37,었,00 7E,0x7E00,hangul_base_code
08,38,다,C0 27,0x27C0,hangul_base_code
08,39,。,30 12,0x1230,punct_space_base_code
08,END,␃,0F,0x000F,segment_end
09,0,그,50 21,0x2150,hangul_base_code
09,1,리,70 34,0x3470,hangul_base_code
09,2,고,80 20,0x2080,hangul_base_code
09,3,␠,10 12,0x1210,punct_space_base_code
09,4,인,A0 DE,0xDEA0,hangul_base_code
09,5,간,C0 17,0x17C0,hangul_base_code
09,6,의,80 DE,0xDE80,hangul_base_code
09,7,␠,10 12,0x1210,punct_space_base_code
09,8,역,60 9F,0x9F60,hangul_base_code
09,9,사,E0 3C,0x3CE0,hangul_base_code
09,10,가,A0 17,0x17A0,hangul_base_code
09,11,␠,10 12,0x1210,punct_space_base_code
09,12,끝,A0 24,0x24A0,hangul_base_code
09,13,날,D0 24,0x24D0,hangul_base_code
09,14,␠,10 12,0x1210,punct_space_base_code
09,15,때,80 30,0x3080,hangul_base_code
09,16,。,30 12,0x1230,punct_space_base_code
09,END,␃,0F,0x000F,segment_end
10,0,인,A0 DE,0xDEA0,hangul_base_code
10,1,간,C0 17,0x17C0,hangul_base_code
10,2,의,80 DE,0xDE80,hangul_base_code
10,3,␠,10 12,0x1210,punct_space_base_code
10,4,역,60 9F,0x9F60,hangul_base_code
10,5,사,E0 3C,0x3CE0,hangul_base_code
10,6,가,A0 17,0x17A0,hangul_base_code
10,7,␠,10 12,0x1210,punct_space_base_code
10,8,과,B0 20,0x20B0,hangul_base_code
10,9,거,90 1D,0x1D90,hangul_base_code
10,10,가,A0 17,0x17A0,hangul_base_code
10,11,␠,10 12,0x1210,punct_space_base_code
10,12,될,A0 2E,0x2EA0,hangul_base_code
10,13,␠,10 12,0x1210,punct_space_base_code
10,14,때,80 30,0x3080,hangul_base_code
10,15,。,30 12,0x1230,punct_space_base_code
10,END,␃,0F,0x000F,segment_end
11,0,그,50 21,0x2150,hangul_base_code
11,1,␠,10 12,0x1210,punct_space_base_code
11,2,결,40 20,0x2040,hangul_base_code
11,3,의,80 DE,0xDE80,hangul_base_code
11,4,를,50 34,0x3450,hangul_base_code
11,5,␠,10 12,0x1210,punct_space_base_code
11,6,보,B0 3B,0x3BB0,hangul_base_code
11,7,게,00 20,0x2000,hangul_base_code
11,8,␠,10 12,0x1210,punct_space_base_code
11,9,될,A0 2E,0x2EA0,hangul_base_code
11,10,␠,10 12,0x1210,punct_space_base_code
11,11,것,F0 1D,0x1DF0,hangul_base_code
11,12,이,90 DE,0xDE90,hangul_base_code
11,13,다,C0 27,0x27C0,hangul_base_code
11,14,・,60 12,0x1260,punct_space_base_code
11,15,・,60 12,0x1260,punct_space_base_code
11,16,・,60 12,0x1260,punct_space_base_code
11,17,。,30 12,0x1230,punct_space_base_code
11,END,␃,0F,0x000F,segment_end
12,0,␠,10 12,0x1210,punct_space_base_code
12,1,␠,10 12,0x1210,punct_space_base_code
12,2,␠,10 12,0x1210,punct_space_base_code
12,3,␠,10 12,0x1210,punct_space_base_code
12,4,␠,10 12,0x1210,punct_space_base_code
12,5,␠,10 12,0x1210,punct_space_base_code
12,6,■,30 14,0x1430,punct_space_base_code
12,7,␠,10 12,0x1210,punct_space_base_code
12,8,제,F0 E3,0xE3F0,hangul_base_code
12,9,작,10 DF,0xDF10,hangul_base_code
12,10,진,30 E0,0xE030,hangul_base_code
12,11,␠,10 12,0x1210,punct_space_base_code
12,12,■,30 14,0x1430,punct_space_base_code
12,13,␠,10 12,0x1210,punct_space_base_code
12,14,␠,10 12,0x1210,punct_space_base_code
12,15,␠,10 12,0x1210,punct_space_base_code
12,16,␠,10 12,0x1210,punct_space_base_code
12,17,␠,10 12,0x1210,punct_space_base_code
12,18,␠,10 12,0x1210,punct_space_base_code
12,19,␠,10 12,0x1210,punct_space_base_code
12,20,␠,10 12,0x1210,punct_space_base_code
12,21,␠,10 12,0x1210,punct_space_base_code
12,22,␠,10 12,0x1210,punct_space_base_code
12,23,␠,10 12,0x1210,punct_space_base_code
12,24,␠,10 12,0x1210,punct_space_base_code
12,25,␠,10 12,0x1210,punct_space_base_code
12,26,␠,10 12,0x1210,punct_space_base_code
12,27,␠,10 12,0x1210,punct_space_base_code
12,28,␠,10 12,0x1210,punct_space_base_code
12,29,␠,10 12,0x1210,punct_space_base_code
12,30,␠,10 12,0x1210,punct_space_base_code
12,31,␠,10 12,0x1210,punct_space_base_code
12,32,␠,10 12,0x1210,punct_space_base_code
12,33,␠,10 12,0x1210,punct_space_base_code
12,34,␠,10 12,0x1210,punct_space_base_code
12,35,␠,10 12,0x1210,punct_space_base_code
12,36,␠,10 12,0x1210,punct_space_base_code
12,37,␠,10 12,0x1210,punct_space_base_code
12,38,␠,10 12,0x1210,punct_space_base_code
12,39,␠,10 12,0x1210,punct_space_base_code
12,40,␠,10 12,0x1210,punct_space_base_code
12,41,기,B0 21,0x21B0,hangul_base_code
12,42,획,20 E7,0xE720,hangul_base_code
12,43,␠,10 12,0x1210,punct_space_base_code
12,44,␠,10 12,0x1210,punct_space_base_code
12,45,␠,10 12,0x1210,punct_space_base_code
12,46,␠,10 12,0x1210,punct_space_base_code
12,47,␠,10 12,0x1210,punct_space_base_code
12,48,W,70 27,0x2770,original_audit_base_code
12,49,O,F0 26,0x26F0,original_audit_base_code
12,50,L,C0 26,0x26C0,original_audit_base_code
12,51,F,60 26,0x2660,original_audit_base_code
12,52,␠,10 12,0x1210,punct_space_base_code
12,53,T,40 27,0x2740,original_audit_base_code
12,54,E,50 26,0x2650,original_audit_base_code
12,55,A,10 26,0x2610,original_audit_base_code
12,56,M,D0 26,0x26D0,original_audit_base_code
12,57,␠,10 12,0x1210,punct_space_base_code
12,58,␠,10 12,0x1210,punct_space_base_code
12,59,␠,10 12,0x1210,punct_space_base_code
12,60,␠,10 12,0x1210,punct_space_base_code
12,61,␠,10 12,0x1210,punct_space_base_code
12,62,␠,10 12,0x1210,punct_space_base_code
12,63,␠,10 12,0x1210,punct_space_base_code
12,64,␠,10 12,0x1210,punct_space_base_code
12,65,␠,10 12,0x1210,punct_space_base_code
12,66,␠,10 12,0x1210,punct_space_base_code
12,67,␠,10 12,0x1210,punct_space_base_code
12,68,␠,10 12,0x1210,punct_space_base_code
12,69,␠,10 12,0x1210,punct_space_base_code
12,70,␠,10 12,0x1210,punct_space_base_code
12,71,␠,10 12,0x1210,punct_space_base_code
12,72,␠,10 12,0x1210,punct_space_base_code
12,73,␠,10 12,0x1210,punct_space_base_code
12,74,␠,10 12,0x1210,punct_space_base_code
12,75,␠,10 12,0x1210,punct_space_base_code
12,76,␠,10 12,0x1210,punct_space_base_code
12,77,␠,10 12,0x1210,punct_space_base_code
12,78,␠,10 12,0x1210,punct_space_base_code
12,79,␠,10 12,0x1210,punct_space_base_code
12,80,␠,10 12,0x1210,punct_space_base_code
12,81,원,F0 D9,0xD9F0,hangul_base_code
12,82,작,10 DF,0xDF10,hangul_base_code
12,83,␠,10 12,0x1210,punct_space_base_code
12,84,␠,10 12,0x1210,punct_space_base_code
12,85,␠,10 12,0x1210,punct_space_base_code
12,86,␠,10 12,0x1210,punct_space_base_code
12,87,␠,10 12,0x1210,punct_space_base_code
12,88,하,50 E3,0xE350,hangul_base_code
12,89,야,00 6C,0x6C00,hangul_base_code
12,90,시,C0 3F,0x3FC0,hangul_base_code
12,91,␠,10 12,0x1210,punct_space_base_code
12,92,␠,10 12,0x1210,punct_space_base_code
12,93,히,60 E5,0xE560,hangul_base_code
12,94,로,D0 31,0x31D0,hangul_base_code
12,95,키,A0 E6,0xE6A0,hangul_base_code
12,96,␠,10 12,0x1210,punct_space_base_code
12,97,␠,10 12,0x1210,punct_space_base_code
12,98,␠,10 12,0x1210,punct_space_base_code
12,99,␠,10 12,0x1210,punct_space_base_code
12,100,␠,10 12,0x1210,punct_space_base_code
12,101,␠,10 12,0x1210,punct_space_base_code
12,102,␠,10 12,0x1210,punct_space_base_code
12,103,␠,10 12,0x1210,punct_space_base_code
12,104,␠,10 12,0x1210,punct_space_base_code
12,105,␠,10 12,0x1210,punct_space_base_code
12,106,␠,10 12,0x1210,punct_space_base_code
12,107,␠,10 12,0x1210,punct_space_base_code
12,108,␠,10 12,0x1210,punct_space_base_code
12,109,␠,10 12,0x1210,punct_space_base_code
12,110,␠,10 12,0x1210,punct_space_base_code
12,111,␠,10 12,0x1210,punct_space_base_code
12,112,␠,10 12,0x1210,punct_space_base_code
12,113,␠,10 12,0x1210,punct_space_base_code
12,114,␠,10 12,0x1210,punct_space_base_code
12,115,␠,10 12,0x1210,punct_space_base_code
12,116,␠,10 12,0x1210,punct_space_base_code
12,117,␠,10 12,0x1210,punct_space_base_code
12,118,␠,10 12,0x1210,punct_space_base_code
12,119,␠,10 12,0x1210,punct_space_base_code
12,120,␠,10 12,0x1210,punct_space_base_code
12,121,시,C0 3F,0x3FC0,hangul_base_code
12,122,나,B0 24,0x24B0,hangul_base_code
12,123,리,70 34,0x3470,hangul_base_code
12,124,오,B0 9F,0x9FB0,hangul_base_code
12,125,␠,10 12,0x1210,punct_space_base_code
12,126,␠,10 12,0x1210,punct_space_base_code
12,127,␠,10 12,0x1210,punct_space_base_code
12,128,하,50 E3,0xE350,hangul_base_code
12,129,야,00 6C,0x6C00,hangul_base_code
12,130,시,C0 3F,0x3FC0,hangul_base_code
12,131,␠,10 12,0x1210,punct_space_base_code
12,132,␠,10 12,0x1210,punct_space_base_code
12,133,히,60 E5,0xE560,hangul_base_code
12,134,로,D0 31,0x31D0,hangul_base_code
12,135,키,A0 E6,0xE6A0,hangul_base_code
12,136,␠,10 12,0x1210,punct_space_base_code
12,137,␠,10 12,0x1210,punct_space_base_code
12,138,␠,10 12,0x1210,punct_space_base_code
12,139,␠,10 12,0x1210,punct_space_base_code
12,140,␠,10 12,0x1210,punct_space_base_code
12,141,␠,10 12,0x1210,punct_space_base_code
12,142,␠,10 12,0x1210,punct_space_base_code
12,143,␠,10 12,0x1210,punct_space_base_code
12,144,␠,10 12,0x1210,punct_space_base_code
12,145,␠,10 12,0x1210,punct_space_base_code
12,146,␠,10 12,0x1210,punct_space_base_code
12,147,␠,10 12,0x1210,punct_space_base_code
12,148,미,50 39,0x3950,hangul_base_code
12,149,츠,70 E6,0xE670,hangul_base_code
12,150,하,50 E3,0xE350,hangul_base_code
12,151,시,C0 3F,0x3FC0,hangul_base_code
12,152,␠,10 12,0x1210,punct_space_base_code
12,153,유,20 DE,0xDE20,hangul_base_code
12,154,키,A0 E6,0xE6A0,hangul_base_code
12,155,오,B0 9F,0x9FB0,hangul_base_code
12,156,␠,10 12,0x1210,punct_space_base_code
12,157,␠,10 12,0x1210,punct_space_base_code
12,158,␠,10 12,0x1210,punct_space_base_code
12,159,␠,10 12,0x1210,punct_space_base_code
12,160,␠,10 12,0x1210,punct_space_base_code
12,161,␠,10 12,0x1210,punct_space_base_code
12,162,␠,10 12,0x1210,punct_space_base_code
12,163,␠,10 12,0x1210,punct_space_base_code
12,164,␠,10 12,0x1210,punct_space_base_code
12,165,␠,10 12,0x1210,punct_space_base_code
12,166,␠,10 12,0x1210,punct_space_base_code
12,167,␠,10 12,0x1210,punct_space_base_code
12,168,␠,10 12,0x1210,punct_space_base_code
12,169,␠,10 12,0x1210,punct_space_base_code
12,170,␠,10 12,0x1210,punct_space_base_code
12,171,␠,10 12,0x1210,punct_space_base_code
12,172,␠,10 12,0x1210,punct_space_base_code
12,173,␠,10 12,0x1210,punct_space_base_code
12,174,␠,10 12,0x1210,punct_space_base_code
12,175,␠,10 12,0x1210,punct_space_base_code
12,176,␠,10 12,0x1210,punct_space_base_code
12,177,␠,10 12,0x1210,punct_space_base_code
12,178,␠,10 12,0x1210,punct_space_base_code
12,179,␠,10 12,0x1210,punct_space_base_code
12,180,␠,10 12,0x1210,punct_space_base_code
12,181,시,C0 3F,0x3FC0,hangul_base_code
12,182,나,B0 24,0x24B0,hangul_base_code
12,183,리,70 34,0x3470,hangul_base_code
12,184,오,B0 9F,0x9FB0,hangul_base_code
12,185,협,10 E7,0xE710,hangul_base_code
12,186,력,E0 E5,0xE5E0,hangul_base_code
12,187,␠,10 12,0x1210,punct_space_base_code
12,188,아,00 56,0x5600,hangul_base_code
12,189,키,A0 E6,0xE6A0,hangul_base_code
12,190,시,C0 3F,0x3FC0,hangul_base_code
12,191,노,C0 E5,0xE5C0,hangul_base_code
12,192,␠,10 12,0x1210,punct_space_base_code
12,193,마,B0 34,0x34B0,hangul_base_code
12,194,사,E0 3C,0x3CE0,hangul_base_code
12,195,히,60 E5,0xE560,hangul_base_code
12,196,로,D0 31,0x31D0,hangul_base_code
12,197,␠,10 12,0x1210,punct_space_base_code
12,198,␠,10 12,0x1210,punct_space_base_code
12,199,␠,10 12,0x1210,punct_space_base_code
12,END,␃,0F,0x000F,segment_end
13,0,␠,10 12,0x1210,punct_space_base_code
13,1,␠,10 12,0x1210,punct_space_base_code
13,2,␠,10 12,0x1210,punct_space_base_code
13,3,␠,10 12,0x1210,punct_space_base_code
13,4,␠,10 12,0x1210,punct_space_base_code
13,5,■,30 14,0x1430,punct_space_base_code
13,6,␠,10 12,0x1210,punct_space_base_code
13,7,프,10 E3,0xE310,hangul_base_code
13,8,로,D0 31,0x31D0,hangul_base_code
13,9,그,50 21,0x2150,hangul_base_code
13,10,래,30 31,0x3130,hangul_base_code
13,11,머,10 E6,0xE610,hangul_base_code
13,12,␠,10 12,0x1210,punct_space_base_code
13,13,■,30 14,0x1430,punct_space_base_code
13,14,␠,10 12,0x1210,punct_space_base_code
13,15,␠,10 12,0x1210,punct_space_base_code
13,16,␠,10 12,0x1210,punct_space_base_code
13,17,␠,10 12,0x1210,punct_space_base_code
13,18,␠,10 12,0x1210,punct_space_base_code
13,19,␠,10 12,0x1210,punct_space_base_code
13,20,␠,10 12,0x1210,punct_space_base_code
13,21,␠,10 12,0x1210,punct_space_base_code
13,22,␠,10 12,0x1210,punct_space_base_code
13,23,␠,10 12,0x1210,punct_space_base_code
13,24,␠,10 12,0x1210,punct_space_base_code
13,25,␠,10 12,0x1210,punct_space_base_code
13,26,␠,10 12,0x1210,punct_space_base_code
13,27,␠,10 12,0x1210,punct_space_base_code
13,28,␠,10 12,0x1210,punct_space_base_code
13,29,␠,10 12,0x1210,punct_space_base_code
13,30,␠,10 12,0x1210,punct_space_base_code
13,31,␠,10 12,0x1210,punct_space_base_code
13,32,␠,10 12,0x1210,punct_space_base_code
13,33,␠,10 12,0x1210,punct_space_base_code
13,34,␠,10 12,0x1210,punct_space_base_code
13,35,␠,10 12,0x1210,punct_space_base_code
13,36,␠,10 12,0x1210,punct_space_base_code
13,37,␠,10 12,0x1210,punct_space_base_code
13,38,␠,10 12,0x1210,punct_space_base_code
13,39,␠,10 12,0x1210,punct_space_base_code
13,40,␠,10 12,0x1210,punct_space_base_code
13,41,메,20 E6,0xE620,hangul_base_code
13,42,인,A0 DE,0xDEA0,hangul_base_code
13,43,␠,10 12,0x1210,punct_space_base_code
13,44,␠,10 12,0x1210,punct_space_base_code
13,45,␠,10 12,0x1210,punct_space_base_code
13,46,␠,10 12,0x1210,punct_space_base_code
13,47,␠,10 12,0x1210,punct_space_base_code
13,48,아,00 56,0x5600,hangul_base_code
13,49,키,A0 E6,0xE6A0,hangul_base_code
13,50,시,C0 3F,0x3FC0,hangul_base_code
13,51,노,C0 E5,0xE5C0,hangul_base_code
13,52,␠,10 12,0x1210,punct_space_base_code
13,53,마,B0 34,0x34B0,hangul_base_code
13,54,사,E0 3C,0x3CE0,hangul_base_code
13,55,히,60 E5,0xE560,hangul_base_code
13,56,로,D0 31,0x31D0,hangul_base_code
13,57,␠,10 12,0x1210,punct_space_base_code
13,58,␠,10 12,0x1210,punct_space_base_code
13,59,␠,10 12,0x1210,punct_space_base_code
13,60,␠,10 12,0x1210,punct_space_base_code
13,61,서,50 3D,0x3D50,hangul_base_code
13,62,브,30 E6,0xE630,hangul_base_code
13,63,␠,10 12,0x1210,punct_space_base_code
13,64,␠,10 12,0x1210,punct_space_base_code
13,65,␠,10 12,0x1210,punct_space_base_code
13,66,␠,10 12,0x1210,punct_space_base_code
13,67,␠,10 12,0x1210,punct_space_base_code
13,68,하,50 E3,0xE350,hangul_base_code
13,69,나,B0 24,0x24B0,hangul_base_code
13,70,와,E0 9F,0x9FE0,hangul_base_code
13,71,␠,10 12,0x1210,punct_space_base_code
13,72,␠,10 12,0x1210,punct_space_base_code
13,73,카,80 E6,0xE680,hangul_base_code
13,74,츠,70 E6,0xE670,hangul_base_code
13,75,␠,10 12,0x1210,punct_space_base_code
13,76,␠,10 12,0x1210,punct_space_base_code
13,77,␠,10 12,0x1210,punct_space_base_code
13,78,␠,10 12,0x1210,punct_space_base_code
13,79,␠,10 12,0x1210,punct_space_base_code
13,80,␠,10 12,0x1210,punct_space_base_code
13,81,협,10 E7,0xE710,hangul_base_code
13,82,력,E0 E5,0xE5E0,hangul_base_code
13,83,␠,10 12,0x1210,punct_space_base_code
13,84,␠,10 12,0x1210,punct_space_base_code
13,85,␠,10 12,0x1210,punct_space_base_code
13,86,␠,10 12,0x1210,punct_space_base_code
13,87,␠,10 12,0x1210,punct_space_base_code
13,88,야,00 6C,0x6C00,hangul_base_code
13,89,마,B0 34,0x34B0,hangul_base_code
13,90,모,A0 35,0x35A0,hangul_base_code
13,91,토,D0 E6,0xE6D0,hangul_base_code
13,92,␠,10 12,0x1210,punct_space_base_code
13,93,키,A0 E6,0xE6A0,hangul_base_code
13,94,타,20 E2,0xE220,hangul_base_code
13,95,야,00 6C,0x6C00,hangul_base_code
13,96,마,B0 34,0x34B0,hangul_base_code
13,97,␠,10 12,0x1210,punct_space_base_code
13,98,␠,10 12,0x1210,punct_space_base_code
13,99,␠,10 12,0x1210,punct_space_base_code
13,100,␠,10 12,0x1210,punct_space_base_code
13,101,␠,10 12,0x1210,punct_space_base_code
13,102,␠,10 12,0x1210,punct_space_base_code
13,103,␠,10 12,0x1210,punct_space_base_code
13,104,␠,10 12,0x1210,punct_space_base_code
13,105,␠,10 12,0x1210,punct_space_base_code
13,106,␠,10 12,0x1210,punct_space_base_code
13,107,␠,10 12,0x1210,punct_space_base_code
13,108,아,00 56,0x5600,hangul_base_code
13,109,나,B0 24,0x24B0,hangul_base_code
13,110,자,00 DF,0xDF00,hangul_base_code
13,111,와,E0 9F,0x9FE0,hangul_base_code
13,112,␠,10 12,0x1210,punct_space_base_code
13,113,토,D0 E6,0xE6D0,hangul_base_code
13,114,모,A0 35,0x35A0,hangul_base_code
13,115,키,A0 E6,0xE6A0,hangul_base_code
13,116,␠,10 12,0x1210,punct_space_base_code
13,117,␠,10 12,0x1210,punct_space_base_code
13,118,␠,10 12,0x1210,punct_space_base_code
13,119,␠,10 12,0x1210,punct_space_base_code
13,120,␠,10 12,0x1210,punct_space_base_code
13,121,␠,10 12,0x1210,punct_space_base_code
13,122,␠,10 12,0x1210,punct_space_base_code
13,123,␠,10 12,0x1210,punct_space_base_code
13,124,␠,10 12,0x1210,punct_space_base_code
13,125,␠,10 12,0x1210,punct_space_base_code
13,126,␠,10 12,0x1210,punct_space_base_code
13,127,␠,10 12,0x1210,punct_space_base_code
13,128,사,E0 3C,0x3CE0,hangul_base_code
13,129,토,D0 E6,0xE6D0,hangul_base_code
13,130,␠,10 12,0x1210,punct_space_base_code
13,131,␠,10 12,0x1210,punct_space_base_code
13,132,␠,10 12,0x1210,punct_space_base_code
13,133,오,B0 9F,0x9FB0,hangul_base_code
13,134,사,E0 3C,0x3CE0,hangul_base_code
13,135,무,00 36,0x3600,hangul_base_code
13,136,␠,10 12,0x1210,punct_space_base_code
13,137,␠,10 12,0x1210,punct_space_base_code
13,138,␠,10 12,0x1210,punct_space_base_code
13,139,␠,10 12,0x1210,punct_space_base_code
13,140,␠,10 12,0x1210,punct_space_base_code
13,141,␠,10 12,0x1210,punct_space_base_code
13,142,␠,10 12,0x1210,punct_space_base_code
13,143,␠,10 12,0x1210,punct_space_base_code
13,144,␠,10 12,0x1210,punct_space_base_code
13,145,␠,10 12,0x1210,punct_space_base_code
13,146,␠,10 12,0x1210,punct_space_base_code
13,147,␠,10 12,0x1210,punct_space_base_code
13,148,이,90 DE,0xDE90,hangul_base_code
13,149,즈,50 E6,0xE650,hangul_base_code
13,150,카,80 E6,0xE680,hangul_base_code
13,151,␠,10 12,0x1210,punct_space_base_code
13,152,␠,10 12,0x1210,punct_space_base_code
13,153,신,D0 3F,0x3FD0,hangul_base_code
13,154,야,00 6C,0x6C00,hangul_base_code
13,155,␠,10 12,0x1210,punct_space_base_code
13,156,␠,10 12,0x1210,punct_space_base_code
13,157,␠,10 12,0x1210,punct_space_base_code
13,158,␠,10 12,0x1210,punct_space_base_code
13,159,␠,10 12,0x1210,punct_space_base_code
13,160,␠,10 12,0x1210,punct_space_base_code
13,161,␠,10 12,0x1210,punct_space_base_code
13,162,␠,10 12,0x1210,punct_space_base_code
13,163,␠,10 12,0x1210,punct_space_base_code
13,164,␠,10 12,0x1210,punct_space_base_code
13,165,␠,10 12,0x1210,punct_space_base_code
13,166,␠,10 12,0x1210,punct_space_base_code
13,167,␠,10 12,0x1210,punct_space_base_code
13,168,␠,10 12,0x1210,punct_space_base_code
13,169,␠,10 12,0x1210,punct_space_base_code
13,170,␠,10 12,0x1210,punct_space_base_code
13,171,␠,10 12,0x1210,punct_space_base_code
13,172,␠,10 12,0x1210,punct_space_base_code
13,173,␠,10 12,0x1210,punct_space_base_code
13,174,␠,10 12,0x1210,punct_space_base_code
13,175,␠,10 12,0x1210,punct_space_base_code
13,176,␠,10 12,0x1210,punct_space_base_code
13,177,␠,10 12,0x1210,punct_space_base_code
13,178,␠,10 12,0x1210,punct_space_base_code
13,179,␠,10 12,0x1210,punct_space_base_code
13,END,␃,0F,0x000F,segment_end
14,0,␠,10 12,0x1210,punct_space_base_code
14,1,␠,10 12,0x1210,punct_space_base_code
14,2,␠,10 12,0x1210,punct_space_base_code
14,3,␠,10 12,0x1210,punct_space_base_code
14,4,■,30 14,0x1430,punct_space_base_code
14,5,␠,10 12,0x1210,punct_space_base_code
14,6,␠,10 12,0x1210,punct_space_base_code
14,7,␠,10 12,0x1210,punct_space_base_code
14,8,음,60 DE,0xDE60,hangul_base_code
14,9,악,00 58,0x5800,hangul_base_code
14,10,␠,10 12,0x1210,punct_space_base_code
14,11,␠,10 12,0x1210,punct_space_base_code
14,12,␠,10 12,0x1210,punct_space_base_code
14,13,■,30 14,0x1430,punct_space_base_code
14,14,␠,10 12,0x1210,punct_space_base_code
14,15,␠,10 12,0x1210,punct_space_base_code
14,16,␠,10 12,0x1210,punct_space_base_code
14,17,␠,10 12,0x1210,punct_space_base_code
14,18,␠,10 12,0x1210,punct_space_base_code
14,19,␠,10 12,0x1210,punct_space_base_code
14,20,␠,10 12,0x1210,punct_space_base_code
14,21,␠,10 12,0x1210,punct_space_base_code
14,22,␠,10 12,0x1210,punct_space_base_code
14,23,␠,10 12,0x1210,punct_space_base_code
14,24,␠,10 12,0x1210,punct_space_base_code
14,25,␠,10 12,0x1210,punct_space_base_code
14,26,␠,10 12,0x1210,punct_space_base_code
14,27,␠,10 12,0x1210,punct_space_base_code
14,28,␠,10 12,0x1210,punct_space_base_code
14,29,␠,10 12,0x1210,punct_space_base_code
14,30,␠,10 12,0x1210,punct_space_base_code
14,31,␠,10 12,0x1210,punct_space_base_code
14,32,␠,10 12,0x1210,punct_space_base_code
14,33,␠,10 12,0x1210,punct_space_base_code
14,34,␠,10 12,0x1210,punct_space_base_code
14,35,␠,10 12,0x1210,punct_space_base_code
14,36,␠,10 12,0x1210,punct_space_base_code
14,37,␠,10 12,0x1210,punct_space_base_code
14,38,␠,10 12,0x1210,punct_space_base_code
14,39,␠,10 12,0x1210,punct_space_base_code
14,40,␠,10 12,0x1210,punct_space_base_code
14,41,감,E0 17,0x17E0,hangul_base_code
14,42,독,D0 E5,0xE5D0,hangul_base_code
14,43,␠,10 12,0x1210,punct_space_base_code
14,44,␠,10 12,0x1210,punct_space_base_code
14,45,␠,10 12,0x1210,punct_space_base_code
14,46,␠,10 12,0x1210,punct_space_base_code
14,47,␠,10 12,0x1210,punct_space_base_code
14,48,오,B0 9F,0x9FB0,hangul_base_code
14,49,가,A0 17,0x17A0,hangul_base_code
14,50,와,E0 9F,0x9FE0,hangul_base_code
14,51,␠,10 12,0x1210,punct_space_base_code
14,52,␠,10 12,0x1210,punct_space_base_code
14,53,시,C0 3F,0x3FC0,hangul_base_code
14,54,노,C0 E5,0xE5C0,hangul_base_code
14,55,부,00 3C,0x3C00,hangul_base_code
14,56,␠,10 12,0x1210,punct_space_base_code
14,57,␠,10 12,0x1210,punct_space_base_code
14,58,␠,10 12,0x1210,punct_space_base_code
14,59,␠,10 12,0x1210,punct_space_base_code
14,60,␠,10 12,0x1210,punct_space_base_code
14,61,작,10 DF,0xDF10,hangul_base_code
14,62,곡,80 E5,0xE580,hangul_base_code
14,63,・,60 12,0x1260,punct_space_base_code
14,64,편,F0 E2,0xE2F0,hangul_base_code
14,65,곡,80 E5,0xE580,hangul_base_code
14,66,␠,10 12,0x1210,punct_space_base_code
14,67,␠,10 12,0x1210,punct_space_base_code
14,68,오,B0 9F,0x9FB0,hangul_base_code
14,69,가,A0 17,0x17A0,hangul_base_code
14,70,와,E0 9F,0x9FE0,hangul_base_code
14,71,␠,10 12,0x1210,punct_space_base_code
14,72,␠,10 12,0x1210,punct_space_base_code
14,73,시,C0 3F,0x3FC0,hangul_base_code
14,74,노,C0 E5,0xE5C0,hangul_base_code
14,75,부,00 3C,0x3C00,hangul_base_code
14,76,␠,10 12,0x1210,punct_space_base_code
14,77,␠,10 12,0x1210,punct_space_base_code
14,78,␠,10 12,0x1210,punct_space_base_code
14,79,␠,10 12,0x1210,punct_space_base_code
14,80,␠,10 12,0x1210,punct_space_base_code
14,81,시,C0 3F,0x3FC0,hangul_base_code
14,82,스,70 3F,0x3F70,hangul_base_code
14,83,템,C0 E6,0xE6C0,hangul_base_code
14,84,설,80 3D,0x3D80,hangul_base_code
14,85,계,70 20,0x2070,hangul_base_code
14,86,␠,10 12,0x1210,punct_space_base_code
14,87,␠,10 12,0x1210,punct_space_base_code
14,88,사,E0 3C,0x3CE0,hangul_base_code
14,89,토,D0 E6,0xE6D0,hangul_base_code
14,90,␠,10 12,0x1210,punct_space_base_code
14,91,␠,10 12,0x1210,punct_space_base_code
14,92,␠,10 12,0x1210,punct_space_base_code
14,93,오,B0 9F,0x9FB0,hangul_base_code
14,94,사,E0 3C,0x3CE0,hangul_base_code
14,95,무,00 36,0x3600,hangul_base_code
14,96,␠,10 12,0x1210,punct_space_base_code
14,97,␠,10 12,0x1210,punct_space_base_code
14,98,␠,10 12,0x1210,punct_space_base_code
14,99,␠,10 12,0x1210,punct_space_base_code
14,100,␠,10 12,0x1210,punct_space_base_code
14,101,제,F0 E3,0xE3F0,hangul_base_code
14,102,작,10 DF,0xDF10,hangul_base_code
14,103,␠,10 12,0x1210,punct_space_base_code
14,104,␠,10 12,0x1210,punct_space_base_code
14,105,␠,10 12,0x1210,punct_space_base_code
14,106,␠,10 12,0x1210,punct_space_base_code
14,107,␠,10 12,0x1210,punct_space_base_code
14,108,아,00 56,0x5600,hangul_base_code
14,109,키,A0 E6,0xE6A0,hangul_base_code
14,110,시,C0 3F,0x3FC0,hangul_base_code
14,111,노,C0 E5,0xE5C0,hangul_base_code
14,112,␠,10 12,0x1210,punct_space_base_code
14,113,마,B0 34,0x34B0,hangul_base_code
14,114,사,E0 3C,0x3CE0,hangul_base_code
14,115,히,60 E5,0xE560,hangul_base_code
14,116,로,D0 31,0x31D0,hangul_base_code
14,117,␠,10 12,0x1210,punct_space_base_code
14,118,␠,10 12,0x1210,punct_space_base_code
14,119,␠,10 12,0x1210,punct_space_base_code
14,120,␠,10 12,0x1210,punct_space_base_code
14,121,␠,10 12,0x1210,punct_space_base_code
14,122,␠,10 12,0x1210,punct_space_base_code
14,123,␠,10 12,0x1210,punct_space_base_code
14,124,␠,10 12,0x1210,punct_space_base_code
14,125,␠,10 12,0x1210,punct_space_base_code
14,126,␠,10 12,0x1210,punct_space_base_code
14,127,␠,10 12,0x1210,punct_space_base_code
14,128,야,00 6C,0x6C00,hangul_base_code
14,129,마,B0 34,0x34B0,hangul_base_code
14,130,모,A0 35,0x35A0,hangul_base_code
14,131,토,D0 E6,0xE6D0,hangul_base_code
14,132,␠,10 12,0x1210,punct_space_base_code
14,133,키,A0 E6,0xE6A0,hangul_base_code
14,134,타,20 E2,0xE220,hangul_base_code
14,135,야,00 6C,0x6C00,hangul_base_code
14,136,마,B0 34,0x34B0,hangul_base_code
14,137,␠,10 12,0x1210,punct_space_base_code
14,138,␠,10 12,0x1210,punct_space_base_code
14,139,␠,10 12,0x1210,punct_space_base_code
14,140,␠,10 12,0x1210,punct_space_base_code
14,141,␠,10 12,0x1210,punct_space_base_code
14,142,␠,10 12,0x1210,punct_space_base_code
14,143,␠,10 12,0x1210,punct_space_base_code
14,144,␠,10 12,0x1210,punct_space_base_code
14,145,␠,10 12,0x1210,punct_space_base_code
14,146,␠,10 12,0x1210,punct_space_base_code
14,147,␠,10 12,0x1210,punct_space_base_code
14,148,아,00 56,0x5600,hangul_base_code
14,149,나,B0 24,0x24B0,hangul_base_code
14,150,자,00 DF,0xDF00,hangul_base_code
14,151,와,E0 9F,0x9FE0,hangul_base_code
14,152,␠,10 12,0x1210,punct_space_base_code
14,153,토,D0 E6,0xE6D0,hangul_base_code
14,154,모,A0 35,0x35A0,hangul_base_code
14,155,키,A0 E6,0xE6A0,hangul_base_code
14,156,␠,10 12,0x1210,punct_space_base_code
14,157,␠,10 12,0x1210,punct_space_base_code
14,158,␠,10 12,0x1210,punct_space_base_code
14,159,␠,10 12,0x1210,punct_space_base_code
14,160,␠,10 12,0x1210,punct_space_base_code
14,161,효,30 E7,0xE730,hangul_base_code
14,162,과,B0 20,0x20B0,hangul_base_code
14,163,␠,10 12,0x1210,punct_space_base_code
14,164,␠,10 12,0x1210,punct_space_base_code
14,165,␠,10 12,0x1210,punct_space_base_code
14,166,␠,10 12,0x1210,punct_space_base_code
14,167,␠,10 12,0x1210,punct_space_base_code
14,168,아,00 56,0x5600,hangul_base_code
14,169,키,A0 E6,0xE6A0,hangul_base_code
14,170,시,C0 3F,0x3FC0,hangul_base_code
14,171,노,C0 E5,0xE5C0,hangul_base_code
14,172,␠,10 12,0x1210,punct_space_base_code
14,173,마,B0 34,0x34B0,hangul_base_code
14,174,사,E0 3C,0x3CE0,hangul_base_code
14,175,히,60 E5,0xE560,hangul_base_code
14,176,로,D0 31,0x31D0,hangul_base_code
14,177,␠,10 12,0x1210,punct_space_base_code
14,178,␠,10 12,0x1210,punct_space_base_code
14,179,␠,10 12,0x1210,punct_space_base_code
14,180,␠,10 12,0x1210,punct_space_base_code
14,181,␠,10 12,0x1210,punct_space_base_code
14,182,␠,10 12,0x1210,punct_space_base_code
14,183,␠,10 12,0x1210,punct_space_base_code
14,184,␠,10 12,0x1210,punct_space_base_code
14,185,␠,10 12,0x1210,punct_space_base_code
14,186,␠,10 12,0x1210,punct_space_base_code
14,187,␠,10 12,0x1210,punct_space_base_code
14,188,야,00 6C,0x6C00,hangul_base_code
14,189,마,B0 34,0x34B0,hangul_base_code
14,190,모,A0 35,0x35A0,hangul_base_code
14,191,토,D0 E6,0xE6D0,hangul_base_code
14,192,␠,10 12,0x1210,punct_space_base_code
14,193,키,A0 E6,0xE6A0,hangul_base_code
14,194,타,20 E2,0xE220,hangul_base_code
14,195,야,00 6C,0x6C00,hangul_base_code
14,196,마,B0 34,0x34B0,hangul_base_code
14,197,␠,10 12,0x1210,punct_space_base_code
14,198,␠,10 12,0x1210,punct_space_base_code
14,199,␠,10 12,0x1210,punct_space_base_code
14,END,␃,0F,0x000F,segment_end
15,0,␠,10 12,0x1210,punct_space_base_code
15,1,␠,10 12,0x1210,punct_space_base_code
15,2,␠,10 12,0x1210,punct_space_base_code
15,3,␠,10 12,0x1210,punct_space_base_code
15,4,■,30 14,0x1430,punct_space_base_code
15,5,␠,10 12,0x1210,punct_space_base_code
15,6,␠,10 12,0x1210,punct_space_base_code
15,7,B,20 26,0x2620,original_audit_base_code
15,8,G,70 26,0x2670,original_audit_base_code
15,9,M,D0 26,0x26D0,original_audit_base_code
15,10,␠,10 12,0x1210,punct_space_base_code
15,11,␠,10 12,0x1210,punct_space_base_code
15,12,■,30 14,0x1430,punct_space_base_code
15,13,␠,10 12,0x1210,punct_space_base_code
15,14,␠,10 12,0x1210,punct_space_base_code
15,15,␠,10 12,0x1210,punct_space_base_code
15,16,␠,10 12,0x1210,punct_space_base_code
15,17,␠,10 12,0x1210,punct_space_base_code
15,18,␠,10 12,0x1210,punct_space_base_code
15,19,␠,10 12,0x1210,punct_space_base_code
15,20,␠,10 12,0x1210,punct_space_base_code
15,21,␠,10 12,0x1210,punct_space_base_code
15,22,␠,10 12,0x1210,punct_space_base_code
15,23,␠,10 12,0x1210,punct_space_base_code
15,24,␠,10 12,0x1210,punct_space_base_code
15,25,␠,10 12,0x1210,punct_space_base_code
15,26,␠,10 12,0x1210,punct_space_base_code
15,27,␠,10 12,0x1210,punct_space_base_code
15,28,␠,10 12,0x1210,punct_space_base_code
15,29,␠,10 12,0x1210,punct_space_base_code
15,30,␠,10 12,0x1210,punct_space_base_code
15,31,␠,10 12,0x1210,punct_space_base_code
15,32,␠,10 12,0x1210,punct_space_base_code
15,33,␠,10 12,0x1210,punct_space_base_code
15,34,␠,10 12,0x1210,punct_space_base_code
15,35,␠,10 12,0x1210,punct_space_base_code
15,36,␠,10 12,0x1210,punct_space_base_code
15,37,␠,10 12,0x1210,punct_space_base_code
15,38,␠,10 12,0x1210,punct_space_base_code
15,39,␠,10 12,0x1210,punct_space_base_code
15,40,␠,10 12,0x1210,punct_space_base_code
15,41,␠,10 12,0x1210,punct_space_base_code
15,42,F,60 26,0x2660,original_audit_base_code
15,43,L,C0 26,0x26C0,original_audit_base_code
15,44,A,10 26,0x2610,original_audit_base_code
15,45,S,30 27,0x2730,original_audit_base_code
15,46,H,80 26,0x2680,original_audit_base_code
15,47,␠,10 12,0x1210,punct_space_base_code
15,48,O,F0 26,0x26F0,original_audit_base_code
15,49,F,60 26,0x2660,original_audit_base_code
15,50,␠,10 12,0x1210,punct_space_base_code
15,51,S,30 27,0x2730,original_audit_base_code
15,52,W,70 27,0x2770,original_audit_base_code
15,53,O,F0 26,0x26F0,original_audit_base_code
15,54,R,20 27,0x2720,original_audit_base_code
15,55,D,40 26,0x2640,original_audit_base_code
15,56,␠,10 12,0x1210,punct_space_base_code
15,57,␠,10 12,0x1210,punct_space_base_code
15,58,␠,10 12,0x1210,punct_space_base_code
15,59,␠,10 12,0x1210,punct_space_base_code
15,60,␠,10 12,0x1210,punct_space_base_code
15,61,␠,10 12,0x1210,punct_space_base_code
15,62,L,C0 26,0x26C0,original_audit_base_code
15,63,O,F0 26,0x26F0,original_audit_base_code
15,64,N,E0 26,0x26E0,original_audit_base_code
15,65,E,50 26,0x2650,original_audit_base_code
15,66,L,C0 26,0x26C0,original_audit_base_code
15,67,␠,10 12,0x1210,punct_space_base_code
15,68,Y,30 27,0x2730,original_audit_base_code
15,69,S,30 27,0x2730,original_audit_base_code
15,70,O,F0 26,0x26F0,original_audit_base_code
15,71,L,C0 26,0x26C0,original_audit_base_code
15,72,D,40 26,0x2640,original_audit_base_code
15,73,I,50 26,0x2650,original_audit_base_code
15,74,E,50 26,0x2650,original_audit_base_code
15,75,␠,10 12,0x1210,punct_space_base_code
15,76,␠,10 12,0x1210,punct_space_base_code
15,77,␠,10 12,0x1210,punct_space_base_code
15,78,␠,10 12,0x1210,punct_space_base_code
15,79,␠,10 12,0x1210,punct_space_base_code
15,80,␠,10 12,0x1210,punct_space_base_code
15,81,␠,10 12,0x1210,punct_space_base_code
15,82,R,20 27,0x2720,original_audit_base_code
15,83,D,40 26,0x2640,original_audit_base_code
15,84,E,50 26,0x2650,original_audit_base_code
15,85,A,10 26,0x2610,original_audit_base_code
15,86,T,40 27,0x2740,original_audit_base_code
15,87,H,80 26,0x2680,original_audit_base_code
15,88,S,30 27,0x2730,original_audit_base_code
15,89,␠,10 12,0x1210,punct_space_base_code
15,90,W,70 27,0x2770,original_audit_base_code
15,91,H,80 26,0x2680,original_audit_base_code
15,92,I,50 26,0x2650,original_audit_base_code
15,93,S,30 27,0x2730,original_audit_base_code
15,94,P,00 27,0x2700,original_audit_base_code
15,95,E,50 26,0x2650,original_audit_base_code
15,96,R,20 27,0x2720,original_audit_base_code
15,97,␠,10 12,0x1210,punct_space_base_code
15,98,␠,10 12,0x1210,punct_space_base_code
15,99,␠,10 12,0x1210,punct_space_base_code
15,100,␠,10 12,0x1210,punct_space_base_code
15,101,␠,10 12,0x1210,punct_space_base_code
15,102,T,40 27,0x2740,original_audit_base_code
15,103,H,80 26,0x2680,original_audit_base_code
15,104,E,50 26,0x2650,original_audit_base_code
15,105,␠,10 12,0x1210,punct_space_base_code
15,106,W,70 27,0x2770,original_audit_base_code
15,107,I,50 26,0x2650,original_audit_base_code
15,108,L,C0 26,0x26C0,original_audit_base_code
15,109,D,40 26,0x2640,original_audit_base_code
15,110,E,50 26,0x2650,original_audit_base_code
15,111,R,20 27,0x2720,original_audit_base_code
15,112,N,E0 26,0x26E0,original_audit_base_code
15,113,E,50 26,0x2650,original_audit_base_code
15,114,S,30 27,0x2730,original_audit_base_code
15,115,S,30 27,0x2730,original_audit_base_code
15,116,␠,10 12,0x1210,punct_space_base_code
15,117,␠,10 12,0x1210,punct_space_base_code
15,118,␠,10 12,0x1210,punct_space_base_code
15,119,␠,10 12,0x1210,punct_space_base_code
15,120,␠,10 12,0x1210,punct_space_base_code
15,121,␠,10 12,0x1210,punct_space_base_code
15,122,D,40 26,0x2640,original_audit_base_code
15,123,A,10 26,0x2610,original_audit_base_code
15,124,R,20 27,0x2720,original_audit_base_code
15,125,K,B0 26,0x26B0,original_audit_base_code
15,126,␠,10 12,0x1210,punct_space_base_code
15,127,F,60 26,0x2660,original_audit_base_code
15,128,O,F0 26,0x26F0,original_audit_base_code
15,129,R,20 27,0x2720,original_audit_base_code
15,130,E,50 26,0x2650,original_audit_base_code
15,131,S,30 27,0x2730,original_audit_base_code
15,132,T,40 27,0x2740,original_audit_base_code
15,133,␠,10 12,0x1210,punct_space_base_code
15,134,␠,10 12,0x1210,punct_space_base_code
15,135,␠,10 12,0x1210,punct_space_base_code
15,136,␠,10 12,0x1210,punct_space_base_code
15,137,␠,10 12,0x1210,punct_space_base_code
15,138,␠,10 12,0x1210,punct_space_base_code
15,139,␠,10 12,0x1210,punct_space_base_code
15,140,␠,10 12,0x1210,punct_space_base_code
15,141,␠,10 12,0x1210,punct_space_base_code
15,142,C,30 26,0x2630,original_audit_base_code
15,143,E,50 26,0x2650,original_audit_base_code
15,144,L,C0 26,0x26C0,original_audit_base_code
15,145,L,C0 26,0x26C0,original_audit_base_code
15,146,U,50 27,0x2750,original_audit_base_code
15,147,L,C0 26,0x26C0,original_audit_base_code
15,148,A,10 26,0x2610,original_audit_base_code
15,149,R,20 27,0x2720,original_audit_base_code
15,150,␠,10 12,0x1210,punct_space_base_code
15,151,T,40 27,0x2740,original_audit_base_code
15,152,I,50 26,0x2650,original_audit_base_code
15,153,S,30 27,0x2730,original_audit_base_code
15,154,S,30 27,0x2730,original_audit_base_code
15,155,U,50 27,0x2750,original_audit_base_code
15,156,E,50 26,0x2650,original_audit_base_code
15,157,␠,10 12,0x1210,punct_space_base_code
15,158,␠,10 12,0x1210,punct_space_base_code
15,159,␠,10 12,0x1210,punct_space_base_code
15,END,␃,0F,0x000F,segment_end
16,0,␠,10 12,0x1210,punct_space_base_code
16,1,␠,10 12,0x1210,punct_space_base_code
16,2,D,40 26,0x2640,original_audit_base_code
16,3,E,50 26,0x2650,original_audit_base_code
16,4,A,10 26,0x2610,original_audit_base_code
16,5,T,40 27,0x2740,original_audit_base_code
16,6,H,80 26,0x2680,original_audit_base_code
16,7,␠,10 12,0x1210,punct_space_base_code
16,8,Z,A0 27,0x27A0,original_audit_base_code
16,9,O,F0 26,0x26F0,original_audit_base_code
16,10,N,E0 26,0x26E0,original_audit_base_code
16,11,E,50 26,0x2650,original_audit_base_code
16,12,␠,10 12,0x1210,punct_space_base_code
16,13,␠,10 12,0x1210,punct_space_base_code
16,14,␠,10 12,0x1210,punct_space_base_code
16,15,␠,10 12,0x1210,punct_space_base_code
16,16,␠,10 12,0x1210,punct_space_base_code
16,17,␠,10 12,0x1210,punct_space_base_code
16,18,␠,10 12,0x1210,punct_space_base_code
16,19,␠,10 12,0x1210,punct_space_base_code
16,20,␠,10 12,0x1210,punct_space_base_code
16,21,␠,10 12,0x1210,punct_space_base_code
16,22,O,F0 26,0x26F0,original_audit_base_code
16,23,G,70 26,0x2670,original_audit_base_code
16,24,R,20 27,0x2720,original_audit_base_code
16,25,E,50 26,0x2650,original_audit_base_code
16,26,␠,10 12,0x1210,punct_space_base_code
16,27,B,20 26,0x2620,original_audit_base_code
16,28,A,10 26,0x2610,original_audit_base_code
16,29,T,40 27,0x2740,original_audit_base_code
16,30,T,40 27,0x2740,original_audit_base_code
16,31,L,C0 26,0x26C0,original_audit_base_code
16,32,E,50 26,0x2650,original_audit_base_code
16,33,␠,10 12,0x1210,punct_space_base_code
16,34,␠,10 12,0x1210,punct_space_base_code
16,35,␠,10 12,0x1210,punct_space_base_code
16,36,␠,10 12,0x1210,punct_space_base_code
16,37,␠,10 12,0x1210,punct_space_base_code
16,38,␠,10 12,0x1210,punct_space_base_code
16,39,␠,10 12,0x1210,punct_space_base_code
16,40,␠,10 12,0x1210,punct_space_base_code
16,41,␠,10 12,0x1210,punct_space_base_code
16,42,S,30 27,0x2730,original_audit_base_code
16,43,O,F0 26,0x26F0,original_audit_base_code
16,44,L,C0 26,0x26C0,original_audit_base_code
16,45,D,40 26,0x2640,original_audit_base_code
16,46,I,50 26,0x2650,original_audit_base_code
16,47,E,50 26,0x2650,original_audit_base_code
16,48,R,20 27,0x2720,original_audit_base_code
16,49,␠,10 12,0x1210,punct_space_base_code
16,50,I,50 26,0x2650,original_audit_base_code
16,51,S,30 27,0x2730,original_audit_base_code
16,52,␠,10 12,0x1210,punct_space_base_code
16,53,B,20 26,0x2620,original_audit_base_code
16,54,O,F0 26,0x26F0,original_audit_base_code
16,55,R,20 27,0x2720,original_audit_base_code
16,56,N,E0 26,0x26E0,original_audit_base_code
16,57,␠,10 12,0x1210,punct_space_base_code
16,58,␠,10 12,0x1210,punct_space_base_code
16,59,␠,10 12,0x1210,punct_space_base_code
16,60,␠,10 12,0x1210,punct_space_base_code
16,61,␠,10 12,0x1210,punct_space_base_code
16,62,E,50 26,0x2650,original_audit_base_code
16,63,N,E0 26,0x26E0,original_audit_base_code
16,64,T,40 27,0x2740,original_audit_base_code
16,65,E,50 26,0x2650,original_audit_base_code
16,66,R,20 27,0x2720,original_audit_base_code
16,67,␠,10 12,0x1210,punct_space_base_code
16,68,L,C0 26,0x26C0,original_audit_base_code
16,69,O,F0 26,0x26F0,original_audit_base_code
16,70,G,70 26,0x2670,original_audit_base_code
16,71,L,C0 26,0x26C0,original_audit_base_code
16,72,E,50 26,0x2650,original_audit_base_code
16,73,S,30 27,0x2730,original_audit_base_code
16,74,S,30 27,0x2730,original_audit_base_code
16,75,␠,10 12,0x1210,punct_space_base_code
16,76,␠,10 12,0x1210,punct_space_base_code
16,77,␠,10 12,0x1210,punct_space_base_code
16,78,␠,10 12,0x1210,punct_space_base_code
16,79,␠,10 12,0x1210,punct_space_base_code
16,80,␠,10 12,0x1210,punct_space_base_code
16,81,␠,10 12,0x1210,punct_space_base_code
16,82,S,30 27,0x2730,original_audit_base_code
16,83,A,10 26,0x2610,original_audit_base_code
16,84,D,40 26,0x2640,original_audit_base_code
16,85,N,E0 26,0x26E0,original_audit_base_code
16,86,E,50 26,0x2650,original_audit_base_code
16,87,S,30 27,0x2730,original_audit_base_code
16,88,S,30 27,0x2730,original_audit_base_code
16,89,.,60 12,0x1260,punct_space_base_code
16,90,.,60 12,0x1260,punct_space_base_code
16,91,.,60 12,0x1260,punct_space_base_code
16,92,R,20 27,0x2720,original_audit_base_code
16,93,E,50 26,0x2650,original_audit_base_code
16,94,I,50 26,0x2650,original_audit_base_code
16,95,K,B0 26,0x26B0,original_audit_base_code
16,96,O,F0 26,0x26F0,original_audit_base_code
16,97,␠,10 12,0x1210,punct_space_base_code
16,98,␠,10 12,0x1210,punct_space_base_code
16,99,␠,10 12,0x1210,punct_space_base_code
16,100,␠,10 12,0x1210,punct_space_base_code
16,101,␠,10 12,0x1210,punct_space_base_code
16,102,R,20 27,0x2720,original_audit_base_code
16,103,E,50 26,0x2650,original_audit_base_code
16,104,Q,10 27,0x2710,original_audit_base_code
16,105,U,50 27,0x2750,original_audit_base_code
16,106,I,50 26,0x2650,original_audit_base_code
16,107,E,50 26,0x2650,original_audit_base_code
16,108,M,D0 26,0x26D0,original_audit_base_code
16,109,␠,10 12,0x1210,punct_space_base_code
16,110,␠,10 12,0x1210,punct_space_base_code
16,111,␠,10 12,0x1210,punct_space_base_code
16,112,␠,10 12,0x1210,punct_space_base_code
16,113,␠,10 12,0x1210,punct_space_base_code
16,114,␠,10 12,0x1210,punct_space_base_code
16,115,␠,10 12,0x1210,punct_space_base_code
16,116,␠,10 12,0x1210,punct_space_base_code
16,117,␠,10 12,0x1210,punct_space_base_code
16,118,␠,10 12,0x1210,punct_space_base_code
16,119,␠,10 12,0x1210,punct_space_base_code
16,120,␠,10 12,0x1210,punct_space_base_code
16,121,␠,10 12,0x1210,punct_space_base_code
16,122,M,D0 26,0x26D0,original_audit_base_code
16,123,i,90 36,0x3690,original_audit_base_code
16,124,s,30 37,0x3730,original_audit_base_code
16,125,s,30 37,0x3730,original_audit_base_code
16,126,␠,10 12,0x1210,punct_space_base_code
16,127,B,20 26,0x2620,original_audit_base_code
16,128,L,C0 26,0x26C0,original_audit_base_code
16,129,U,50 27,0x2750,original_audit_base_code
16,130,E,50 26,0x2650,original_audit_base_code
16,131,에,40 9F,0x9F40,hangul_base_code
16,132,게,00 20,0x2000,hangul_base_code
16,133,␠,10 12,0x1210,punct_space_base_code
16,134,미,50 39,0x3950,hangul_base_code
16,135,소,D0 3D,0x3DD0,hangul_base_code
16,136,를,50 34,0x3450,hangul_base_code
16,137,␠,10 12,0x1210,punct_space_base_code
16,138,␠,10 12,0x1210,punct_space_base_code
16,139,␠,10 12,0x1210,punct_space_base_code
16,END,␃,0F,0x000F,segment_end
17,0,␠,10 12,0x1210,punct_space_base_code
17,1,␠,10 12,0x1210,punct_space_base_code
17,2,␠,10 12,0x1210,punct_space_base_code
17,3,␠,10 12,0x1210,punct_space_base_code
17,4,␠,10 12,0x1210,punct_space_base_code
17,5,■,30 14,0x1430,punct_space_base_code
17,6,␠,10 12,0x1210,punct_space_base_code
17,7,그,50 21,0x2150,hangul_base_code
17,8,래,30 31,0x3130,hangul_base_code
17,9,픽,F0 E6,0xE6F0,hangul_base_code
17,10,␠,10 12,0x1210,punct_space_base_code
17,11,■,30 14,0x1430,punct_space_base_code
17,12,␠,10 12,0x1210,punct_space_base_code
17,13,␠,10 12,0x1210,punct_space_base_code
17,14,␠,10 12,0x1210,punct_space_base_code
17,15,␠,10 12,0x1210,punct_space_base_code
17,16,␠,10 12,0x1210,punct_space_base_code
17,17,␠,10 12,0x1210,punct_space_base_code
17,18,␠,10 12,0x1210,punct_space_base_code
17,19,␠,10 12,0x1210,punct_space_base_code
17,20,␠,10 12,0x1210,punct_space_base_code
17,21,␠,10 12,0x1210,punct_space_base_code
17,22,␠,10 12,0x1210,punct_space_base_code
17,23,␠,10 12,0x1210,punct_space_base_code
17,24,␠,10 12,0x1210,punct_space_base_code
17,25,␠,10 12,0x1210,punct_space_base_code
17,26,␠,10 12,0x1210,punct_space_base_code
17,27,␠,10 12,0x1210,punct_space_base_code
17,28,␠,10 12,0x1210,punct_space_base_code
17,29,␠,10 12,0x1210,punct_space_base_code
17,30,␠,10 12,0x1210,punct_space_base_code
17,31,␠,10 12,0x1210,punct_space_base_code
17,32,␠,10 12,0x1210,punct_space_base_code
17,33,␠,10 12,0x1210,punct_space_base_code
17,34,␠,10 12,0x1210,punct_space_base_code
17,35,␠,10 12,0x1210,punct_space_base_code
17,36,␠,10 12,0x1210,punct_space_base_code
17,37,␠,10 12,0x1210,punct_space_base_code
17,38,␠,10 12,0x1210,punct_space_base_code
17,39,␠,10 12,0x1210,punct_space_base_code
17,40,␠,10 12,0x1210,punct_space_base_code
17,41,감,E0 17,0x17E0,hangul_base_code
17,42,독,D0 E5,0xE5D0,hangul_base_code
17,43,␠,10 12,0x1210,punct_space_base_code
17,44,␠,10 12,0x1210,punct_space_base_code
17,45,␠,10 12,0x1210,punct_space_base_code
17,46,␠,10 12,0x1210,punct_space_base_code
17,47,␠,10 12,0x1210,punct_space_base_code
17,48,하,50 E3,0xE350,hangul_base_code
17,49,야,00 6C,0x6C00,hangul_base_code
17,50,시,C0 3F,0x3FC0,hangul_base_code
17,51,␠,10 12,0x1210,punct_space_base_code
17,52,␠,10 12,0x1210,punct_space_base_code
17,53,히,60 E5,0xE560,hangul_base_code
17,54,로,D0 31,0x31D0,hangul_base_code
17,55,키,A0 E6,0xE6A0,hangul_base_code
17,56,␠,10 12,0x1210,punct_space_base_code
17,57,␠,10 12,0x1210,punct_space_base_code
17,58,␠,10 12,0x1210,punct_space_base_code
17,59,␠,10 12,0x1210,punct_space_base_code
17,60,␠,10 12,0x1210,punct_space_base_code
17,61,␠,10 12,0x1210,punct_space_base_code
17,62,␠,10 12,0x1210,punct_space_base_code
17,63,␠,10 12,0x1210,punct_space_base_code
17,64,␠,10 12,0x1210,punct_space_base_code
17,65,␠,10 12,0x1210,punct_space_base_code
17,66,␠,10 12,0x1210,punct_space_base_code
17,67,␠,10 12,0x1210,punct_space_base_code
17,68,␠,10 12,0x1210,punct_space_base_code
17,69,␠,10 12,0x1210,punct_space_base_code
17,70,␠,10 12,0x1210,punct_space_base_code
17,71,␠,10 12,0x1210,punct_space_base_code
17,72,␠,10 12,0x1210,punct_space_base_code
17,73,␠,10 12,0x1210,punct_space_base_code
17,74,␠,10 12,0x1210,punct_space_base_code
17,75,␠,10 12,0x1210,punct_space_base_code
17,76,␠,10 12,0x1210,punct_space_base_code
17,77,␠,10 12,0x1210,punct_space_base_code
17,78,␠,10 12,0x1210,punct_space_base_code
17,79,␠,10 12,0x1210,punct_space_base_code
17,80,␠,10 12,0x1210,punct_space_base_code
17,81,디,20 30,0x3020,hangul_base_code
17,82,자,00 DF,0xDF00,hangul_base_code
17,83,인,A0 DE,0xDEA0,hangul_base_code
17,84,␠,10 12,0x1210,punct_space_base_code
17,85,␠,10 12,0x1210,punct_space_base_code
17,86,␠,10 12,0x1210,punct_space_base_code
17,87,␠,10 12,0x1210,punct_space_base_code
17,88,하,50 E3,0xE350,hangul_base_code
17,89,야,00 6C,0x6C00,hangul_base_code
17,90,시,C0 3F,0x3FC0,hangul_base_code
17,91,␠,10 12,0x1210,punct_space_base_code
17,92,␠,10 12,0x1210,punct_space_base_code
17,93,히,60 E5,0xE560,hangul_base_code
17,94,로,D0 31,0x31D0,hangul_base_code
17,95,키,A0 E6,0xE6A0,hangul_base_code
17,96,␠,10 12,0x1210,punct_space_base_code
17,97,␠,10 12,0x1210,punct_space_base_code
17,98,␠,10 12,0x1210,punct_space_base_code
17,99,␠,10 12,0x1210,punct_space_base_code
17,100,␠,10 12,0x1210,punct_space_base_code
17,101,␠,10 12,0x1210,punct_space_base_code
17,102,␠,10 12,0x1210,punct_space_base_code
17,103,␠,10 12,0x1210,punct_space_base_code
17,104,␠,10 12,0x1210,punct_space_base_code
17,105,␠,10 12,0x1210,punct_space_base_code
17,106,␠,10 12,0x1210,punct_space_base_code
17,107,␠,10 12,0x1210,punct_space_base_code
17,108,다,C0 27,0x27C0,hangul_base_code
17,109,나,B0 24,0x24B0,hangul_base_code
17,110,카,80 E6,0xE680,hangul_base_code
17,111,␠,10 12,0x1210,punct_space_base_code
17,112,␠,10 12,0x1210,punct_space_base_code
17,113,츠,70 E6,0xE670,hangul_base_code
17,114,요,F0 C7,0xC7F0,hangul_base_code
17,115,시,C0 3F,0x3FC0,hangul_base_code
17,116,␠,10 12,0x1210,punct_space_base_code
17,117,␠,10 12,0x1210,punct_space_base_code
17,118,␠,10 12,0x1210,punct_space_base_code
17,119,␠,10 12,0x1210,punct_space_base_code
17,120,␠,10 12,0x1210,punct_space_base_code
17,121,␠,10 12,0x1210,punct_space_base_code
17,122,␠,10 12,0x1210,punct_space_base_code
17,123,␠,10 12,0x1210,punct_space_base_code
17,124,␠,10 12,0x1210,punct_space_base_code
17,125,␠,10 12,0x1210,punct_space_base_code
17,126,␠,10 12,0x1210,punct_space_base_code
17,127,␠,10 12,0x1210,punct_space_base_code
17,128,토,D0 E6,0xE6D0,hangul_base_code
17,129,리,70 34,0x3470,hangul_base_code
17,130,우,F0 CD,0xCDF0,hangul_base_code
17,131,미,50 39,0x3950,hangul_base_code
17,132,␠,10 12,0x1210,punct_space_base_code
17,133,히,60 E5,0xE560,hangul_base_code
17,134,로,D0 31,0x31D0,hangul_base_code
17,135,시,C0 3F,0x3FC0,hangul_base_code
17,136,␠,10 12,0x1210,punct_space_base_code
17,137,␠,10 12,0x1210,punct_space_base_code
17,138,␠,10 12,0x1210,punct_space_base_code
17,139,␠,10 12,0x1210,punct_space_base_code
17,140,␠,10 12,0x1210,punct_space_base_code
17,141,␠,10 12,0x1210,punct_space_base_code
17,142,␠,10 12,0x1210,punct_space_base_code
17,143,␠,10 12,0x1210,punct_space_base_code
17,144,␠,10 12,0x1210,punct_space_base_code
17,145,␠,10 12,0x1210,punct_space_base_code
17,146,␠,10 12,0x1210,punct_space_base_code
17,147,␠,10 12,0x1210,punct_space_base_code
17,148,이,90 DE,0xDE90,hangul_base_code
17,149,소,D0 3D,0x3DD0,hangul_base_code
17,150,다,C0 27,0x27C0,hangul_base_code
17,151,␠,10 12,0x1210,punct_space_base_code
17,152,␠,10 12,0x1210,punct_space_base_code
17,153,코,10 E2,0xE210,hangul_base_code
17,154,우,F0 CD,0xCDF0,hangul_base_code
17,155,지,10 E0,0xE010,hangul_base_code
17,156,␠,10 12,0x1210,punct_space_base_code
17,157,␠,10 12,0x1210,punct_space_base_code
17,158,␠,10 12,0x1210,punct_space_base_code
17,159,␠,10 12,0x1210,punct_space_base_code
17,END,␃,0F,0x000F,segment_end
18,0,␠,10 12,0x1210,punct_space_base_code
18,1,특,B0 E2,0xE2B0,hangul_base_code
18,2,수,30 3F,0x3F30,hangul_base_code
18,3,효,30 E7,0xE730,hangul_base_code
18,4,과,B0 20,0x20B0,hangul_base_code
18,5,␠,10 12,0x1210,punct_space_base_code
18,6,␠,10 12,0x1210,punct_space_base_code
18,7,하,50 E3,0xE350,hangul_base_code
18,8,나,B0 24,0x24B0,hangul_base_code
18,9,와,E0 9F,0x9FE0,hangul_base_code
18,10,␠,10 12,0x1210,punct_space_base_code
18,11,␠,10 12,0x1210,punct_space_base_code
18,12,카,80 E6,0xE680,hangul_base_code
18,13,츠,70 E6,0xE670,hangul_base_code
18,14,␠,10 12,0x1210,punct_space_base_code
18,15,␠,10 12,0x1210,punct_space_base_code
18,16,␠,10 12,0x1210,punct_space_base_code
18,17,␠,10 12,0x1210,punct_space_base_code
18,18,␠,10 12,0x1210,punct_space_base_code
18,19,␠,10 12,0x1210,punct_space_base_code
18,20,␠,10 12,0x1210,punct_space_base_code
18,21,␠,10 12,0x1210,punct_space_base_code
18,22,␠,10 12,0x1210,punct_space_base_code
18,23,␠,10 12,0x1210,punct_space_base_code
18,24,␠,10 12,0x1210,punct_space_base_code
18,25,␠,10 12,0x1210,punct_space_base_code
18,26,␠,10 12,0x1210,punct_space_base_code
18,27,␠,10 12,0x1210,punct_space_base_code
18,28,␠,10 12,0x1210,punct_space_base_code
18,29,␠,10 12,0x1210,punct_space_base_code
18,30,␠,10 12,0x1210,punct_space_base_code
18,31,␠,10 12,0x1210,punct_space_base_code
18,32,␠,10 12,0x1210,punct_space_base_code
18,33,␠,10 12,0x1210,punct_space_base_code
18,34,␠,10 12,0x1210,punct_space_base_code
18,35,␠,10 12,0x1210,punct_space_base_code
18,36,␠,10 12,0x1210,punct_space_base_code
18,37,␠,10 12,0x1210,punct_space_base_code
18,38,␠,10 12,0x1210,punct_space_base_code
18,39,␠,10 12,0x1210,punct_space_base_code
18,40,␠,10 12,0x1210,punct_space_base_code
18,41,타,20 E2,0xE220,hangul_base_code
18,42,이,90 DE,0xDE90,hangul_base_code
18,43,틀,C0 E2,0xE2C0,hangul_base_code
18,44,␠,10 12,0x1210,punct_space_base_code
18,45,␠,10 12,0x1210,punct_space_base_code
18,46,␠,10 12,0x1210,punct_space_base_code
18,47,하,50 E3,0xE350,hangul_base_code
18,48,야,00 6C,0x6C00,hangul_base_code
18,49,시,C0 3F,0x3FC0,hangul_base_code
18,50,␠,10 12,0x1210,punct_space_base_code
18,51,␠,10 12,0x1210,punct_space_base_code
18,52,히,60 E5,0xE560,hangul_base_code
18,53,로,D0 31,0x31D0,hangul_base_code
18,54,키,A0 E6,0xE6A0,hangul_base_code
18,55,␠,10 12,0x1210,punct_space_base_code
18,56,␠,10 12,0x1210,punct_space_base_code
18,57,␠,10 12,0x1210,punct_space_base_code
18,58,␠,10 12,0x1210,punct_space_base_code
18,END,␃,0F,0x000F,segment_end
19,0,␠,10 12,0x1210,punct_space_base_code
19,1,␠,10 12,0x1210,punct_space_base_code
19,2,␠,10 12,0x1210,punct_space_base_code
19,3,␠,10 12,0x1210,punct_space_base_code
19,4,■,30 14,0x1430,punct_space_base_code
19,5,␠,10 12,0x1210,punct_space_base_code
19,6,협,10 E7,0xE710,hangul_base_code
19,7,력,E0 E5,0xE5E0,hangul_base_code
19,8,␠,10 12,0x1210,punct_space_base_code
19,9,스,70 3F,0x3F70,hangul_base_code
19,10,태,40 E2,0xE240,hangul_base_code
19,11,프,10 E3,0xE310,hangul_base_code
19,12,␠,10 12,0x1210,punct_space_base_code
19,13,■,30 14,0x1430,punct_space_base_code
19,14,␠,10 12,0x1210,punct_space_base_code
19,15,␠,10 12,0x1210,punct_space_base_code
19,16,␠,10 12,0x1210,punct_space_base_code
19,17,␠,10 12,0x1210,punct_space_base_code
19,18,␠,10 12,0x1210,punct_space_base_code
19,19,␠,10 12,0x1210,punct_space_base_code
19,20,␠,10 12,0x1210,punct_space_base_code
19,21,␠,10 12,0x1210,punct_space_base_code
19,22,␠,10 12,0x1210,punct_space_base_code
19,23,␠,10 12,0x1210,punct_space_base_code
19,24,␠,10 12,0x1210,punct_space_base_code
19,25,␠,10 12,0x1210,punct_space_base_code
19,26,␠,10 12,0x1210,punct_space_base_code
19,27,␠,10 12,0x1210,punct_space_base_code
19,28,␠,10 12,0x1210,punct_space_base_code
19,29,␠,10 12,0x1210,punct_space_base_code
19,30,␠,10 12,0x1210,punct_space_base_code
19,31,␠,10 12,0x1210,punct_space_base_code
19,32,␠,10 12,0x1210,punct_space_base_code
19,33,␠,10 12,0x1210,punct_space_base_code
19,34,␠,10 12,0x1210,punct_space_base_code
19,35,␠,10 12,0x1210,punct_space_base_code
19,36,␠,10 12,0x1210,punct_space_base_code
19,37,␠,10 12,0x1210,punct_space_base_code
19,38,␠,10 12,0x1210,punct_space_base_code
19,39,␠,10 12,0x1210,punct_space_base_code
19,40,␠,10 12,0x1210,punct_space_base_code
19,41,디,20 30,0x3020,hangul_base_code
19,42,자,00 DF,0xDF00,hangul_base_code
19,43,인,A0 DE,0xDEA0,hangul_base_code
19,44,웍,40 E6,0xE640,hangul_base_code
19,45,스,70 3F,0x3F70,hangul_base_code
19,46,␠,10 12,0x1210,punct_space_base_code
19,47,␠,10 12,0x1210,punct_space_base_code
19,48,타,20 E2,0xE220,hangul_base_code
19,49,카,80 E6,0xE680,hangul_base_code
19,50,하,50 E3,0xE350,hangul_base_code
19,51,시,C0 3F,0x3FC0,hangul_base_code
19,52,␠,10 12,0x1210,punct_space_base_code
19,53,미,50 39,0x3950,hangul_base_code
19,54,츠,70 E6,0xE670,hangul_base_code
19,55,루,00 E6,0xE600,hangul_base_code
19,56,␠,10 12,0x1210,punct_space_base_code
19,57,␠,10 12,0x1210,punct_space_base_code
19,58,␠,10 12,0x1210,punct_space_base_code
19,59,␠,10 12,0x1210,punct_space_base_code
19,60,␠,10 12,0x1210,punct_space_base_code
19,61,␠,10 12,0x1210,punct_space_base_code
19,62,␠,10 12,0x1210,punct_space_base_code
19,63,␠,10 12,0x1210,punct_space_base_code
19,64,␠,10 12,0x1210,punct_space_base_code
19,65,␠,10 12,0x1210,punct_space_base_code
19,66,␠,10 12,0x1210,punct_space_base_code
19,67,␠,10 12,0x1210,punct_space_base_code
19,68,다,C0 27,0x27C0,hangul_base_code
19,69,카,80 E6,0xE680,hangul_base_code
19,70,하,50 E3,0xE350,hangul_base_code
19,71,시,C0 3F,0x3FC0,hangul_base_code
19,72,␠,10 12,0x1210,punct_space_base_code
19,73,마,B0 34,0x34B0,hangul_base_code
19,74,코,10 E2,0xE210,hangul_base_code
19,75,토,D0 E6,0xE6D0,hangul_base_code
19,76,␠,10 12,0x1210,punct_space_base_code
19,77,␠,10 12,0x1210,punct_space_base_code
19,78,␠,10 12,0x1210,punct_space_base_code
19,79,␠,10 12,0x1210,punct_space_base_code
19,80,␠,10 12,0x1210,punct_space_base_code
19,81,␠,10 12,0x1210,punct_space_base_code
19,82,␠,10 12,0x1210,punct_space_base_code
19,83,␠,10 12,0x1210,punct_space_base_code
19,84,␠,10 12,0x1210,punct_space_base_code
19,85,␠,10 12,0x1210,punct_space_base_code
19,86,␠,10 12,0x1210,punct_space_base_code
19,87,␠,10 12,0x1210,punct_space_base_code
19,88,키,A0 E6,0xE6A0,hangul_base_code
19,89,야,00 6C,0x6C00,hangul_base_code
19,90,스,70 3F,0x3F70,hangul_base_code
19,91,␠,10 12,0x1210,punct_space_base_code
19,92,␠,10 12,0x1210,punct_space_base_code
19,93,다,C0 27,0x27C0,hangul_base_code
19,94,이,90 DE,0xDE90,hangul_base_code
19,95,스,70 3F,0x3F70,hangul_base_code
19,96,케,00 E2,0xE200,hangul_base_code
19,97,␠,10 12,0x1210,punct_space_base_code
19,98,␠,10 12,0x1210,punct_space_base_code
19,99,␠,10 12,0x1210,punct_space_base_code
19,100,␠,10 12,0x1210,punct_space_base_code
19,101,␠,10 12,0x1210,punct_space_base_code
19,102,␠,10 12,0x1210,punct_space_base_code
19,103,␠,10 12,0x1210,punct_space_base_code
19,104,␠,10 12,0x1210,punct_space_base_code
19,105,␠,10 12,0x1210,punct_space_base_code
19,106,␠,10 12,0x1210,punct_space_base_code
19,107,␠,10 12,0x1210,punct_space_base_code
19,108,곤,90 E5,0xE590,hangul_base_code
19,109,노,C0 E5,0xE5C0,hangul_base_code
19,110,␠,10 12,0x1210,punct_space_base_code
19,111,␠,10 12,0x1210,punct_space_base_code
19,112,␠,10 12,0x1210,punct_space_base_code
19,113,헤,00 E7,0xE700,hangul_base_code
19,114,이,90 DE,0xDE90,hangul_base_code
19,115,이,90 DE,0xDE90,hangul_base_code
19,116,치,A0 E1,0xE1A0,hangul_base_code
19,117,␠,10 12,0x1210,punct_space_base_code
19,118,␠,10 12,0x1210,punct_space_base_code
19,119,␠,10 12,0x1210,punct_space_base_code
19,120,␠,10 12,0x1210,punct_space_base_code
19,121,␠,10 12,0x1210,punct_space_base_code
19,122,␠,10 12,0x1210,punct_space_base_code
19,123,␠,10 12,0x1210,punct_space_base_code
19,124,␠,10 12,0x1210,punct_space_base_code
19,125,␠,10 12,0x1210,punct_space_base_code
19,126,␠,10 12,0x1210,punct_space_base_code
19,127,␠,10 12,0x1210,punct_space_base_code
19,128,다,C0 27,0x27C0,hangul_base_code
19,129,나,B0 24,0x24B0,hangul_base_code
19,130,카,80 E6,0xE680,hangul_base_code
19,131,␠,10 12,0x1210,punct_space_base_code
19,132,␠,10 12,0x1210,punct_space_base_code
19,133,츠,70 E6,0xE670,hangul_base_code
19,134,요,F0 C7,0xC7F0,hangul_base_code
19,135,시,C0 3F,0x3FC0,hangul_base_code
19,136,␠,10 12,0x1210,punct_space_base_code
19,137,␠,10 12,0x1210,punct_space_base_code
19,138,␠,10 12,0x1210,punct_space_base_code
19,139,␠,10 12,0x1210,punct_space_base_code
19,140,␠,10 12,0x1210,punct_space_base_code
19,141,␠,10 12,0x1210,punct_space_base_code
19,142,␠,10 12,0x1210,punct_space_base_code
19,143,␠,10 12,0x1210,punct_space_base_code
19,144,␠,10 12,0x1210,punct_space_base_code
19,145,␠,10 12,0x1210,punct_space_base_code
19,146,␠,10 12,0x1210,punct_space_base_code
19,147,␠,10 12,0x1210,punct_space_base_code
19,148,토,D0 E6,0xE6D0,hangul_base_code
19,149,리,70 34,0x3470,hangul_base_code
19,150,우,F0 CD,0xCDF0,hangul_base_code
19,151,미,50 39,0x3950,hangul_base_code
19,152,␠,10 12,0x1210,punct_space_base_code
19,153,히,60 E5,0xE560,hangul_base_code
19,154,로,D0 31,0x31D0,hangul_base_code
19,155,시,C0 3F,0x3FC0,hangul_base_code
19,156,␠,10 12,0x1210,punct_space_base_code
19,157,␠,10 12,0x1210,punct_space_base_code
19,158,␠,10 12,0x1210,punct_space_base_code
19,159,␠,10 12,0x1210,punct_space_base_code
19,END,␃,0F,0x000F,segment_end
20,0,␠,10 12,0x1210,punct_space_base_code
20,1,웍,40 E6,0xE640,hangul_base_code
20,2,스,70 3F,0x3F70,hangul_base_code
20,3,␠,10 12,0x1210,punct_space_base_code
20,4,␠,10 12,0x1210,punct_space_base_code
20,5,␠,10 12,0x1210,punct_space_base_code
20,6,␠,10 12,0x1210,punct_space_base_code
20,7,␠,10 12,0x1210,punct_space_base_code
20,8,요,F0 C7,0xC7F0,hangul_base_code
20,9,시,C0 3F,0x3FC0,hangul_base_code
20,10,미,50 39,0x3950,hangul_base_code
20,11,네,90 25,0x2590,hangul_base_code
20,12,␠,10 12,0x1210,punct_space_base_code
20,13,토,D0 E6,0xE6D0,hangul_base_code
20,14,요,F0 C7,0xC7F0,hangul_base_code
20,15,히,60 E5,0xE560,hangul_base_code
20,16,코,10 E2,0xE210,hangul_base_code
20,17,␠,10 12,0x1210,punct_space_base_code
20,18,␠,10 12,0x1210,punct_space_base_code
20,19,␠,10 12,0x1210,punct_space_base_code
20,20,␠,10 12,0x1210,punct_space_base_code
20,21,␠,10 12,0x1210,punct_space_base_code
20,22,␠,10 12,0x1210,punct_space_base_code
20,23,␠,10 12,0x1210,punct_space_base_code
20,24,␠,10 12,0x1210,punct_space_base_code
20,25,␠,10 12,0x1210,punct_space_base_code
20,26,␠,10 12,0x1210,punct_space_base_code
20,27,␠,10 12,0x1210,punct_space_base_code
20,28,기,B0 21,0x21B0,hangul_base_code
20,29,쿠,90 E6,0xE690,hangul_base_code
20,30,치,A0 E1,0xE1A0,hangul_base_code
20,31,␠,10 12,0x1210,punct_space_base_code
20,32,␠,10 12,0x1210,punct_space_base_code
20,33,에,40 9F,0x9F40,hangul_base_code
20,34,이,90 DE,0xDE90,hangul_base_code
20,35,지,10 E0,0xE010,hangul_base_code
20,36,␠,10 12,0x1210,punct_space_base_code
20,37,␠,10 12,0x1210,punct_space_base_code
20,38,␠,10 12,0x1210,punct_space_base_code
20,39,␠,10 12,0x1210,punct_space_base_code
20,40,␠,10 12,0x1210,punct_space_base_code
20,41,␠,10 12,0x1210,punct_space_base_code
20,42,␠,10 12,0x1210,punct_space_base_code
20,43,␠,10 12,0x1210,punct_space_base_code
20,44,␠,10 12,0x1210,punct_space_base_code
20,45,␠,10 12,0x1210,punct_space_base_code
20,46,␠,10 12,0x1210,punct_space_base_code
20,47,␠,10 12,0x1210,punct_space_base_code
20,48,미,50 39,0x3950,hangul_base_code
20,49,나,B0 24,0x24B0,hangul_base_code
20,50,미,50 39,0x3950,hangul_base_code
20,51,야,00 6C,0x6C00,hangul_base_code
20,52,␠,10 12,0x1210,punct_space_base_code
20,53,타,20 E2,0xE220,hangul_base_code
20,54,케,00 E2,0xE200,hangul_base_code
20,55,히,60 E5,0xE560,hangul_base_code
20,56,로,D0 31,0x31D0,hangul_base_code
20,57,␠,10 12,0x1210,punct_space_base_code
20,58,␠,10 12,0x1210,punct_space_base_code
20,59,␠,10 12,0x1210,punct_space_base_code
20,60,␠,10 12,0x1210,punct_space_base_code
20,61,␠,10 12,0x1210,punct_space_base_code
20,62,␠,10 12,0x1210,punct_space_base_code
20,63,␠,10 12,0x1210,punct_space_base_code
20,64,␠,10 12,0x1210,punct_space_base_code
20,65,␠,10 12,0x1210,punct_space_base_code
20,66,␠,10 12,0x1210,punct_space_base_code
20,67,␠,10 12,0x1210,punct_space_base_code
20,68,호,50 E4,0xE450,hangul_base_code
20,69,사,E0 3C,0x3CE0,hangul_base_code
20,70,카,80 E6,0xE680,hangul_base_code
20,71,␠,10 12,0x1210,punct_space_base_code
20,72,␠,10 12,0x1210,punct_space_base_code
20,73,토,D0 E6,0xE6D0,hangul_base_code
20,74,오,B0 9F,0x9FB0,hangul_base_code
20,75,루,00 E6,0xE600,hangul_base_code
20,76,␠,10 12,0x1210,punct_space_base_code
20,77,␠,10 12,0x1210,punct_space_base_code
20,78,␠,10 12,0x1210,punct_space_base_code
20,79,␠,10 12,0x1210,punct_space_base_code
20,80,␠,10 12,0x1210,punct_space_base_code
20,81,␠,10 12,0x1210,punct_space_base_code
20,82,␠,10 12,0x1210,punct_space_base_code
20,83,␠,10 12,0x1210,punct_space_base_code
20,84,␠,10 12,0x1210,punct_space_base_code
20,85,␠,10 12,0x1210,punct_space_base_code
20,86,␠,10 12,0x1210,punct_space_base_code
20,87,␠,10 12,0x1210,punct_space_base_code
20,88,이,90 DE,0xDE90,hangul_base_code
20,89,소,D0 3D,0x3DD0,hangul_base_code
20,90,다,C0 27,0x27C0,hangul_base_code
20,91,␠,10 12,0x1210,punct_space_base_code
20,92,␠,10 12,0x1210,punct_space_base_code
20,93,코,10 E2,0xE210,hangul_base_code
20,94,우,F0 CD,0xCDF0,hangul_base_code
20,95,지,10 E0,0xE010,hangul_base_code
20,96,␠,10 12,0x1210,punct_space_base_code
20,97,␠,10 12,0x1210,punct_space_base_code
20,98,␠,10 12,0x1210,punct_space_base_code
20,99,␠,10 12,0x1210,punct_space_base_code
20,END,␃,0F,0x000F,segment_end
21,0,␠,10 12,0x1210,punct_space_base_code
21,1,제,F0 E3,0xE3F0,hangul_base_code
21,2,작,10 DF,0xDF10,hangul_base_code
21,3,협,10 E7,0xE710,hangul_base_code
21,4,력,E0 E5,0xE5E0,hangul_base_code
21,5,␠,10 12,0x1210,punct_space_base_code
21,6,␠,10 12,0x1210,punct_space_base_code
21,7,␠,10 12,0x1210,punct_space_base_code
21,8,후,C0 E4,0xE4C0,hangul_base_code
21,9,쿠,90 E6,0xE690,hangul_base_code
21,10,시,C0 3F,0x3FC0,hangul_base_code
21,11,마,B0 34,0x34B0,hangul_base_code
21,12,␠,10 12,0x1210,punct_space_base_code
21,13,지,10 E0,0xE010,hangul_base_code
21,14,로,D0 31,0x31D0,hangul_base_code
21,15,␠,10 12,0x1210,punct_space_base_code
21,16,␠,10 12,0x1210,punct_space_base_code
21,17,␠,10 12,0x1210,punct_space_base_code
21,18,␠,10 12,0x1210,punct_space_base_code
21,19,␠,10 12,0x1210,punct_space_base_code
21,20,␠,10 12,0x1210,punct_space_base_code
21,21,␠,10 12,0x1210,punct_space_base_code
21,22,␠,10 12,0x1210,punct_space_base_code
21,23,␠,10 12,0x1210,punct_space_base_code
21,24,␠,10 12,0x1210,punct_space_base_code
21,25,␠,10 12,0x1210,punct_space_base_code
21,26,␠,10 12,0x1210,punct_space_base_code
21,27,␠,10 12,0x1210,punct_space_base_code
21,28,후,C0 E4,0xE4C0,hangul_base_code
21,29,쿠,90 E6,0xE690,hangul_base_code
21,30,시,C0 3F,0x3FC0,hangul_base_code
21,31,마,B0 34,0x34B0,hangul_base_code
21,32,␠,10 12,0x1210,punct_space_base_code
21,33,카,80 E6,0xE680,hangul_base_code
21,34,즈,50 E6,0xE650,hangul_base_code
21,35,유,20 DE,0xDE20,hangul_base_code
21,36,키,A0 E6,0xE6A0,hangul_base_code
21,37,␠,10 12,0x1210,punct_space_base_code
21,38,␠,10 12,0x1210,punct_space_base_code
21,39,␠,10 12,0x1210,punct_space_base_code
21,40,␠,10 12,0x1210,punct_space_base_code
21,41,␠,10 12,0x1210,punct_space_base_code
21,42,␠,10 12,0x1210,punct_space_base_code
21,43,␠,10 12,0x1210,punct_space_base_code
21,44,␠,10 12,0x1210,punct_space_base_code
21,45,␠,10 12,0x1210,punct_space_base_code
21,46,␠,10 12,0x1210,punct_space_base_code
21,47,␠,10 12,0x1210,punct_space_base_code
21,48,후,C0 E4,0xE4C0,hangul_base_code
21,49,쿠,90 E6,0xE690,hangul_base_code
21,50,시,C0 3F,0x3FC0,hangul_base_code
21,51,마,B0 34,0x34B0,hangul_base_code
21,52,␠,10 12,0x1210,punct_space_base_code
21,53,유,20 DE,0xDE20,hangul_base_code
21,54,지,10 E0,0xE010,hangul_base_code
21,55,␠,10 12,0x1210,punct_space_base_code
21,56,␠,10 12,0x1210,punct_space_base_code
21,57,␠,10 12,0x1210,punct_space_base_code
21,58,␠,10 12,0x1210,punct_space_base_code
21,59,␠,10 12,0x1210,punct_space_base_code
21,60,␠,10 12,0x1210,punct_space_base_code
21,61,␠,10 12,0x1210,punct_space_base_code
21,62,␠,10 12,0x1210,punct_space_base_code
21,63,␠,10 12,0x1210,punct_space_base_code
21,64,␠,10 12,0x1210,punct_space_base_code
21,65,␠,10 12,0x1210,punct_space_base_code
21,66,␠,10 12,0x1210,punct_space_base_code
21,67,␠,10 12,0x1210,punct_space_base_code
21,68,이,90 DE,0xDE90,hangul_base_code
21,69,토,D0 E6,0xE6D0,hangul_base_code
21,70,␠,10 12,0x1210,punct_space_base_code
21,71,␠,10 12,0x1210,punct_space_base_code
21,72,␠,10 12,0x1210,punct_space_base_code
21,73,지,10 E0,0xE010,hangul_base_code
21,74,로,D0 31,0x31D0,hangul_base_code
21,75,␠,10 12,0x1210,punct_space_base_code
21,76,␠,10 12,0x1210,punct_space_base_code
21,77,␠,10 12,0x1210,punct_space_base_code
21,78,␠,10 12,0x1210,punct_space_base_code
21,79,␠,10 12,0x1210,punct_space_base_code
21,80,␠,10 12,0x1210,punct_space_base_code
21,81,␠,10 12,0x1210,punct_space_base_code
21,82,␠,10 12,0x1210,punct_space_base_code
21,83,␠,10 12,0x1210,punct_space_base_code
21,84,␠,10 12,0x1210,punct_space_base_code
21,85,␠,10 12,0x1210,punct_space_base_code
21,86,␠,10 12,0x1210,punct_space_base_code
21,87,␠,10 12,0x1210,punct_space_base_code
21,88,다,C0 27,0x27C0,hangul_base_code
21,89,테,60 E2,0xE260,hangul_base_code
21,90,␠,10 12,0x1210,punct_space_base_code
21,91,␠,10 12,0x1210,punct_space_base_code
21,92,␠,10 12,0x1210,punct_space_base_code
21,93,나,B0 24,0x24B0,hangul_base_code
21,94,오,B0 9F,0x9FB0,hangul_base_code
21,95,히,60 E5,0xE560,hangul_base_code
21,96,코,10 E2,0xE210,hangul_base_code
21,97,␠,10 12,0x1210,punct_space_base_code
21,98,␠,10 12,0x1210,punct_space_base_code
21,99,␠,10 12,0x1210,punct_space_base_code
21,100,␠,10 12,0x1210,punct_space_base_code
21,101,␠,10 12,0x1210,punct_space_base_code
21,102,␠,10 12,0x1210,punct_space_base_code
21,103,␠,10 12,0x1210,punct_space_base_code
21,104,␠,10 12,0x1210,punct_space_base_code
21,105,␠,10 12,0x1210,punct_space_base_code
21,106,␠,10 12,0x1210,punct_space_base_code
21,107,␠,10 12,0x1210,punct_space_base_code
21,108,후,C0 E4,0xE4C0,hangul_base_code
21,109,쿠,90 E6,0xE690,hangul_base_code
21,110,시,C0 3F,0x3FC0,hangul_base_code
21,111,마,B0 34,0x34B0,hangul_base_code
21,112,␠,10 12,0x1210,punct_space_base_code
21,113,타,20 E2,0xE220,hangul_base_code
21,114,카,80 E6,0xE680,hangul_base_code
21,115,시,C0 3F,0x3FC0,hangul_base_code
21,116,␠,10 12,0x1210,punct_space_base_code
21,117,␠,10 12,0x1210,punct_space_base_code
21,118,␠,10 12,0x1210,punct_space_base_code
21,119,␠,10 12,0x1210,punct_space_base_code
21,120,␠,10 12,0x1210,punct_space_base_code
21,121,␠,10 12,0x1210,punct_space_base_code
21,122,␠,10 12,0x1210,punct_space_base_code
21,123,␠,10 12,0x1210,punct_space_base_code
21,124,␠,10 12,0x1210,punct_space_base_code
21,125,␠,10 12,0x1210,punct_space_base_code
21,126,␠,10 12,0x1210,punct_space_base_code
21,127,␠,10 12,0x1210,punct_space_base_code
21,128,카,80 E6,0xE680,hangul_base_code
21,129,자,00 DF,0xDF00,hangul_base_code
21,130,와,E0 9F,0x9FE0,hangul_base_code
21,131,␠,10 12,0x1210,punct_space_base_code
21,132,␠,10 12,0x1210,punct_space_base_code
21,133,토,D0 E6,0xE6D0,hangul_base_code
21,134,모,A0 35,0x35A0,hangul_base_code
21,135,코,10 E2,0xE210,hangul_base_code
21,136,␠,10 12,0x1210,punct_space_base_code
21,137,␠,10 12,0x1210,punct_space_base_code
21,138,␠,10 12,0x1210,punct_space_base_code
21,139,␠,10 12,0x1210,punct_space_base_code
21,140,␠,10 12,0x1210,punct_space_base_code
21,141,␠,10 12,0x1210,punct_space_base_code
21,142,␠,10 12,0x1210,punct_space_base_code
21,143,␠,10 12,0x1210,punct_space_base_code
21,144,␠,10 12,0x1210,punct_space_base_code
21,145,␠,10 12,0x1210,punct_space_base_code
21,146,␠,10 12,0x1210,punct_space_base_code
21,147,␠,10 12,0x1210,punct_space_base_code
21,148,에,40 9F,0x9F40,hangul_base_code
21,149,치,A0 E1,0xE1A0,hangul_base_code
21,150,고,80 20,0x2080,hangul_base_code
21,151,␠,10 12,0x1210,punct_space_base_code
21,152,␠,10 12,0x1210,punct_space_base_code
21,153,타,20 E2,0xE220,hangul_base_code
21,154,마,B0 34,0x34B0,hangul_base_code
21,155,호,50 E4,0xE450,hangul_base_code
21,156,␠,10 12,0x1210,punct_space_base_code
21,157,␠,10 12,0x1210,punct_space_base_code
21,158,␠,10 12,0x1210,punct_space_base_code
21,159,␠,10 12,0x1210,punct_space_base_code
21,160,␠,10 12,0x1210,punct_space_base_code
21,161,␠,10 12,0x1210,punct_space_base_code
21,162,␠,10 12,0x1210,punct_space_base_code
21,163,␠,10 12,0x1210,punct_space_base_code
21,164,␠,10 12,0x1210,punct_space_base_code
21,165,␠,10 12,0x1210,punct_space_base_code
21,166,␠,10 12,0x1210,punct_space_base_code
21,167,␠,10 12,0x1210,punct_space_base_code
21,168,와,E0 9F,0x9FE0,hangul_base_code
21,169,타,20 E2,0xE220,hangul_base_code
21,170,나,B0 24,0x24B0,hangul_base_code
21,171,베,90 3B,0x3B90,hangul_base_code
21,172,␠,10 12,0x1210,punct_space_base_code
21,173,나,B0 24,0x24B0,hangul_base_code
21,174,오,B0 9F,0x9FB0,hangul_base_code
21,175,미,50 39,0x3950,hangul_base_code
21,176,␠,10 12,0x1210,punct_space_base_code
21,177,␠,10 12,0x1210,punct_space_base_code
21,178,␠,10 12,0x1210,punct_space_base_code
21,179,␠,10 12,0x1210,punct_space_base_code
21,END,␃,0F,0x000F,segment_end
22,0,제,F0 E3,0xE3F0,hangul_base_code
22,1,작,10 DF,0xDF10,hangul_base_code
22,2,총,60 E6,0xE660,hangul_base_code
22,3,괄,A0 E5,0xE5A0,hangul_base_code
22,4,␠,10 12,0x1210,punct_space_base_code
22,5,␠,10 12,0x1210,punct_space_base_code
22,6,하,50 E3,0xE350,hangul_base_code
22,7,야,00 6C,0x6C00,hangul_base_code
22,8,시,C0 3F,0x3FC0,hangul_base_code
22,9,␠,10 12,0x1210,punct_space_base_code
22,10,␠,10 12,0x1210,punct_space_base_code
22,11,히,60 E5,0xE560,hangul_base_code
22,12,로,D0 31,0x31D0,hangul_base_code
22,13,키,A0 E6,0xE6A0,hangul_base_code
22,END,␃,0F,0x000F,segment_end
23,0,제,F0 E3,0xE3F0,hangul_base_code
23,1,작,10 DF,0xDF10,hangul_base_code
23,2,␠,10 12,0x1210,punct_space_base_code
23,3,␠,10 12,0x1210,punct_space_base_code
23,4,␠,10 12,0x1210,punct_space_base_code
23,5,␠,10 12,0x1210,punct_space_base_code
23,6,W,70 27,0x2770,original_audit_base_code
23,7,O,F0 26,0x26F0,original_audit_base_code
23,8,L,C0 26,0x26C0,original_audit_base_code
23,9,F,60 26,0x2660,original_audit_base_code
23,10,␠,10 12,0x1210,punct_space_base_code
23,11,T,40 27,0x2740,original_audit_base_code
23,12,E,50 26,0x2650,original_audit_base_code
23,13,A,10 26,0x2610,original_audit_base_code
23,14,M,D0 26,0x26D0,original_audit_base_code
23,END,␃,0F,0x000F,segment_end
24,0,제,F0 E3,0xE3F0,hangul_base_code
24,1,작,10 DF,0xDF10,hangul_base_code
24,2,・,60 12,0x1260,punct_space_base_code
24,3,배,E0 39,0x39E0,hangul_base_code
24,4,급,90 21,0x2190,hangul_base_code
24,5,␠,10 12,0x1210,punct_space_base_code
24,6,일,B0 DE,0xDEB0,hangul_base_code
24,7,본,C0 3B,0x3BC0,hangul_base_code
24,8,␠,10 12,0x1210,punct_space_base_code
24,9,텔,B0 E6,0xE6B0,hangul_base_code
24,10,레,A0 31,0x31A0,hangul_base_code
24,11,넷,B0 E5,0xE5B0,hangul_base_code
24,12,␠,10 12,0x1210,punct_space_base_code
24,13,␠,10 12,0x1210,punct_space_base_code
24,14,␠,10 12,0x1210,punct_space_base_code
24,15,␠,10 12,0x1210,punct_space_base_code
24,16,␠,10 12,0x1210,punct_space_base_code
24,17,␠,10 12,0x1210,punct_space_base_code
24,18,␠,10 12,0x1210,punct_space_base_code
24,19,␠,10 12,0x1210,punct_space_base_code
24,20,한,70 E3,0xE370,hangul_base_code
24,21,글,60 E7,0xE760,hangul_base_code
24,22,화,80 E4,0xE480,hangul_base_code
24,23,␠,10 12,0x1210,punct_space_base_code
24,24,␠,10 12,0x1210,punct_space_base_code
24,25,␠,10 12,0x1210,punct_space_base_code
24,26,로,D0 31,0x31D0,hangul_base_code
24,27,솔,40 E7,0xE740,hangul_base_code
24,28,・,60 12,0x1260,punct_space_base_code
24,29,자,00 DF,0xDF00,hangul_base_code
24,30,외,50 E7,0xE750,hangul_base_code
24,31,선,70 3D,0x3D70,hangul_base_code
24,END,␃,0F,0x000F,segment_end
